19 1 1 7078.1363 1e-05 0.959931088596881 0.00436332312998582 0 0
19 1 2 7078.1363 1e-05 0.959931088596881 0.00436332312998582 0 0.196349540849362
19 1 3 7078.1363 1e-05 0.959931088596881 0.00436332312998582 0 0.392699081698724
19 1 4 7078.1363 1e-05 0.959931088596881 0.00436332312998582 0 0.589048622548086
19 1 5 7078.1363 1e-05 0.959931088596881 0.00436332312998582 0 0.785398163397448
19 1 6 7078.1363 1e-05 0.959931088596881 0.00436332312998582 0 0.98174770424681
19 1 7 7078.1363 1e-05 0.959931088596881 0.00436332312998582 0 1.17809724509617
19 1 8 7078.1363 1e-05 0.959931088596881 0.00436332312998582 0 1.37444678594553
19 1 9 7078.1363 1e-05 0.959931088596881 0.00436332312998582 0 1.5707963267949
19 1 10 7078.1363 1e-05 0.959931088596881 0.00436332312998582 0 1.76714586764426
19 1 11 7078.1363 1e-05 0.959931088596881 0.00436332312998582 0 1.96349540849362
19 1 12 7078.1363 1e-05 0.959931088596881 0.00436332312998582 0 2.15984494934298
19 1 13 7078.1363 1e-05 0.959931088596881 0.00436332312998582 0 2.35619449019234
19 1 14 7078.1363 1e-05 0.959931088596881 0.00436332312998582 0 2.55254403104171
19 1 15 7078.1363 1e-05 0.959931088596881 0.00436332312998582 0 2.74889357189107
19 1 16 7078.1363 1e-05 0.959931088596881 0.00436332312998582 0 2.94524311274043
19 1 17 7078.1363 1e-05 0.959931088596881 0.00436332312998582 0 3.14159265358979
19 1 18 7078.1363 1e-05 0.959931088596881 0.00436332312998582 0 3.33794219443916
19 1 19 7078.1363 1e-05 0.959931088596881 0.00436332312998582 0 3.53429173528852
19 1 20 7078.1363 1e-05 0.959931088596881 0.00436332312998582 0 3.73064127613788
19 1 21 7078.1363 1e-05 0.959931088596881 0.00436332312998582 0 3.92699081698724
19 1 22 7078.1363 1e-05 0.959931088596881 0.00436332312998582 0 4.1233403578366
19 1 23 7078.1363 1e-05 0.959931088596881 0.00436332312998582 0 4.31968989868597
19 1 24 7078.1363 1e-05 0.959931088596881 0.00436332312998582 0 4.51603943953533
19 1 25 7078.1363 1e-05 0.959931088596881 0.00436332312998582 0 4.71238898038469
19 1 26 7078.1363 1e-05 0.959931088596881 0.00436332312998582 0 4.90873852123405
19 1 27 7078.1363 1e-05 0.959931088596881 0.00436332312998582 0 5.10508806208341
19 1 28 7078.1363 1e-05 0.959931088596881 0.00436332312998582 0 5.30143760293278
19 1 29 7078.1363 1e-05 0.959931088596881 0.00436332312998582 0 5.49778714378214
19 1 30 7078.1363 1e-05 0.959931088596881 0.00436332312998582 0 5.6941366846315
19 1 31 7078.1363 1e-05 0.959931088596881 0.00436332312998582 0 5.89048622548086
19 1 32 7078.1363 1e-05 0.959931088596881 0.00436332312998582 0 6.08683576633022
12 1 1 6863.1363 1e-05 0.959931088596881 0.0174532925199433 0 0
12 1 2 6863.1363 1e-05 0.959931088596881 0.0174532925199433 0 0.179519580205131
12 1 3 6863.1363 1e-05 0.959931088596881 0.0174532925199433 0 0.359039160410262
12 1 4 6863.1363 1e-05 0.959931088596881 0.0174532925199433 0 0.538558740615393
12 1 5 6863.1363 1e-05 0.959931088596881 0.0174532925199433 0 0.718078320820524
12 1 6 6863.1363 1e-05 0.959931088596881 0.0174532925199433 0 0.897597901025655
12 1 7 6863.1363 1e-05 0.959931088596881 0.0174532925199433 0 1.07711748123079
12 1 8 6863.1363 1e-05 0.959931088596881 0.0174532925199433 0 1.25663706143592
12 1 9 6863.1363 1e-05 0.959931088596881 0.0174532925199433 0 1.43615664164105
12 1 10 6863.1363 1e-05 0.959931088596881 0.0174532925199433 0 1.61567622184618
12 1 11 6863.1363 1e-05 0.959931088596881 0.0174532925199433 0 1.79519580205131
12 1 12 6863.1363 1e-05 0.959931088596881 0.0174532925199433 0 1.97471538225644
12 1 13 6863.1363 1e-05 0.959931088596881 0.0174532925199433 0 2.15423496246157
12 1 14 6863.1363 1e-05 0.959931088596881 0.0174532925199433 0 2.3337545426667
12 1 15 6863.1363 1e-05 0.959931088596881 0.0174532925199433 0 2.51327412287183
12 1 16 6863.1363 1e-05 0.959931088596881 0.0174532925199433 0 2.69279370307697
12 1 17 6863.1363 1e-05 0.959931088596881 0.0174532925199433 0 2.8723132832821
12 1 18 6863.1363 1e-05 0.959931088596881 0.0174532925199433 0 3.05183286348723
12 1 19 6863.1363 1e-05 0.959931088596881 0.0174532925199433 0 3.23135244369236
12 1 20 6863.1363 1e-05 0.959931088596881 0.0174532925199433 0 3.41087202389749
12 1 21 6863.1363 1e-05 0.959931088596881 0.0174532925199433 0 3.59039160410262
12 1 22 6863.1363 1e-05 0.959931088596881 0.0174532925199433 0 3.76991118430775
12 1 23 6863.1363 1e-05 0.959931088596881 0.0174532925199433 0 3.94943076451288
12 1 24 6863.1363 1e-05 0.959931088596881 0.0174532925199433 0 4.12895034471801
12 1 25 6863.1363 1e-05 0.959931088596881 0.0174532925199433 0 4.30846992492314
12 1 26 6863.1363 1e-05 0.959931088596881 0.0174532925199433 0 4.48798950512828
12 1 27 6863.1363 1e-05 0.959931088596881 0.0174532925199433 0 4.66750908533341
12 1 28 6863.1363 1e-05 0.959931088596881 0.0174532925199433 0 4.84702866553854
12 1 29 6863.1363 1e-05 0.959931088596881 0.0174532925199433 0 5.02654824574367
12 1 30 6863.1363 1e-05 0.959931088596881 0.0174532925199433 0 5.2060678259488
12 1 31 6863.1363 1e-05 0.959931088596881 0.0174532925199433 0 5.38558740615393
12 1 32 6863.1363 1e-05 0.959931088596881 0.0174532925199433 0 5.56510698635906
12 1 33 6863.1363 1e-05 0.959931088596881 0.0174532925199433 0 5.74462656656419
12 1 34 6863.1363 1e-05 0.959931088596881 0.0174532925199433 0 5.92414614676932
12 1 35 6863.1363 1e-05 0.959931088596881 0.0174532925199433 0 6.10366572697446
16 1 1 6853.1363 1e-05 0.959931088596881 0.0261799387799149 0 0
16 1 2 6853.1363 1e-05 0.959931088596881 0.0261799387799149 0 0.125663706143592
16 1 3 6853.1363 1e-05 0.959931088596881 0.0261799387799149 0 0.251327412287183
16 1 4 6853.1363 1e-05 0.959931088596881 0.0261799387799149 0 0.376991118430775
16 1 5 6853.1363 1e-05 0.959931088596881 0.0261799387799149 0 0.502654824574367
16 1 6 6853.1363 1e-05 0.959931088596881 0.0261799387799149 0 0.628318530717959
16 1 7 6853.1363 1e-05 0.959931088596881 0.0261799387799149 0 0.75398223686155
16 1 8 6853.1363 1e-05 0.959931088596881 0.0261799387799149 0 0.879645943005142
16 1 9 6853.1363 1e-05 0.959931088596881 0.0261799387799149 0 1.00530964914873
16 1 10 6853.1363 1e-05 0.959931088596881 0.0261799387799149 0 1.13097335529233
16 1 11 6853.1363 1e-05 0.959931088596881 0.0261799387799149 0 1.25663706143592
16 1 12 6853.1363 1e-05 0.959931088596881 0.0261799387799149 0 1.38230076757951
16 1 13 6853.1363 1e-05 0.959931088596881 0.0261799387799149 0 1.5079644737231
16 1 14 6853.1363 1e-05 0.959931088596881 0.0261799387799149 0 1.63362817986669
16 1 15 6853.1363 1e-05 0.959931088596881 0.0261799387799149 0 1.75929188601028
16 1 16 6853.1363 1e-05 0.959931088596881 0.0261799387799149 0 1.88495559215388
16 1 17 6853.1363 1e-05 0.959931088596881 0.0261799387799149 0 2.01061929829747
16 1 18 6853.1363 1e-05 0.959931088596881 0.0261799387799149 0 2.13628300444106
16 1 19 6853.1363 1e-05 0.959931088596881 0.0261799387799149 0 2.26194671058465
16 1 20 6853.1363 1e-05 0.959931088596881 0.0261799387799149 0 2.38761041672824
16 1 21 6853.1363 1e-05 0.959931088596881 0.0261799387799149 0 2.51327412287183
16 1 22 6853.1363 1e-05 0.959931088596881 0.0261799387799149 0 2.63893782901543
16 1 23 6853.1363 1e-05 0.959931088596881 0.0261799387799149 0 2.76460153515902
16 1 24 6853.1363 1e-05 0.959931088596881 0.0261799387799149 0 2.89026524130261
16 1 25 6853.1363 1e-05 0.959931088596881 0.0261799387799149 0 3.0159289474462
16 1 26 6853.1363 1e-05 0.959931088596881 0.0261799387799149 0 3.14159265358979
16 1 27 6853.1363 1e-05 0.959931088596881 0.0261799387799149 0 3.26725635973339
16 1 28 6853.1363 1e-05 0.959931088596881 0.0261799387799149 0 3.39292006587698
16 1 29 6853.1363 1e-05 0.959931088596881 0.0261799387799149 0 3.51858377202057
16 1 30 6853.1363 1e-05 0.959931088596881 0.0261799387799149 0 3.64424747816416
16 1 31 6853.1363 1e-05 0.959931088596881 0.0261799387799149 0 3.76991118430775
16 1 32 6853.1363 1e-05 0.959931088596881 0.0261799387799149 0 3.89557489045134
16 1 33 6853.1363 1e-05 0.959931088596881 0.0261799387799149 0 4.02123859659494
16 1 34 6853.1363 1e-05 0.959931088596881 0.0261799387799149 0 4.14690230273853
16 1 35 6853.1363 1e-05 0.959931088596881 0.0261799387799149 0 4.27256600888212
16 1 36 6853.1363 1e-05 0.959931088596881 0.0261799387799149 0 4.39822971502571
16 1 37 6853.1363 1e-05 0.959931088596881 0.0261799387799149 0 4.5238934211693
16 1 38 6853.1363 1e-05 0.959931088596881 0.0261799387799149 0 4.64955712731289
16 1 39 6853.1363 1e-05 0.959931088596881 0.0261799387799149 0 4.77522083345649
16 1 40 6853.1363 1e-05 0.959931088596881 0.0261799387799149 0 4.90088453960008
16 1 41 6853.1363 1e-05 0.959931088596881 0.0261799387799149 0 5.02654824574367
16 1 42 6853.1363 1e-05 0.959931088596881 0.0261799387799149 0 5.15221195188726
16 1 43 6853.1363 1e-05 0.959931088596881 0.0261799387799149 0 5.27787565803085
16 1 44 6853.1363 1e-05 0.959931088596881 0.0261799387799149 0 5.40353936417444
16 1 45 6853.1363 1e-05 0.959931088596881 0.0261799387799149 0 5.52920307031804
16 1 46 6853.1363 1e-05 0.959931088596881 0.0261799387799149 0 5.65486677646163
16 1 47 6853.1363 1e-05 0.959931088596881 0.0261799387799149 0 5.78053048260522
16 1 48 6853.1363 1e-05 0.959931088596881 0.0261799387799149 0 5.90619418874881
16 1 49 6853.1363 1e-05 0.959931088596881 0.0261799387799149 0 6.0318578948924
16 1 50 6853.1363 1e-05 0.959931088596881 0.0261799387799149 0 6.157521601036
13 1 1 6978.1363 1e-05 0.959931088596881 0.0349065850398866 0 0
13 1 2 6978.1363 1e-05 0.959931088596881 0.0349065850398866 0 0.20943951023932
13 1 3 6978.1363 1e-05 0.959931088596881 0.0349065850398866 0 0.418879020478639
13 1 4 6978.1363 1e-05 0.959931088596881 0.0349065850398866 0 0.628318530717959
13 1 5 6978.1363 1e-05 0.959931088596881 0.0349065850398866 0 0.837758040957278
13 1 6 6978.1363 1e-05 0.959931088596881 0.0349065850398866 0 1.0471975511966
13 1 7 6978.1363 1e-05 0.959931088596881 0.0349065850398866 0 1.25663706143592
13 1 8 6978.1363 1e-05 0.959931088596881 0.0349065850398866 0 1.46607657167524
13 1 9 6978.1363 1e-05 0.959931088596881 0.0349065850398866 0 1.67551608191456
13 1 10 6978.1363 1e-05 0.959931088596881 0.0349065850398866 0 1.88495559215388
13 1 11 6978.1363 1e-05 0.959931088596881 0.0349065850398866 0 2.0943951023932
13 1 12 6978.1363 1e-05 0.959931088596881 0.0349065850398866 0 2.30383461263251
13 1 13 6978.1363 1e-05 0.959931088596881 0.0349065850398866 0 2.51327412287183
13 1 14 6978.1363 1e-05 0.959931088596881 0.0349065850398866 0 2.72271363311115
13 1 15 6978.1363 1e-05 0.959931088596881 0.0349065850398866 0 2.93215314335047
13 1 16 6978.1363 1e-05 0.959931088596881 0.0349065850398866 0 3.14159265358979
13 1 17 6978.1363 1e-05 0.959931088596881 0.0349065850398866 0 3.35103216382911
13 1 18 6978.1363 1e-05 0.959931088596881 0.0349065850398866 0 3.56047167406843
13 1 19 6978.1363 1e-05 0.959931088596881 0.0349065850398866 0 3.76991118430775
13 1 20 6978.1363 1e-05 0.959931088596881 0.0349065850398866 0 3.97935069454707
13 1 21 6978.1363 1e-05 0.959931088596881 0.0349065850398866 0 4.18879020478639
13 1 22 6978.1363 1e-05 0.959931088596881 0.0349065850398866 0 4.39822971502571
13 1 23 6978.1363 1e-05 0.959931088596881 0.0349065850398866 0 4.60766922526503
13 1 24 6978.1363 1e-05 0.959931088596881 0.0349065850398866 0 4.81710873550435
13 1 25 6978.1363 1e-05 0.959931088596881 0.0349065850398866 0 5.02654824574367
13 1 26 6978.1363 1e-05 0.959931088596881 0.0349065850398866 0 5.23598775598299
13 1 27 6978.1363 1e-05 0.959931088596881 0.0349065850398866 0 5.44542726622231
13 1 28 6978.1363 1e-05 0.959931088596881 0.0349065850398866 0 5.65486677646163
13 1 29 6978.1363 1e-05 0.959931088596881 0.0349065850398866 0 5.86430628670095
13 1 30 6978.1363 1e-05 0.959931088596881 0.0349065850398866 0 6.07374579694027
19 2 1 7078.1363 1e-05 0.959931088596881 0.116563060758193 0 0.0560998688141034
19 2 2 7078.1363 1e-05 0.959931088596881 0.116563060758193 0 0.252449409663466
19 2 3 7078.1363 1e-05 0.959931088596881 0.116563060758193 0 0.448798950512828
19 2 4 7078.1363 1e-05 0.959931088596881 0.116563060758193 0 0.64514849136219
19 2 5 7078.1363 1e-05 0.959931088596881 0.116563060758193 0 0.841498032211552
19 2 6 7078.1363 1e-05 0.959931088596881 0.116563060758193 0 1.03784757306091
19 2 7 7078.1363 1e-05 0.959931088596881 0.116563060758193 0 1.23419711391028
19 2 8 7078.1363 1e-05 0.959931088596881 0.116563060758193 0 1.43054665475964
19 2 9 7078.1363 1e-05 0.959931088596881 0.116563060758193 0 1.626896195609
19 2 10 7078.1363 1e-05 0.959931088596881 0.116563060758193 0 1.82324573645836
19 2 11 7078.1363 1e-05 0.959931088596881 0.116563060758193 0 2.01959527730772
19 2 12 7078.1363 1e-05 0.959931088596881 0.116563060758193 0 2.21594481815709
19 2 13 7078.1363 1e-05 0.959931088596881 0.116563060758193 0 2.41229435900645
19 2 14 7078.1363 1e-05 0.959931088596881 0.116563060758193 0 2.60864389985581
19 2 15 7078.1363 1e-05 0.959931088596881 0.116563060758193 0 2.80499344070517
19 2 16 7078.1363 1e-05 0.959931088596881 0.116563060758193 0 3.00134298155453
19 2 17 7078.1363 1e-05 0.959931088596881 0.116563060758193 0 3.1976925224039
19 2 18 7078.1363 1e-05 0.959931088596881 0.116563060758193 0 3.39404206325326
19 2 19 7078.1363 1e-05 0.959931088596881 0.116563060758193 0 3.59039160410262
19 2 20 7078.1363 1e-05 0.959931088596881 0.116563060758193 0 3.78674114495198
19 2 21 7078.1363 1e-05 0.959931088596881 0.116563060758193 0 3.98309068580134
19 2 22 7078.1363 1e-05 0.959931088596881 0.116563060758193 0 4.17944022665071
19 2 23 7078.1363 1e-05 0.959931088596881 0.116563060758193 0 4.37578976750007
19 2 24 7078.1363 1e-05 0.959931088596881 0.116563060758193 0 4.57213930834943
19 2 25 7078.1363 1e-05 0.959931088596881 0.116563060758193 0 4.76848884919879
19 2 26 7078.1363 1e-05 0.959931088596881 0.116563060758193 0 4.96483839004816
19 2 27 7078.1363 1e-05 0.959931088596881 0.116563060758193 0 5.16118793089752
19 2 28 7078.1363 1e-05 0.959931088596881 0.116563060758193 0 5.35753747174688
19 2 29 7078.1363 1e-05 0.959931088596881 0.116563060758193 0 5.55388701259624
19 2 30 7078.1363 1e-05 0.959931088596881 0.116563060758193 0 5.7502365534456
19 2 31 7078.1363 1e-05 0.959931088596881 0.116563060758193 0 5.94658609429496
19 2 32 7078.1363 1e-05 0.959931088596881 0.116563060758193 0 6.14293563514433
12 2 1 6863.1363 1e-05 0.959931088596881 0.191986217719376 0 0.0797864800911693
12 2 2 6863.1363 1e-05 0.959931088596881 0.191986217719376 0 0.2593060602963
12 2 3 6863.1363 1e-05 0.959931088596881 0.191986217719376 0 0.438825640501431
12 2 4 6863.1363 1e-05 0.959931088596881 0.191986217719376 0 0.618345220706563
12 2 5 6863.1363 1e-05 0.959931088596881 0.191986217719376 0 0.797864800911694
12 2 6 6863.1363 1e-05 0.959931088596881 0.191986217719376 0 0.977384381116825
12 2 7 6863.1363 1e-05 0.959931088596881 0.191986217719376 0 1.15690396132196
12 2 8 6863.1363 1e-05 0.959931088596881 0.191986217719376 0 1.33642354152709
12 2 9 6863.1363 1e-05 0.959931088596881 0.191986217719376 0 1.51594312173222
12 2 10 6863.1363 1e-05 0.959931088596881 0.191986217719376 0 1.69546270193735
12 2 11 6863.1363 1e-05 0.959931088596881 0.191986217719376 0 1.87498228214248
12 2 12 6863.1363 1e-05 0.959931088596881 0.191986217719376 0 2.05450186234761
12 2 13 6863.1363 1e-05 0.959931088596881 0.191986217719376 0 2.23402144255274
12 2 14 6863.1363 1e-05 0.959931088596881 0.191986217719376 0 2.41354102275787
12 2 15 6863.1363 1e-05 0.959931088596881 0.191986217719376 0 2.593060602963
12 2 16 6863.1363 1e-05 0.959931088596881 0.191986217719376 0 2.77258018316813
12 2 17 6863.1363 1e-05 0.959931088596881 0.191986217719376 0 2.95209976337327
12 2 18 6863.1363 1e-05 0.959931088596881 0.191986217719376 0 3.1316193435784
12 2 19 6863.1363 1e-05 0.959931088596881 0.191986217719376 0 3.31113892378353
12 2 20 6863.1363 1e-05 0.959931088596881 0.191986217719376 0 3.49065850398866
12 2 21 6863.1363 1e-05 0.959931088596881 0.191986217719376 0 3.67017808419379
12 2 22 6863.1363 1e-05 0.959931088596881 0.191986217719376 0 3.84969766439892
12 2 23 6863.1363 1e-05 0.959931088596881 0.191986217719376 0 4.02921724460405
12 2 24 6863.1363 1e-05 0.959931088596881 0.191986217719376 0 4.20873682480918
12 2 25 6863.1363 1e-05 0.959931088596881 0.191986217719376 0 4.38825640501431
12 2 26 6863.1363 1e-05 0.959931088596881 0.191986217719376 0 4.56777598521944
12 2 27 6863.1363 1e-05 0.959931088596881 0.191986217719376 0 4.74729556542458
12 2 28 6863.1363 1e-05 0.959931088596881 0.191986217719376 0 4.92681514562971
12 2 29 6863.1363 1e-05 0.959931088596881 0.191986217719376 0 5.10633472583484
12 2 30 6863.1363 1e-05 0.959931088596881 0.191986217719376 0 5.28585430603997
12 2 31 6863.1363 1e-05 0.959931088596881 0.191986217719376 0 5.4653738862451
12 2 32 6863.1363 1e-05 0.959931088596881 0.191986217719376 0 5.64489346645023
12 2 33 6863.1363 1e-05 0.959931088596881 0.191986217719376 0 5.82441304665536
12 2 34 6863.1363 1e-05 0.959931088596881 0.191986217719376 0 6.00393262686049
12 2 35 6863.1363 1e-05 0.959931088596881 0.191986217719376 0 6.18345220706562
16 2 1 6853.1363 1e-05 0.959931088596881 0.200712863979348 0 0.0872664625997165
16 2 2 6853.1363 1e-05 0.959931088596881 0.200712863979348 0 0.212930168743308
16 2 3 6853.1363 1e-05 0.959931088596881 0.200712863979348 0 0.3385938748869
16 2 4 6853.1363 1e-05 0.959931088596881 0.200712863979348 0 0.464257581030492
16 2 5 6853.1363 1e-05 0.959931088596881 0.200712863979348 0 0.589921287174083
16 2 6 6853.1363 1e-05 0.959931088596881 0.200712863979348 0 0.715584993317675
16 2 7 6853.1363 1e-05 0.959931088596881 0.200712863979348 0 0.841248699461267
16 2 8 6853.1363 1e-05 0.959931088596881 0.200712863979348 0 0.966912405604859
16 2 9 6853.1363 1e-05 0.959931088596881 0.200712863979348 0 1.09257611174845
16 2 10 6853.1363 1e-05 0.959931088596881 0.200712863979348 0 1.21823981789204
16 2 11 6853.1363 1e-05 0.959931088596881 0.200712863979348 0 1.34390352403563
16 2 12 6853.1363 1e-05 0.959931088596881 0.200712863979348 0 1.46956723017923
16 2 13 6853.1363 1e-05 0.959931088596881 0.200712863979348 0 1.59523093632282
16 2 14 6853.1363 1e-05 0.959931088596881 0.200712863979348 0 1.72089464246641
16 2 15 6853.1363 1e-05 0.959931088596881 0.200712863979348 0 1.84655834861
16 2 16 6853.1363 1e-05 0.959931088596881 0.200712863979348 0 1.97222205475359
16 2 17 6853.1363 1e-05 0.959931088596881 0.200712863979348 0 2.09788576089718
16 2 18 6853.1363 1e-05 0.959931088596881 0.200712863979348 0 2.22354946704078
16 2 19 6853.1363 1e-05 0.959931088596881 0.200712863979348 0 2.34921317318437
16 2 20 6853.1363 1e-05 0.959931088596881 0.200712863979348 0 2.47487687932796
16 2 21 6853.1363 1e-05 0.959931088596881 0.200712863979348 0 2.60054058547155
16 2 22 6853.1363 1e-05 0.959931088596881 0.200712863979348 0 2.72620429161514
16 2 23 6853.1363 1e-05 0.959931088596881 0.200712863979348 0 2.85186799775873
16 2 24 6853.1363 1e-05 0.959931088596881 0.200712863979348 0 2.97753170390233
16 2 25 6853.1363 1e-05 0.959931088596881 0.200712863979348 0 3.10319541004592
16 2 26 6853.1363 1e-05 0.959931088596881 0.200712863979348 0 3.22885911618951
16 2 27 6853.1363 1e-05 0.959931088596881 0.200712863979348 0 3.3545228223331
16 2 28 6853.1363 1e-05 0.959931088596881 0.200712863979348 0 3.48018652847669
16 2 29 6853.1363 1e-05 0.959931088596881 0.200712863979348 0 3.60585023462029
16 2 30 6853.1363 1e-05 0.959931088596881 0.200712863979348 0 3.73151394076388
16 2 31 6853.1363 1e-05 0.959931088596881 0.200712863979348 0 3.85717764690747
16 2 32 6853.1363 1e-05 0.959931088596881 0.200712863979348 0 3.98284135305106
16 2 33 6853.1363 1e-05 0.959931088596881 0.200712863979348 0 4.10850505919465
16 2 34 6853.1363 1e-05 0.959931088596881 0.200712863979348 0 4.23416876533824
16 2 35 6853.1363 1e-05 0.959931088596881 0.200712863979348 0 4.35983247148184
16 2 36 6853.1363 1e-05 0.959931088596881 0.200712863979348 0 4.48549617762543
16 2 37 6853.1363 1e-05 0.959931088596881 0.200712863979348 0 4.61115988376902
16 2 38 6853.1363 1e-05 0.959931088596881 0.200712863979348 0 4.73682358991261
16 2 39 6853.1363 1e-05 0.959931088596881 0.200712863979348 0 4.8624872960562
16 2 40 6853.1363 1e-05 0.959931088596881 0.200712863979348 0 4.98815100219979
16 2 41 6853.1363 1e-05 0.959931088596881 0.200712863979348 0 5.11381470834339
16 2 42 6853.1363 1e-05 0.959931088596881 0.200712863979348 0 5.23947841448698
16 2 43 6853.1363 1e-05 0.959931088596881 0.200712863979348 0 5.36514212063057
16 2 44 6853.1363 1e-05 0.959931088596881 0.200712863979348 0 5.49080582677416
16 2 45 6853.1363 1e-05 0.959931088596881 0.200712863979348 0 5.61646953291775
16 2 46 6853.1363 1e-05 0.959931088596881 0.200712863979348 0 5.74213323906134
16 2 47 6853.1363 1e-05 0.959931088596881 0.200712863979348 0 5.86779694520494
16 2 48 6853.1363 1e-05 0.959931088596881 0.200712863979348 0 5.99346065134853
16 2 49 6853.1363 1e-05 0.959931088596881 0.200712863979348 0 6.11912435749212
16 2 50 6853.1363 1e-05 0.959931088596881 0.200712863979348 0 6.24478806363571
19 3 1 7078.1363 1e-05 0.959931088596881 0.2287627983864 0 0.112199737628207
19 3 2 7078.1363 1e-05 0.959931088596881 0.2287627983864 0 0.308549278477569
19 3 3 7078.1363 1e-05 0.959931088596881 0.2287627983864 0 0.504898819326931
19 3 4 7078.1363 1e-05 0.959931088596881 0.2287627983864 0 0.701248360176293
19 3 5 7078.1363 1e-05 0.959931088596881 0.2287627983864 0 0.897597901025655
19 3 6 7078.1363 1e-05 0.959931088596881 0.2287627983864 0 1.09394744187502
19 3 7 7078.1363 1e-05 0.959931088596881 0.2287627983864 0 1.29029698272438
19 3 8 7078.1363 1e-05 0.959931088596881 0.2287627983864 0 1.48664652357374
19 3 9 7078.1363 1e-05 0.959931088596881 0.2287627983864 0 1.6829960644231
19 3 10 7078.1363 1e-05 0.959931088596881 0.2287627983864 0 1.87934560527247
19 3 11 7078.1363 1e-05 0.959931088596881 0.2287627983864 0 2.07569514612183
19 3 12 7078.1363 1e-05 0.959931088596881 0.2287627983864 0 2.27204468697119
19 3 13 7078.1363 1e-05 0.959931088596881 0.2287627983864 0 2.46839422782055
19 3 14 7078.1363 1e-05 0.959931088596881 0.2287627983864 0 2.66474376866991
19 3 15 7078.1363 1e-05 0.959931088596881 0.2287627983864 0 2.86109330951928
19 3 16 7078.1363 1e-05 0.959931088596881 0.2287627983864 0 3.05744285036864
19 3 17 7078.1363 1e-05 0.959931088596881 0.2287627983864 0 3.253792391218
19 3 18 7078.1363 1e-05 0.959931088596881 0.2287627983864 0 3.45014193206736
19 3 19 7078.1363 1e-05 0.959931088596881 0.2287627983864 0 3.64649147291672
19 3 20 7078.1363 1e-05 0.959931088596881 0.2287627983864 0 3.84284101376609
19 3 21 7078.1363 1e-05 0.959931088596881 0.2287627983864 0 4.03919055461545
19 3 22 7078.1363 1e-05 0.959931088596881 0.2287627983864 0 4.23554009546481
19 3 23 7078.1363 1e-05 0.959931088596881 0.2287627983864 0 4.43188963631417
19 3 24 7078.1363 1e-05 0.959931088596881 0.2287627983864 0 4.62823917716353
19 3 25 7078.1363 1e-05 0.959931088596881 0.2287627983864 0 4.8245887180129
19 3 26 7078.1363 1e-05 0.959931088596881 0.2287627983864 0 5.02093825886226
19 3 27 7078.1363 1e-05 0.959931088596881 0.2287627983864 0 5.21728779971162
19 3 28 7078.1363 1e-05 0.959931088596881 0.2287627983864 0 5.41363734056098
19 3 29 7078.1363 1e-05 0.959931088596881 0.2287627983864 0 5.60998688141034
19 3 30 7078.1363 1e-05 0.959931088596881 0.2287627983864 0 5.80633642225971
19 3 31 7078.1363 1e-05 0.959931088596881 0.2287627983864 0 6.00268596310907
19 3 32 7078.1363 1e-05 0.959931088596881 0.2287627983864 0 6.19903550395843
13 2 1 6978.1363 1e-05 0.959931088596881 0.244346095279206 0 0.10471975511966
13 2 2 6978.1363 1e-05 0.959931088596881 0.244346095279206 0 0.314159265358979
13 2 3 6978.1363 1e-05 0.959931088596881 0.244346095279206 0 0.523598775598299
13 2 4 6978.1363 1e-05 0.959931088596881 0.244346095279206 0 0.733038285837618
13 2 5 6978.1363 1e-05 0.959931088596881 0.244346095279206 0 0.942477796076938
13 2 6 6978.1363 1e-05 0.959931088596881 0.244346095279206 0 1.15191730631626
13 2 7 6978.1363 1e-05 0.959931088596881 0.244346095279206 0 1.36135681655558
13 2 8 6978.1363 1e-05 0.959931088596881 0.244346095279206 0 1.5707963267949
13 2 9 6978.1363 1e-05 0.959931088596881 0.244346095279206 0 1.78023583703422
13 2 10 6978.1363 1e-05 0.959931088596881 0.244346095279206 0 1.98967534727354
13 2 11 6978.1363 1e-05 0.959931088596881 0.244346095279206 0 2.19911485751286
13 2 12 6978.1363 1e-05 0.959931088596881 0.244346095279206 0 2.40855436775217
13 2 13 6978.1363 1e-05 0.959931088596881 0.244346095279206 0 2.61799387799149
13 2 14 6978.1363 1e-05 0.959931088596881 0.244346095279206 0 2.82743338823081
13 2 15 6978.1363 1e-05 0.959931088596881 0.244346095279206 0 3.03687289847013
13 2 16 6978.1363 1e-05 0.959931088596881 0.244346095279206 0 3.24631240870945
13 2 17 6978.1363 1e-05 0.959931088596881 0.244346095279206 0 3.45575191894877
13 2 18 6978.1363 1e-05 0.959931088596881 0.244346095279206 0 3.66519142918809
13 2 19 6978.1363 1e-05 0.959931088596881 0.244346095279206 0 3.87463093942741
13 2 20 6978.1363 1e-05 0.959931088596881 0.244346095279206 0 4.08407044966673
13 2 21 6978.1363 1e-05 0.959931088596881 0.244346095279206 0 4.29350995990605
13 2 22 6978.1363 1e-05 0.959931088596881 0.244346095279206 0 4.50294947014537
13 2 23 6978.1363 1e-05 0.959931088596881 0.244346095279206 0 4.71238898038469
13 2 24 6978.1363 1e-05 0.959931088596881 0.244346095279206 0 4.92182849062401
13 2 25 6978.1363 1e-05 0.959931088596881 0.244346095279206 0 5.13126800086333
13 2 26 6978.1363 1e-05 0.959931088596881 0.244346095279206 0 5.34070751110265
13 2 27 6978.1363 1e-05 0.959931088596881 0.244346095279206 0 5.55014702134197
13 2 28 6978.1363 1e-05 0.959931088596881 0.244346095279206 0 5.75958653158129
13 2 29 6978.1363 1e-05 0.959931088596881 0.244346095279206 0 5.96902604182061
13 2 30 6978.1363 1e-05 0.959931088596881 0.244346095279206 0 6.17846555205993
19 4 1 7078.1363 1e-05 0.959931088596881 0.340962536014607 0 0.16829960644231
19 4 2 7078.1363 1e-05 0.959931088596881 0.340962536014607 0 0.364649147291672
19 4 3 7078.1363 1e-05 0.959931088596881 0.340962536014607 0 0.560998688141034
19 4 4 7078.1363 1e-05 0.959931088596881 0.340962536014607 0 0.757348228990397
19 4 5 7078.1363 1e-05 0.959931088596881 0.340962536014607 0 0.953697769839759
19 4 6 7078.1363 1e-05 0.959931088596881 0.340962536014607 0 1.15004731068912
19 4 7 7078.1363 1e-05 0.959931088596881 0.340962536014607 0 1.34639685153848
19 4 8 7078.1363 1e-05 0.959931088596881 0.340962536014607 0 1.54274639238784
19 4 9 7078.1363 1e-05 0.959931088596881 0.340962536014607 0 1.73909593323721
19 4 10 7078.1363 1e-05 0.959931088596881 0.340962536014607 0 1.93544547408657
19 4 11 7078.1363 1e-05 0.959931088596881 0.340962536014607 0 2.13179501493593
19 4 12 7078.1363 1e-05 0.959931088596881 0.340962536014607 0 2.32814455578529
19 4 13 7078.1363 1e-05 0.959931088596881 0.340962536014607 0 2.52449409663466
19 4 14 7078.1363 1e-05 0.959931088596881 0.340962536014607 0 2.72084363748402
19 4 15 7078.1363 1e-05 0.959931088596881 0.340962536014607 0 2.91719317833338
19 4 16 7078.1363 1e-05 0.959931088596881 0.340962536014607 0 3.11354271918274
19 4 17 7078.1363 1e-05 0.959931088596881 0.340962536014607 0 3.3098922600321
19 4 18 7078.1363 1e-05 0.959931088596881 0.340962536014607 0 3.50624180088147
19 4 19 7078.1363 1e-05 0.959931088596881 0.340962536014607 0 3.70259134173083
19 4 20 7078.1363 1e-05 0.959931088596881 0.340962536014607 0 3.89894088258019
19 4 21 7078.1363 1e-05 0.959931088596881 0.340962536014607 0 4.09529042342955
19 4 22 7078.1363 1e-05 0.959931088596881 0.340962536014607 0 4.29163996427891
19 4 23 7078.1363 1e-05 0.959931088596881 0.340962536014607 0 4.48798950512828
19 4 24 7078.1363 1e-05 0.959931088596881 0.340962536014607 0 4.68433904597764
19 4 25 7078.1363 1e-05 0.959931088596881 0.340962536014607 0 4.880688586827
19 4 26 7078.1363 1e-05 0.959931088596881 0.340962536014607 0 5.07703812767636
19 4 27 7078.1363 1e-05 0.959931088596881 0.340962536014607 0 5.27338766852573
19 4 28 7078.1363 1e-05 0.959931088596881 0.340962536014607 0 5.46973720937509
19 4 29 7078.1363 1e-05 0.959931088596881 0.340962536014607 0 5.66608675022445
19 4 30 7078.1363 1e-05 0.959931088596881 0.340962536014607 0 5.86243629107381
19 4 31 7078.1363 1e-05 0.959931088596881 0.340962536014607 0 6.05878583192317
19 4 32 7078.1363 1e-05 0.959931088596881 0.340962536014607 0 6.25513537277253
12 3 1 6863.1363 1e-05 0.959931088596881 0.366519142918809 0 0.159572960182339
12 3 2 6863.1363 1e-05 0.959931088596881 0.366519142918809 0 0.33909254038747
12 3 3 6863.1363 1e-05 0.959931088596881 0.366519142918809 0 0.518612120592601
12 3 4 6863.1363 1e-05 0.959931088596881 0.366519142918809 0 0.698131700797732
12 3 5 6863.1363 1e-05 0.959931088596881 0.366519142918809 0 0.877651281002863
12 3 6 6863.1363 1e-05 0.959931088596881 0.366519142918809 0 1.05717086120799
12 3 7 6863.1363 1e-05 0.959931088596881 0.366519142918809 0 1.23669044141313
12 3 8 6863.1363 1e-05 0.959931088596881 0.366519142918809 0 1.41621002161826
12 3 9 6863.1363 1e-05 0.959931088596881 0.366519142918809 0 1.59572960182339
12 3 10 6863.1363 1e-05 0.959931088596881 0.366519142918809 0 1.77524918202852
12 3 11 6863.1363 1e-05 0.959931088596881 0.366519142918809 0 1.95476876223365
12 3 12 6863.1363 1e-05 0.959931088596881 0.366519142918809 0 2.13428834243878
12 3 13 6863.1363 1e-05 0.959931088596881 0.366519142918809 0 2.31380792264391
12 3 14 6863.1363 1e-05 0.959931088596881 0.366519142918809 0 2.49332750284904
12 3 15 6863.1363 1e-05 0.959931088596881 0.366519142918809 0 2.67284708305417
12 3 16 6863.1363 1e-05 0.959931088596881 0.366519142918809 0 2.8523666632593
12 3 17 6863.1363 1e-05 0.959931088596881 0.366519142918809 0 3.03188624346444
12 3 18 6863.1363 1e-05 0.959931088596881 0.366519142918809 0 3.21140582366957
12 3 19 6863.1363 1e-05 0.959931088596881 0.366519142918809 0 3.3909254038747
12 3 20 6863.1363 1e-05 0.959931088596881 0.366519142918809 0 3.57044498407983
12 3 21 6863.1363 1e-05 0.959931088596881 0.366519142918809 0 3.74996456428496
12 3 22 6863.1363 1e-05 0.959931088596881 0.366519142918809 0 3.92948414449009
12 3 23 6863.1363 1e-05 0.959931088596881 0.366519142918809 0 4.10900372469522
12 3 24 6863.1363 1e-05 0.959931088596881 0.366519142918809 0 4.28852330490035
12 3 25 6863.1363 1e-05 0.959931088596881 0.366519142918809 0 4.46804288510548
12 3 26 6863.1363 1e-05 0.959931088596881 0.366519142918809 0 4.64756246531061
12 3 27 6863.1363 1e-05 0.959931088596881 0.366519142918809 0 4.82708204551575
12 3 28 6863.1363 1e-05 0.959931088596881 0.366519142918809 0 5.00660162572088
12 3 29 6863.1363 1e-05 0.959931088596881 0.366519142918809 0 5.18612120592601
12 3 30 6863.1363 1e-05 0.959931088596881 0.366519142918809 0 5.36564078613114
12 3 31 6863.1363 1e-05 0.959931088596881 0.366519142918809 0 5.54516036633627
12 3 32 6863.1363 1e-05 0.959931088596881 0.366519142918809 0 5.7246799465414
12 3 33 6863.1363 1e-05 0.959931088596881 0.366519142918809 0 5.90419952674653
12 3 34 6863.1363 1e-05 0.959931088596881 0.366519142918809 0 6.08371910695166
12 3 35 6863.1363 1e-05 0.959931088596881 0.366519142918809 0 6.26323868715679
16 3 1 6853.1363 1e-05 0.959931088596881 0.375245789178781 0 0.174532925199433
16 3 2 6853.1363 1e-05 0.959931088596881 0.375245789178781 0 0.300196631343025
16 3 3 6853.1363 1e-05 0.959931088596881 0.375245789178781 0 0.425860337486616
16 3 4 6853.1363 1e-05 0.959931088596881 0.375245789178781 0 0.551524043630208
16 3 5 6853.1363 1e-05 0.959931088596881 0.375245789178781 0 0.6771877497738
16 3 6 6853.1363 1e-05 0.959931088596881 0.375245789178781 0 0.802851455917392
16 3 7 6853.1363 1e-05 0.959931088596881 0.375245789178781 0 0.928515162060983
16 3 8 6853.1363 1e-05 0.959931088596881 0.375245789178781 0 1.05417886820458
16 3 9 6853.1363 1e-05 0.959931088596881 0.375245789178781 0 1.17984257434817
16 3 10 6853.1363 1e-05 0.959931088596881 0.375245789178781 0 1.30550628049176
16 3 11 6853.1363 1e-05 0.959931088596881 0.375245789178781 0 1.43116998663535
16 3 12 6853.1363 1e-05 0.959931088596881 0.375245789178781 0 1.55683369277894
16 3 13 6853.1363 1e-05 0.959931088596881 0.375245789178781 0 1.68249739892253
16 3 14 6853.1363 1e-05 0.959931088596881 0.375245789178781 0 1.80816110506613
16 3 15 6853.1363 1e-05 0.959931088596881 0.375245789178781 0 1.93382481120972
16 3 16 6853.1363 1e-05 0.959931088596881 0.375245789178781 0 2.05948851735331
16 3 17 6853.1363 1e-05 0.959931088596881 0.375245789178781 0 2.1851522234969
16 3 18 6853.1363 1e-05 0.959931088596881 0.375245789178781 0 2.31081592964049
16 3 19 6853.1363 1e-05 0.959931088596881 0.375245789178781 0 2.43647963578408
16 3 20 6853.1363 1e-05 0.959931088596881 0.375245789178781 0 2.56214334192768
16 3 21 6853.1363 1e-05 0.959931088596881 0.375245789178781 0 2.68780704807127
16 3 22 6853.1363 1e-05 0.959931088596881 0.375245789178781 0 2.81347075421486
16 3 23 6853.1363 1e-05 0.959931088596881 0.375245789178781 0 2.93913446035845
16 3 24 6853.1363 1e-05 0.959931088596881 0.375245789178781 0 3.06479816650204
16 3 25 6853.1363 1e-05 0.959931088596881 0.375245789178781 0 3.19046187264563
16 3 26 6853.1363 1e-05 0.959931088596881 0.375245789178781 0 3.31612557878923
16 3 27 6853.1363 1e-05 0.959931088596881 0.375245789178781 0 3.44178928493282
16 3 28 6853.1363 1e-05 0.959931088596881 0.375245789178781 0 3.56745299107641
16 3 29 6853.1363 1e-05 0.959931088596881 0.375245789178781 0 3.69311669722
16 3 30 6853.1363 1e-05 0.959931088596881 0.375245789178781 0 3.81878040336359
16 3 31 6853.1363 1e-05 0.959931088596881 0.375245789178781 0 3.94444410950718
16 3 32 6853.1363 1e-05 0.959931088596881 0.375245789178781 0 4.07010781565078
16 3 33 6853.1363 1e-05 0.959931088596881 0.375245789178781 0 4.19577152179437
16 3 34 6853.1363 1e-05 0.959931088596881 0.375245789178781 0 4.32143522793796
16 3 35 6853.1363 1e-05 0.959931088596881 0.375245789178781 0 4.44709893408155
16 3 36 6853.1363 1e-05 0.959931088596881 0.375245789178781 0 4.57276264022514
16 3 37 6853.1363 1e-05 0.959931088596881 0.375245789178781 0 4.69842634636874
16 3 38 6853.1363 1e-05 0.959931088596881 0.375245789178781 0 4.82409005251233
16 3 39 6853.1363 1e-05 0.959931088596881 0.375245789178781 0 4.94975375865592
16 3 40 6853.1363 1e-05 0.959931088596881 0.375245789178781 0 5.07541746479951
16 3 41 6853.1363 1e-05 0.959931088596881 0.375245789178781 0 5.2010811709431
16 3 42 6853.1363 1e-05 0.959931088596881 0.375245789178781 0 5.32674487708669
16 3 43 6853.1363 1e-05 0.959931088596881 0.375245789178781 0 5.45240858323029
16 3 44 6853.1363 1e-05 0.959931088596881 0.375245789178781 0 5.57807228937388
16 3 45 6853.1363 1e-05 0.959931088596881 0.375245789178781 0 5.70373599551747
16 3 46 6853.1363 1e-05 0.959931088596881 0.375245789178781 0 5.82939970166106
16 3 47 6853.1363 1e-05 0.959931088596881 0.375245789178781 0 5.95506340780465
16 3 48 6853.1363 1e-05 0.959931088596881 0.375245789178781 0 6.08072711394824
16 3 49 6853.1363 1e-05 0.959931088596881 0.375245789178781 0 6.20639082009184
16 3 50 6853.1363 1e-05 0.959931088596881 0.375245789178781 0 6.33205452623543
19 5 1 7078.1363 1e-05 0.959931088596881 0.453162273642813 0 0.224399475256414
19 5 2 7078.1363 1e-05 0.959931088596881 0.453162273642813 0 0.420749016105776
19 5 3 7078.1363 1e-05 0.959931088596881 0.453162273642813 0 0.617098556955138
19 5 4 7078.1363 1e-05 0.959931088596881 0.453162273642813 0 0.8134480978045
19 5 5 7078.1363 1e-05 0.959931088596881 0.453162273642813 0 1.00979763865386
19 5 6 7078.1363 1e-05 0.959931088596881 0.453162273642813 0 1.20614717950322
19 5 7 7078.1363 1e-05 0.959931088596881 0.453162273642813 0 1.40249672035259
19 5 8 7078.1363 1e-05 0.959931088596881 0.453162273642813 0 1.59884626120195
19 5 9 7078.1363 1e-05 0.959931088596881 0.453162273642813 0 1.79519580205131
19 5 10 7078.1363 1e-05 0.959931088596881 0.453162273642813 0 1.99154534290067
19 5 11 7078.1363 1e-05 0.959931088596881 0.453162273642813 0 2.18789488375003
19 5 12 7078.1363 1e-05 0.959931088596881 0.453162273642813 0 2.3842444245994
19 5 13 7078.1363 1e-05 0.959931088596881 0.453162273642813 0 2.58059396544876
19 5 14 7078.1363 1e-05 0.959931088596881 0.453162273642813 0 2.77694350629812
19 5 15 7078.1363 1e-05 0.959931088596881 0.453162273642813 0 2.97329304714748
19 5 16 7078.1363 1e-05 0.959931088596881 0.453162273642813 0 3.16964258799684
19 5 17 7078.1363 1e-05 0.959931088596881 0.453162273642813 0 3.36599212884621
19 5 18 7078.1363 1e-05 0.959931088596881 0.453162273642813 0 3.56234166969557
19 5 19 7078.1363 1e-05 0.959931088596881 0.453162273642813 0 3.75869121054493
19 5 20 7078.1363 1e-05 0.959931088596881 0.453162273642813 0 3.95504075139429
19 5 21 7078.1363 1e-05 0.959931088596881 0.453162273642813 0 4.15139029224366
19 5 22 7078.1363 1e-05 0.959931088596881 0.453162273642813 0 4.34773983309302
19 5 23 7078.1363 1e-05 0.959931088596881 0.453162273642813 0 4.54408937394238
19 5 24 7078.1363 1e-05 0.959931088596881 0.453162273642813 0 4.74043891479174
19 5 25 7078.1363 1e-05 0.959931088596881 0.453162273642813 0 4.9367884556411
19 5 26 7078.1363 1e-05 0.959931088596881 0.453162273642813 0 5.13313799649047
19 5 27 7078.1363 1e-05 0.959931088596881 0.453162273642813 0 5.32948753733983
19 5 28 7078.1363 1e-05 0.959931088596881 0.453162273642813 0 5.52583707818919
19 5 29 7078.1363 1e-05 0.959931088596881 0.453162273642813 0 5.72218661903855
19 5 30 7078.1363 1e-05 0.959931088596881 0.453162273642813 0 5.91853615988791
19 5 31 7078.1363 1e-05 0.959931088596881 0.453162273642813 0 6.11488570073728
19 5 32 7078.1363 1e-05 0.959931088596881 0.453162273642813 0 6.31123524158664
13 3 1 6978.1363 1e-05 0.959931088596881 0.453785605518526 0 0.20943951023932
13 3 2 6978.1363 1e-05 0.959931088596881 0.453785605518526 0 0.418879020478639
13 3 3 6978.1363 1e-05 0.959931088596881 0.453785605518526 0 0.628318530717959
13 3 4 6978.1363 1e-05 0.959931088596881 0.453785605518526 0 0.837758040957278
13 3 5 6978.1363 1e-05 0.959931088596881 0.453785605518526 0 1.0471975511966
13 3 6 6978.1363 1e-05 0.959931088596881 0.453785605518526 0 1.25663706143592
13 3 7 6978.1363 1e-05 0.959931088596881 0.453785605518526 0 1.46607657167524
13 3 8 6978.1363 1e-05 0.959931088596881 0.453785605518526 0 1.67551608191456
13 3 9 6978.1363 1e-05 0.959931088596881 0.453785605518526 0 1.88495559215388
13 3 10 6978.1363 1e-05 0.959931088596881 0.453785605518526 0 2.0943951023932
13 3 11 6978.1363 1e-05 0.959931088596881 0.453785605518526 0 2.30383461263251
13 3 12 6978.1363 1e-05 0.959931088596881 0.453785605518526 0 2.51327412287183
13 3 13 6978.1363 1e-05 0.959931088596881 0.453785605518526 0 2.72271363311115
13 3 14 6978.1363 1e-05 0.959931088596881 0.453785605518526 0 2.93215314335047
13 3 15 6978.1363 1e-05 0.959931088596881 0.453785605518526 0 3.14159265358979
13 3 16 6978.1363 1e-05 0.959931088596881 0.453785605518526 0 3.35103216382911
13 3 17 6978.1363 1e-05 0.959931088596881 0.453785605518526 0 3.56047167406843
13 3 18 6978.1363 1e-05 0.959931088596881 0.453785605518526 0 3.76991118430775
13 3 19 6978.1363 1e-05 0.959931088596881 0.453785605518526 0 3.97935069454707
13 3 20 6978.1363 1e-05 0.959931088596881 0.453785605518526 0 4.18879020478639
13 3 21 6978.1363 1e-05 0.959931088596881 0.453785605518526 0 4.39822971502571
13 3 22 6978.1363 1e-05 0.959931088596881 0.453785605518526 0 4.60766922526503
13 3 23 6978.1363 1e-05 0.959931088596881 0.453785605518526 0 4.81710873550435
13 3 24 6978.1363 1e-05 0.959931088596881 0.453785605518526 0 5.02654824574367
13 3 25 6978.1363 1e-05 0.959931088596881 0.453785605518526 0 5.23598775598299
13 3 26 6978.1363 1e-05 0.959931088596881 0.453785605518526 0 5.44542726622231
13 3 27 6978.1363 1e-05 0.959931088596881 0.453785605518526 0 5.65486677646163
13 3 28 6978.1363 1e-05 0.959931088596881 0.453785605518526 0 5.86430628670095
13 3 29 6978.1363 1e-05 0.959931088596881 0.453785605518526 0 6.07374579694027
13 3 30 6978.1363 1e-05 0.959931088596881 0.453785605518526 0 6.28318530717959
12 4 1 6863.1363 1e-05 0.959931088596881 0.541052068118242 0 0.239359440273508
12 4 2 6863.1363 1e-05 0.959931088596881 0.541052068118242 0 0.418879020478639
12 4 3 6863.1363 1e-05 0.959931088596881 0.541052068118242 0 0.59839860068377
12 4 4 6863.1363 1e-05 0.959931088596881 0.541052068118242 0 0.777918180888901
12 4 5 6863.1363 1e-05 0.959931088596881 0.541052068118242 0 0.957437761094032
12 4 6 6863.1363 1e-05 0.959931088596881 0.541052068118242 0 1.13695734129916
12 4 7 6863.1363 1e-05 0.959931088596881 0.541052068118242 0 1.31647692150429
12 4 8 6863.1363 1e-05 0.959931088596881 0.541052068118242 0 1.49599650170943
12 4 9 6863.1363 1e-05 0.959931088596881 0.541052068118242 0 1.67551608191456
12 4 10 6863.1363 1e-05 0.959931088596881 0.541052068118242 0 1.85503566211969
12 4 11 6863.1363 1e-05 0.959931088596881 0.541052068118242 0 2.03455524232482
12 4 12 6863.1363 1e-05 0.959931088596881 0.541052068118242 0 2.21407482252995
12 4 13 6863.1363 1e-05 0.959931088596881 0.541052068118242 0 2.39359440273508
12 4 14 6863.1363 1e-05 0.959931088596881 0.541052068118242 0 2.57311398294021
12 4 15 6863.1363 1e-05 0.959931088596881 0.541052068118242 0 2.75263356314534
12 4 16 6863.1363 1e-05 0.959931088596881 0.541052068118242 0 2.93215314335047
12 4 17 6863.1363 1e-05 0.959931088596881 0.541052068118242 0 3.1116727235556
12 4 18 6863.1363 1e-05 0.959931088596881 0.541052068118242 0 3.29119230376074
12 4 19 6863.1363 1e-05 0.959931088596881 0.541052068118242 0 3.47071188396587
12 4 20 6863.1363 1e-05 0.959931088596881 0.541052068118242 0 3.650231464171
12 4 21 6863.1363 1e-05 0.959931088596881 0.541052068118242 0 3.82975104437613
12 4 22 6863.1363 1e-05 0.959931088596881 0.541052068118242 0 4.00927062458126
12 4 23 6863.1363 1e-05 0.959931088596881 0.541052068118242 0 4.18879020478639
12 4 24 6863.1363 1e-05 0.959931088596881 0.541052068118242 0 4.36830978499152
12 4 25 6863.1363 1e-05 0.959931088596881 0.541052068118242 0 4.54782936519665
12 4 26 6863.1363 1e-05 0.959931088596881 0.541052068118242 0 4.72734894540178
12 4 27 6863.1363 1e-05 0.959931088596881 0.541052068118242 0 4.90686852560691
12 4 28 6863.1363 1e-05 0.959931088596881 0.541052068118242 0 5.08638810581205
12 4 29 6863.1363 1e-05 0.959931088596881 0.541052068118242 0 5.26590768601718
12 4 30 6863.1363 1e-05 0.959931088596881 0.541052068118242 0 5.44542726622231
12 4 31 6863.1363 1e-05 0.959931088596881 0.541052068118242 0 5.62494684642744
12 4 32 6863.1363 1e-05 0.959931088596881 0.541052068118242 0 5.80446642663257
12 4 33 6863.1363 1e-05 0.959931088596881 0.541052068118242 0 5.9839860068377
12 4 34 6863.1363 1e-05 0.959931088596881 0.541052068118242 0 6.16350558704283
12 4 35 6863.1363 1e-05 0.959931088596881 0.541052068118242 0 6.34302516724796
16 4 1 6853.1363 1e-05 0.959931088596881 0.549778714378214 0 0.261799387799149
16 4 2 6853.1363 1e-05 0.959931088596881 0.549778714378214 0 0.387463093942741
16 4 3 6853.1363 1e-05 0.959931088596881 0.549778714378214 0 0.513126800086333
16 4 4 6853.1363 1e-05 0.959931088596881 0.549778714378214 0 0.638790506229925
16 4 5 6853.1363 1e-05 0.959931088596881 0.549778714378214 0 0.764454212373516
16 4 6 6853.1363 1e-05 0.959931088596881 0.549778714378214 0 0.890117918517108
16 4 7 6853.1363 1e-05 0.959931088596881 0.549778714378214 0 1.0157816246607
16 4 8 6853.1363 1e-05 0.959931088596881 0.549778714378214 0 1.14144533080429
16 4 9 6853.1363 1e-05 0.959931088596881 0.549778714378214 0 1.26710903694788
16 4 10 6853.1363 1e-05 0.959931088596881 0.549778714378214 0 1.39277274309147
16 4 11 6853.1363 1e-05 0.959931088596881 0.549778714378214 0 1.51843644923507
16 4 12 6853.1363 1e-05 0.959931088596881 0.549778714378214 0 1.64410015537866
16 4 13 6853.1363 1e-05 0.959931088596881 0.549778714378214 0 1.76976386152225
16 4 14 6853.1363 1e-05 0.959931088596881 0.549778714378214 0 1.89542756766584
16 4 15 6853.1363 1e-05 0.959931088596881 0.549778714378214 0 2.02109127380943
16 4 16 6853.1363 1e-05 0.959931088596881 0.549778714378214 0 2.14675497995303
16 4 17 6853.1363 1e-05 0.959931088596881 0.549778714378214 0 2.27241868609662
16 4 18 6853.1363 1e-05 0.959931088596881 0.549778714378214 0 2.39808239224021
16 4 19 6853.1363 1e-05 0.959931088596881 0.549778714378214 0 2.5237460983838
16 4 20 6853.1363 1e-05 0.959931088596881 0.549778714378214 0 2.64940980452739
16 4 21 6853.1363 1e-05 0.959931088596881 0.549778714378214 0 2.77507351067098
16 4 22 6853.1363 1e-05 0.959931088596881 0.549778714378214 0 2.90073721681458
16 4 23 6853.1363 1e-05 0.959931088596881 0.549778714378214 0 3.02640092295817
16 4 24 6853.1363 1e-05 0.959931088596881 0.549778714378214 0 3.15206462910176
16 4 25 6853.1363 1e-05 0.959931088596881 0.549778714378214 0 3.27772833524535
16 4 26 6853.1363 1e-05 0.959931088596881 0.549778714378214 0 3.40339204138894
16 4 27 6853.1363 1e-05 0.959931088596881 0.549778714378214 0 3.52905574753253
16 4 28 6853.1363 1e-05 0.959931088596881 0.549778714378214 0 3.65471945367613
16 4 29 6853.1363 1e-05 0.959931088596881 0.549778714378214 0 3.78038315981972
16 4 30 6853.1363 1e-05 0.959931088596881 0.549778714378214 0 3.90604686596331
16 4 31 6853.1363 1e-05 0.959931088596881 0.549778714378214 0 4.0317105721069
16 4 32 6853.1363 1e-05 0.959931088596881 0.549778714378214 0 4.15737427825049
16 4 33 6853.1363 1e-05 0.959931088596881 0.549778714378214 0 4.28303798439408
16 4 34 6853.1363 1e-05 0.959931088596881 0.549778714378214 0 4.40870169053768
16 4 35 6853.1363 1e-05 0.959931088596881 0.549778714378214 0 4.53436539668127
16 4 36 6853.1363 1e-05 0.959931088596881 0.549778714378214 0 4.66002910282486
16 4 37 6853.1363 1e-05 0.959931088596881 0.549778714378214 0 4.78569280896845
16 4 38 6853.1363 1e-05 0.959931088596881 0.549778714378214 0 4.91135651511204
16 4 39 6853.1363 1e-05 0.959931088596881 0.549778714378214 0 5.03702022125564
16 4 40 6853.1363 1e-05 0.959931088596881 0.549778714378214 0 5.16268392739923
16 4 41 6853.1363 1e-05 0.959931088596881 0.549778714378214 0 5.28834763354282
16 4 42 6853.1363 1e-05 0.959931088596881 0.549778714378214 0 5.41401133968641
16 4 43 6853.1363 1e-05 0.959931088596881 0.549778714378214 0 5.53967504583
16 4 44 6853.1363 1e-05 0.959931088596881 0.549778714378214 0 5.66533875197359
16 4 45 6853.1363 1e-05 0.959931088596881 0.549778714378214 0 5.79100245811719
16 4 46 6853.1363 1e-05 0.959931088596881 0.549778714378214 0 5.91666616426078
16 4 47 6853.1363 1e-05 0.959931088596881 0.549778714378214 0 6.04232987040437
16 4 48 6853.1363 1e-05 0.959931088596881 0.549778714378214 0 6.16799357654796
16 4 49 6853.1363 1e-05 0.959931088596881 0.549778714378214 0 6.29365728269155
16 4 50 6853.1363 1e-05 0.959931088596881 0.549778714378214 0 6.41932098883514
19 6 1 7078.1363 1e-05 0.959931088596881 0.56536201127102 0 0.280499344070517
19 6 2 7078.1363 1e-05 0.959931088596881 0.56536201127102 0 0.476848884919879
19 6 3 7078.1363 1e-05 0.959931088596881 0.56536201127102 0 0.673198425769241
19 6 4 7078.1363 1e-05 0.959931088596881 0.56536201127102 0 0.869547966618603
19 6 5 7078.1363 1e-05 0.959931088596881 0.56536201127102 0 1.06589750746797
19 6 6 7078.1363 1e-05 0.959931088596881 0.56536201127102 0 1.26224704831733
19 6 7 7078.1363 1e-05 0.959931088596881 0.56536201127102 0 1.45859658916669
19 6 8 7078.1363 1e-05 0.959931088596881 0.56536201127102 0 1.65494613001605
19 6 9 7078.1363 1e-05 0.959931088596881 0.56536201127102 0 1.85129567086541
19 6 10 7078.1363 1e-05 0.959931088596881 0.56536201127102 0 2.04764521171478
19 6 11 7078.1363 1e-05 0.959931088596881 0.56536201127102 0 2.24399475256414
19 6 12 7078.1363 1e-05 0.959931088596881 0.56536201127102 0 2.4403442934135
19 6 13 7078.1363 1e-05 0.959931088596881 0.56536201127102 0 2.63669383426286
19 6 14 7078.1363 1e-05 0.959931088596881 0.56536201127102 0 2.83304337511222
19 6 15 7078.1363 1e-05 0.959931088596881 0.56536201127102 0 3.02939291596159
19 6 16 7078.1363 1e-05 0.959931088596881 0.56536201127102 0 3.22574245681095
19 6 17 7078.1363 1e-05 0.959931088596881 0.56536201127102 0 3.42209199766031
19 6 18 7078.1363 1e-05 0.959931088596881 0.56536201127102 0 3.61844153850967
19 6 19 7078.1363 1e-05 0.959931088596881 0.56536201127102 0 3.81479107935903
19 6 20 7078.1363 1e-05 0.959931088596881 0.56536201127102 0 4.0111406202084
19 6 21 7078.1363 1e-05 0.959931088596881 0.56536201127102 0 4.20749016105776
19 6 22 7078.1363 1e-05 0.959931088596881 0.56536201127102 0 4.40383970190712
19 6 23 7078.1363 1e-05 0.959931088596881 0.56536201127102 0 4.60018924275648
19 6 24 7078.1363 1e-05 0.959931088596881 0.56536201127102 0 4.79653878360585
19 6 25 7078.1363 1e-05 0.959931088596881 0.56536201127102 0 4.99288832445521
19 6 26 7078.1363 1e-05 0.959931088596881 0.56536201127102 0 5.18923786530457
19 6 27 7078.1363 1e-05 0.959931088596881 0.56536201127102 0 5.38558740615393
19 6 28 7078.1363 1e-05 0.959931088596881 0.56536201127102 0 5.58193694700329
19 6 29 7078.1363 1e-05 0.959931088596881 0.56536201127102 0 5.77828648785266
19 6 30 7078.1363 1e-05 0.959931088596881 0.56536201127102 0 5.97463602870202
19 6 31 7078.1363 1e-05 0.959931088596881 0.56536201127102 0 6.17098556955138
19 6 32 7078.1363 1e-05 0.959931088596881 0.56536201127102 0 6.36733511040074
13 4 1 6978.1363 1e-05 0.959931088596881 0.663225115757845 0 0.314159265358979
13 4 2 6978.1363 1e-05 0.959931088596881 0.663225115757845 0 0.523598775598299
13 4 3 6978.1363 1e-05 0.959931088596881 0.663225115757845 0 0.733038285837618
13 4 4 6978.1363 1e-05 0.959931088596881 0.663225115757845 0 0.942477796076938
13 4 5 6978.1363 1e-05 0.959931088596881 0.663225115757845 0 1.15191730631626
13 4 6 6978.1363 1e-05 0.959931088596881 0.663225115757845 0 1.36135681655558
13 4 7 6978.1363 1e-05 0.959931088596881 0.663225115757845 0 1.5707963267949
13 4 8 6978.1363 1e-05 0.959931088596881 0.663225115757845 0 1.78023583703422
13 4 9 6978.1363 1e-05 0.959931088596881 0.663225115757845 0 1.98967534727354
13 4 10 6978.1363 1e-05 0.959931088596881 0.663225115757845 0 2.19911485751286
13 4 11 6978.1363 1e-05 0.959931088596881 0.663225115757845 0 2.40855436775217
13 4 12 6978.1363 1e-05 0.959931088596881 0.663225115757845 0 2.61799387799149
13 4 13 6978.1363 1e-05 0.959931088596881 0.663225115757845 0 2.82743338823081
13 4 14 6978.1363 1e-05 0.959931088596881 0.663225115757845 0 3.03687289847013
13 4 15 6978.1363 1e-05 0.959931088596881 0.663225115757845 0 3.24631240870945
13 4 16 6978.1363 1e-05 0.959931088596881 0.663225115757845 0 3.45575191894877
13 4 17 6978.1363 1e-05 0.959931088596881 0.663225115757845 0 3.66519142918809
13 4 18 6978.1363 1e-05 0.959931088596881 0.663225115757845 0 3.87463093942741
13 4 19 6978.1363 1e-05 0.959931088596881 0.663225115757845 0 4.08407044966673
13 4 20 6978.1363 1e-05 0.959931088596881 0.663225115757845 0 4.29350995990605
13 4 21 6978.1363 1e-05 0.959931088596881 0.663225115757845 0 4.50294947014537
13 4 22 6978.1363 1e-05 0.959931088596881 0.663225115757845 0 4.71238898038469
13 4 23 6978.1363 1e-05 0.959931088596881 0.663225115757845 0 4.92182849062401
13 4 24 6978.1363 1e-05 0.959931088596881 0.663225115757845 0 5.13126800086333
13 4 25 6978.1363 1e-05 0.959931088596881 0.663225115757845 0 5.34070751110265
13 4 26 6978.1363 1e-05 0.959931088596881 0.663225115757845 0 5.55014702134197
13 4 27 6978.1363 1e-05 0.959931088596881 0.663225115757845 0 5.75958653158129
13 4 28 6978.1363 1e-05 0.959931088596881 0.663225115757845 0 5.96902604182061
13 4 29 6978.1363 1e-05 0.959931088596881 0.663225115757845 0 6.17846555205993
13 4 30 6978.1363 1e-05 0.959931088596881 0.663225115757845 0 6.38790506229925
19 7 1 7078.1363 1e-05 0.959931088596881 0.677561748899227 0 0.336599212884621
19 7 2 7078.1363 1e-05 0.959931088596881 0.677561748899227 0 0.532948753733983
19 7 3 7078.1363 1e-05 0.959931088596881 0.677561748899227 0 0.729298294583345
19 7 4 7078.1363 1e-05 0.959931088596881 0.677561748899227 0 0.925647835432707
19 7 5 7078.1363 1e-05 0.959931088596881 0.677561748899227 0 1.12199737628207
19 7 6 7078.1363 1e-05 0.959931088596881 0.677561748899227 0 1.31834691713143
19 7 7 7078.1363 1e-05 0.959931088596881 0.677561748899227 0 1.51469645798079
19 7 8 7078.1363 1e-05 0.959931088596881 0.677561748899227 0 1.71104599883016
19 7 9 7078.1363 1e-05 0.959931088596881 0.677561748899227 0 1.90739553967952
19 7 10 7078.1363 1e-05 0.959931088596881 0.677561748899227 0 2.10374508052888
19 7 11 7078.1363 1e-05 0.959931088596881 0.677561748899227 0 2.30009462137824
19 7 12 7078.1363 1e-05 0.959931088596881 0.677561748899227 0 2.4964441622276
19 7 13 7078.1363 1e-05 0.959931088596881 0.677561748899227 0 2.69279370307697
19 7 14 7078.1363 1e-05 0.959931088596881 0.677561748899227 0 2.88914324392633
19 7 15 7078.1363 1e-05 0.959931088596881 0.677561748899227 0 3.08549278477569
19 7 16 7078.1363 1e-05 0.959931088596881 0.677561748899227 0 3.28184232562505
19 7 17 7078.1363 1e-05 0.959931088596881 0.677561748899227 0 3.47819186647441
19 7 18 7078.1363 1e-05 0.959931088596881 0.677561748899227 0 3.67454140732378
19 7 19 7078.1363 1e-05 0.959931088596881 0.677561748899227 0 3.87089094817314
19 7 20 7078.1363 1e-05 0.959931088596881 0.677561748899227 0 4.0672404890225
19 7 21 7078.1363 1e-05 0.959931088596881 0.677561748899227 0 4.26359002987186
19 7 22 7078.1363 1e-05 0.959931088596881 0.677561748899227 0 4.45993957072122
19 7 23 7078.1363 1e-05 0.959931088596881 0.677561748899227 0 4.65628911157059
19 7 24 7078.1363 1e-05 0.959931088596881 0.677561748899227 0 4.85263865241995
19 7 25 7078.1363 1e-05 0.959931088596881 0.677561748899227 0 5.04898819326931
19 7 26 7078.1363 1e-05 0.959931088596881 0.677561748899227 0 5.24533773411867
19 7 27 7078.1363 1e-05 0.959931088596881 0.677561748899227 0 5.44168727496803
19 7 28 7078.1363 1e-05 0.959931088596881 0.677561748899227 0 5.6380368158174
19 7 29 7078.1363 1e-05 0.959931088596881 0.677561748899227 0 5.83438635666676
19 7 30 7078.1363 1e-05 0.959931088596881 0.677561748899227 0 6.03073589751612
19 7 31 7078.1363 1e-05 0.959931088596881 0.677561748899227 0 6.22708543836548
19 7 32 7078.1363 1e-05 0.959931088596881 0.677561748899227 0 6.42343497921484
12 5 1 6863.1363 1e-05 0.959931088596881 0.715584993317675 0 0.319145920364677
12 5 2 6863.1363 1e-05 0.959931088596881 0.715584993317675 0 0.498665500569808
12 5 3 6863.1363 1e-05 0.959931088596881 0.715584993317675 0 0.678185080774939
12 5 4 6863.1363 1e-05 0.959931088596881 0.715584993317675 0 0.85770466098007
12 5 5 6863.1363 1e-05 0.959931088596881 0.715584993317675 0 1.0372242411852
12 5 6 6863.1363 1e-05 0.959931088596881 0.715584993317675 0 1.21674382139033
12 5 7 6863.1363 1e-05 0.959931088596881 0.715584993317675 0 1.39626340159546
12 5 8 6863.1363 1e-05 0.959931088596881 0.715584993317675 0 1.57578298180059
12 5 9 6863.1363 1e-05 0.959931088596881 0.715584993317675 0 1.75530256200573
12 5 10 6863.1363 1e-05 0.959931088596881 0.715584993317675 0 1.93482214221086
12 5 11 6863.1363 1e-05 0.959931088596881 0.715584993317675 0 2.11434172241599
12 5 12 6863.1363 1e-05 0.959931088596881 0.715584993317675 0 2.29386130262112
12 5 13 6863.1363 1e-05 0.959931088596881 0.715584993317675 0 2.47338088282625
12 5 14 6863.1363 1e-05 0.959931088596881 0.715584993317675 0 2.65290046303138
12 5 15 6863.1363 1e-05 0.959931088596881 0.715584993317675 0 2.83242004323651
12 5 16 6863.1363 1e-05 0.959931088596881 0.715584993317675 0 3.01193962344164
12 5 17 6863.1363 1e-05 0.959931088596881 0.715584993317675 0 3.19145920364677
12 5 18 6863.1363 1e-05 0.959931088596881 0.715584993317675 0 3.37097878385191
12 5 19 6863.1363 1e-05 0.959931088596881 0.715584993317675 0 3.55049836405704
12 5 20 6863.1363 1e-05 0.959931088596881 0.715584993317675 0 3.73001794426217
12 5 21 6863.1363 1e-05 0.959931088596881 0.715584993317675 0 3.9095375244673
12 5 22 6863.1363 1e-05 0.959931088596881 0.715584993317675 0 4.08905710467243
12 5 23 6863.1363 1e-05 0.959931088596881 0.715584993317675 0 4.26857668487756
12 5 24 6863.1363 1e-05 0.959931088596881 0.715584993317675 0 4.44809626508269
12 5 25 6863.1363 1e-05 0.959931088596881 0.715584993317675 0 4.62761584528782
12 5 26 6863.1363 1e-05 0.959931088596881 0.715584993317675 0 4.80713542549295
12 5 27 6863.1363 1e-05 0.959931088596881 0.715584993317675 0 4.98665500569808
12 5 28 6863.1363 1e-05 0.959931088596881 0.715584993317675 0 5.16617458590322
12 5 29 6863.1363 1e-05 0.959931088596881 0.715584993317675 0 5.34569416610835
12 5 30 6863.1363 1e-05 0.959931088596881 0.715584993317675 0 5.52521374631348
12 5 31 6863.1363 1e-05 0.959931088596881 0.715584993317675 0 5.70473332651861
12 5 32 6863.1363 1e-05 0.959931088596881 0.715584993317675 0 5.88425290672374
12 5 33 6863.1363 1e-05 0.959931088596881 0.715584993317675 0 6.06377248692887
12 5 34 6863.1363 1e-05 0.959931088596881 0.715584993317675 0 6.243292067134
12 5 35 6863.1363 1e-05 0.959931088596881 0.715584993317675 0 6.42281164733913
16 5 1 6853.1363 1e-05 0.959931088596881 0.724311639577647 0 0.349065850398866
16 5 2 6853.1363 1e-05 0.959931088596881 0.724311639577647 0 0.474729556542458
16 5 3 6853.1363 1e-05 0.959931088596881 0.724311639577647 0 0.600393262686049
16 5 4 6853.1363 1e-05 0.959931088596881 0.724311639577647 0 0.726056968829641
16 5 5 6853.1363 1e-05 0.959931088596881 0.724311639577647 0 0.851720674973233
16 5 6 6853.1363 1e-05 0.959931088596881 0.724311639577647 0 0.977384381116825
16 5 7 6853.1363 1e-05 0.959931088596881 0.724311639577647 0 1.10304808726042
16 5 8 6853.1363 1e-05 0.959931088596881 0.724311639577647 0 1.22871179340401
16 5 9 6853.1363 1e-05 0.959931088596881 0.724311639577647 0 1.3543754995476
16 5 10 6853.1363 1e-05 0.959931088596881 0.724311639577647 0 1.48003920569119
16 5 11 6853.1363 1e-05 0.959931088596881 0.724311639577647 0 1.60570291183478
16 5 12 6853.1363 1e-05 0.959931088596881 0.724311639577647 0 1.73136661797838
16 5 13 6853.1363 1e-05 0.959931088596881 0.724311639577647 0 1.85703032412197
16 5 14 6853.1363 1e-05 0.959931088596881 0.724311639577647 0 1.98269403026556
16 5 15 6853.1363 1e-05 0.959931088596881 0.724311639577647 0 2.10835773640915
16 5 16 6853.1363 1e-05 0.959931088596881 0.724311639577647 0 2.23402144255274
16 5 17 6853.1363 1e-05 0.959931088596881 0.724311639577647 0 2.35968514869633
16 5 18 6853.1363 1e-05 0.959931088596881 0.724311639577647 0 2.48534885483993
16 5 19 6853.1363 1e-05 0.959931088596881 0.724311639577647 0 2.61101256098352
16 5 20 6853.1363 1e-05 0.959931088596881 0.724311639577647 0 2.73667626712711
16 5 21 6853.1363 1e-05 0.959931088596881 0.724311639577647 0 2.8623399732707
16 5 22 6853.1363 1e-05 0.959931088596881 0.724311639577647 0 2.98800367941429
16 5 23 6853.1363 1e-05 0.959931088596881 0.724311639577647 0 3.11366738555788
16 5 24 6853.1363 1e-05 0.959931088596881 0.724311639577647 0 3.23933109170148
16 5 25 6853.1363 1e-05 0.959931088596881 0.724311639577647 0 3.36499479784507
16 5 26 6853.1363 1e-05 0.959931088596881 0.724311639577647 0 3.49065850398866
16 5 27 6853.1363 1e-05 0.959931088596881 0.724311639577647 0 3.61632221013225
16 5 28 6853.1363 1e-05 0.959931088596881 0.724311639577647 0 3.74198591627584
16 5 29 6853.1363 1e-05 0.959931088596881 0.724311639577647 0 3.86764962241943
16 5 30 6853.1363 1e-05 0.959931088596881 0.724311639577647 0 3.99331332856303
16 5 31 6853.1363 1e-05 0.959931088596881 0.724311639577647 0 4.11897703470662
16 5 32 6853.1363 1e-05 0.959931088596881 0.724311639577647 0 4.24464074085021
16 5 33 6853.1363 1e-05 0.959931088596881 0.724311639577647 0 4.3703044469938
16 5 34 6853.1363 1e-05 0.959931088596881 0.724311639577647 0 4.49596815313739
16 5 35 6853.1363 1e-05 0.959931088596881 0.724311639577647 0 4.62163185928098
16 5 36 6853.1363 1e-05 0.959931088596881 0.724311639577647 0 4.74729556542458
16 5 37 6853.1363 1e-05 0.959931088596881 0.724311639577647 0 4.87295927156817
16 5 38 6853.1363 1e-05 0.959931088596881 0.724311639577647 0 4.99862297771176
16 5 39 6853.1363 1e-05 0.959931088596881 0.724311639577647 0 5.12428668385535
16 5 40 6853.1363 1e-05 0.959931088596881 0.724311639577647 0 5.24995038999894
16 5 41 6853.1363 1e-05 0.959931088596881 0.724311639577647 0 5.37561409614253
16 5 42 6853.1363 1e-05 0.959931088596881 0.724311639577647 0 5.50127780228613
16 5 43 6853.1363 1e-05 0.959931088596881 0.724311639577647 0 5.62694150842972
16 5 44 6853.1363 1e-05 0.959931088596881 0.724311639577647 0 5.75260521457331
16 5 45 6853.1363 1e-05 0.959931088596881 0.724311639577647 0 5.8782689207169
16 5 46 6853.1363 1e-05 0.959931088596881 0.724311639577647 0 6.00393262686049
16 5 47 6853.1363 1e-05 0.959931088596881 0.724311639577647 0 6.12959633300409
16 5 48 6853.1363 1e-05 0.959931088596881 0.724311639577647 0 6.25526003914768
16 5 49 6853.1363 1e-05 0.959931088596881 0.724311639577647 0 6.38092374529127
16 5 50 6853.1363 1e-05 0.959931088596881 0.724311639577647 0 6.50658745143486
19 8 1 7078.1363 1e-05 0.959931088596881 0.789761486527434 0 0.392699081698724
19 8 2 7078.1363 1e-05 0.959931088596881 0.789761486527434 0 0.589048622548086
19 8 3 7078.1363 1e-05 0.959931088596881 0.789761486527434 0 0.785398163397448
19 8 4 7078.1363 1e-05 0.959931088596881 0.789761486527434 0 0.98174770424681
19 8 5 7078.1363 1e-05 0.959931088596881 0.789761486527434 0 1.17809724509617
19 8 6 7078.1363 1e-05 0.959931088596881 0.789761486527434 0 1.37444678594553
19 8 7 7078.1363 1e-05 0.959931088596881 0.789761486527434 0 1.5707963267949
19 8 8 7078.1363 1e-05 0.959931088596881 0.789761486527434 0 1.76714586764426
19 8 9 7078.1363 1e-05 0.959931088596881 0.789761486527434 0 1.96349540849362
19 8 10 7078.1363 1e-05 0.959931088596881 0.789761486527434 0 2.15984494934298
19 8 11 7078.1363 1e-05 0.959931088596881 0.789761486527434 0 2.35619449019234
19 8 12 7078.1363 1e-05 0.959931088596881 0.789761486527434 0 2.55254403104171
19 8 13 7078.1363 1e-05 0.959931088596881 0.789761486527434 0 2.74889357189107
19 8 14 7078.1363 1e-05 0.959931088596881 0.789761486527434 0 2.94524311274043
19 8 15 7078.1363 1e-05 0.959931088596881 0.789761486527434 0 3.14159265358979
19 8 16 7078.1363 1e-05 0.959931088596881 0.789761486527434 0 3.33794219443915
19 8 17 7078.1363 1e-05 0.959931088596881 0.789761486527434 0 3.53429173528852
19 8 18 7078.1363 1e-05 0.959931088596881 0.789761486527434 0 3.73064127613788
19 8 19 7078.1363 1e-05 0.959931088596881 0.789761486527434 0 3.92699081698724
19 8 20 7078.1363 1e-05 0.959931088596881 0.789761486527434 0 4.1233403578366
19 8 21 7078.1363 1e-05 0.959931088596881 0.789761486527434 0 4.31968989868597
19 8 22 7078.1363 1e-05 0.959931088596881 0.789761486527434 0 4.51603943953533
19 8 23 7078.1363 1e-05 0.959931088596881 0.789761486527434 0 4.71238898038469
19 8 24 7078.1363 1e-05 0.959931088596881 0.789761486527434 0 4.90873852123405
19 8 25 7078.1363 1e-05 0.959931088596881 0.789761486527434 0 5.10508806208341
19 8 26 7078.1363 1e-05 0.959931088596881 0.789761486527434 0 5.30143760293278
19 8 27 7078.1363 1e-05 0.959931088596881 0.789761486527434 0 5.49778714378214
19 8 28 7078.1363 1e-05 0.959931088596881 0.789761486527434 0 5.6941366846315
19 8 29 7078.1363 1e-05 0.959931088596881 0.789761486527434 0 5.89048622548086
19 8 30 7078.1363 1e-05 0.959931088596881 0.789761486527434 0 6.08683576633022
19 8 31 7078.1363 1e-05 0.959931088596881 0.789761486527434 0 6.28318530717959
19 8 32 7078.1363 1e-05 0.959931088596881 0.789761486527434 0 6.47953484802895
13 5 1 6978.1363 1e-05 0.959931088596881 0.872664625997165 0 0.418879020478639
13 5 2 6978.1363 1e-05 0.959931088596881 0.872664625997165 0 0.628318530717959
13 5 3 6978.1363 1e-05 0.959931088596881 0.872664625997165 0 0.837758040957278
13 5 4 6978.1363 1e-05 0.959931088596881 0.872664625997165 0 1.0471975511966
13 5 5 6978.1363 1e-05 0.959931088596881 0.872664625997165 0 1.25663706143592
13 5 6 6978.1363 1e-05 0.959931088596881 0.872664625997165 0 1.46607657167524
13 5 7 6978.1363 1e-05 0.959931088596881 0.872664625997165 0 1.67551608191456
13 5 8 6978.1363 1e-05 0.959931088596881 0.872664625997165 0 1.88495559215388
13 5 9 6978.1363 1e-05 0.959931088596881 0.872664625997165 0 2.0943951023932
13 5 10 6978.1363 1e-05 0.959931088596881 0.872664625997165 0 2.30383461263252
13 5 11 6978.1363 1e-05 0.959931088596881 0.872664625997165 0 2.51327412287183
13 5 12 6978.1363 1e-05 0.959931088596881 0.872664625997165 0 2.72271363311115
13 5 13 6978.1363 1e-05 0.959931088596881 0.872664625997165 0 2.93215314335047
13 5 14 6978.1363 1e-05 0.959931088596881 0.872664625997165 0 3.14159265358979
13 5 15 6978.1363 1e-05 0.959931088596881 0.872664625997165 0 3.35103216382911
13 5 16 6978.1363 1e-05 0.959931088596881 0.872664625997165 0 3.56047167406843
13 5 17 6978.1363 1e-05 0.959931088596881 0.872664625997165 0 3.76991118430775
13 5 18 6978.1363 1e-05 0.959931088596881 0.872664625997165 0 3.97935069454707
13 5 19 6978.1363 1e-05 0.959931088596881 0.872664625997165 0 4.18879020478639
13 5 20 6978.1363 1e-05 0.959931088596881 0.872664625997165 0 4.39822971502571
13 5 21 6978.1363 1e-05 0.959931088596881 0.872664625997165 0 4.60766922526503
13 5 22 6978.1363 1e-05 0.959931088596881 0.872664625997165 0 4.81710873550435
13 5 23 6978.1363 1e-05 0.959931088596881 0.872664625997165 0 5.02654824574367
13 5 24 6978.1363 1e-05 0.959931088596881 0.872664625997165 0 5.23598775598299
13 5 25 6978.1363 1e-05 0.959931088596881 0.872664625997165 0 5.44542726622231
13 5 26 6978.1363 1e-05 0.959931088596881 0.872664625997165 0 5.65486677646163
13 5 27 6978.1363 1e-05 0.959931088596881 0.872664625997165 0 5.86430628670095
13 5 28 6978.1363 1e-05 0.959931088596881 0.872664625997165 0 6.07374579694027
13 5 29 6978.1363 1e-05 0.959931088596881 0.872664625997165 0 6.28318530717959
13 5 30 6978.1363 1e-05 0.959931088596881 0.872664625997165 0 6.49262481741891
12 6 1 6863.1363 1e-05 0.959931088596881 0.890117918517108 0 0.398932400455847
12 6 2 6863.1363 1e-05 0.959931088596881 0.890117918517108 0 0.578451980660978
12 6 3 6863.1363 1e-05 0.959931088596881 0.890117918517108 0 0.757971560866109
12 6 4 6863.1363 1e-05 0.959931088596881 0.890117918517108 0 0.93749114107124
12 6 5 6863.1363 1e-05 0.959931088596881 0.890117918517108 0 1.11701072127637
12 6 6 6863.1363 1e-05 0.959931088596881 0.890117918517108 0 1.2965303014815
12 6 7 6863.1363 1e-05 0.959931088596881 0.890117918517108 0 1.47604988168663
12 6 8 6863.1363 1e-05 0.959931088596881 0.890117918517108 0 1.65556946189176
12 6 9 6863.1363 1e-05 0.959931088596881 0.890117918517108 0 1.8350890420969
12 6 10 6863.1363 1e-05 0.959931088596881 0.890117918517108 0 2.01460862230203
12 6 11 6863.1363 1e-05 0.959931088596881 0.890117918517108 0 2.19412820250716
12 6 12 6863.1363 1e-05 0.959931088596881 0.890117918517108 0 2.37364778271229
12 6 13 6863.1363 1e-05 0.959931088596881 0.890117918517108 0 2.55316736291742
12 6 14 6863.1363 1e-05 0.959931088596881 0.890117918517108 0 2.73268694312255
12 6 15 6863.1363 1e-05 0.959931088596881 0.890117918517108 0 2.91220652332768
12 6 16 6863.1363 1e-05 0.959931088596881 0.890117918517108 0 3.09172610353281
12 6 17 6863.1363 1e-05 0.959931088596881 0.890117918517108 0 3.27124568373794
12 6 18 6863.1363 1e-05 0.959931088596881 0.890117918517108 0 3.45076526394307
12 6 19 6863.1363 1e-05 0.959931088596881 0.890117918517108 0 3.63028484414821
12 6 20 6863.1363 1e-05 0.959931088596881 0.890117918517108 0 3.80980442435334
12 6 21 6863.1363 1e-05 0.959931088596881 0.890117918517108 0 3.98932400455847
12 6 22 6863.1363 1e-05 0.959931088596881 0.890117918517108 0 4.1688435847636
12 6 23 6863.1363 1e-05 0.959931088596881 0.890117918517108 0 4.34836316496873
12 6 24 6863.1363 1e-05 0.959931088596881 0.890117918517108 0 4.52788274517386
12 6 25 6863.1363 1e-05 0.959931088596881 0.890117918517108 0 4.70740232537899
12 6 26 6863.1363 1e-05 0.959931088596881 0.890117918517108 0 4.88692190558412
12 6 27 6863.1363 1e-05 0.959931088596881 0.890117918517108 0 5.06644148578925
12 6 28 6863.1363 1e-05 0.959931088596881 0.890117918517108 0 5.24596106599438
12 6 29 6863.1363 1e-05 0.959931088596881 0.890117918517108 0 5.42548064619952
12 6 30 6863.1363 1e-05 0.959931088596881 0.890117918517108 0 5.60500022640465
12 6 31 6863.1363 1e-05 0.959931088596881 0.890117918517108 0 5.78451980660978
12 6 32 6863.1363 1e-05 0.959931088596881 0.890117918517108 0 5.96403938681491
12 6 33 6863.1363 1e-05 0.959931088596881 0.890117918517108 0 6.14355896702004
12 6 34 6863.1363 1e-05 0.959931088596881 0.890117918517108 0 6.32307854722517
12 6 35 6863.1363 1e-05 0.959931088596881 0.890117918517108 0 6.5025981274303
16 6 1 6853.1363 1e-05 0.959931088596881 0.89884456477708 0 0.436332312998582
16 6 2 6853.1363 1e-05 0.959931088596881 0.89884456477708 0 0.561996019142174
16 6 3 6853.1363 1e-05 0.959931088596881 0.89884456477708 0 0.687659725285766
16 6 4 6853.1363 1e-05 0.959931088596881 0.89884456477708 0 0.813323431429358
16 6 5 6853.1363 1e-05 0.959931088596881 0.89884456477708 0 0.938987137572949
16 6 6 6853.1363 1e-05 0.959931088596881 0.89884456477708 0 1.06465084371654
16 6 7 6853.1363 1e-05 0.959931088596881 0.89884456477708 0 1.19031454986013
16 6 8 6853.1363 1e-05 0.959931088596881 0.89884456477708 0 1.31597825600372
16 6 9 6853.1363 1e-05 0.959931088596881 0.89884456477708 0 1.44164196214732
16 6 10 6853.1363 1e-05 0.959931088596881 0.89884456477708 0 1.56730566829091
16 6 11 6853.1363 1e-05 0.959931088596881 0.89884456477708 0 1.6929693744345
16 6 12 6853.1363 1e-05 0.959931088596881 0.89884456477708 0 1.81863308057809
16 6 13 6853.1363 1e-05 0.959931088596881 0.89884456477708 0 1.94429678672168
16 6 14 6853.1363 1e-05 0.959931088596881 0.89884456477708 0 2.06996049286527
16 6 15 6853.1363 1e-05 0.959931088596881 0.89884456477708 0 2.19562419900887
16 6 16 6853.1363 1e-05 0.959931088596881 0.89884456477708 0 2.32128790515246
16 6 17 6853.1363 1e-05 0.959931088596881 0.89884456477708 0 2.44695161129605
16 6 18 6853.1363 1e-05 0.959931088596881 0.89884456477708 0 2.57261531743964
16 6 19 6853.1363 1e-05 0.959931088596881 0.89884456477708 0 2.69827902358323
16 6 20 6853.1363 1e-05 0.959931088596881 0.89884456477708 0 2.82394272972683
16 6 21 6853.1363 1e-05 0.959931088596881 0.89884456477708 0 2.94960643587042
16 6 22 6853.1363 1e-05 0.959931088596881 0.89884456477708 0 3.07527014201401
16 6 23 6853.1363 1e-05 0.959931088596881 0.89884456477708 0 3.2009338481576
16 6 24 6853.1363 1e-05 0.959931088596881 0.89884456477708 0 3.32659755430119
16 6 25 6853.1363 1e-05 0.959931088596881 0.89884456477708 0 3.45226126044478
16 6 26 6853.1363 1e-05 0.959931088596881 0.89884456477708 0 3.57792496658838
16 6 27 6853.1363 1e-05 0.959931088596881 0.89884456477708 0 3.70358867273197
16 6 28 6853.1363 1e-05 0.959931088596881 0.89884456477708 0 3.82925237887556
16 6 29 6853.1363 1e-05 0.959931088596881 0.89884456477708 0 3.95491608501915
16 6 30 6853.1363 1e-05 0.959931088596881 0.89884456477708 0 4.08057979116274
16 6 31 6853.1363 1e-05 0.959931088596881 0.89884456477708 0 4.20624349730633
16 6 32 6853.1363 1e-05 0.959931088596881 0.89884456477708 0 4.33190720344993
16 6 33 6853.1363 1e-05 0.959931088596881 0.89884456477708 0 4.45757090959352
16 6 34 6853.1363 1e-05 0.959931088596881 0.89884456477708 0 4.58323461573711
16 6 35 6853.1363 1e-05 0.959931088596881 0.89884456477708 0 4.7088983218807
16 6 36 6853.1363 1e-05 0.959931088596881 0.89884456477708 0 4.83456202802429
16 6 37 6853.1363 1e-05 0.959931088596881 0.89884456477708 0 4.96022573416789
16 6 38 6853.1363 1e-05 0.959931088596881 0.89884456477708 0 5.08588944031148
16 6 39 6853.1363 1e-05 0.959931088596881 0.89884456477708 0 5.21155314645507
16 6 40 6853.1363 1e-05 0.959931088596881 0.89884456477708 0 5.33721685259866
16 6 41 6853.1363 1e-05 0.959931088596881 0.89884456477708 0 5.46288055874225
16 6 42 6853.1363 1e-05 0.959931088596881 0.89884456477708 0 5.58854426488584
16 6 43 6853.1363 1e-05 0.959931088596881 0.89884456477708 0 5.71420797102944
16 6 44 6853.1363 1e-05 0.959931088596881 0.89884456477708 0 5.83987167717303
16 6 45 6853.1363 1e-05 0.959931088596881 0.89884456477708 0 5.96553538331662
16 6 46 6853.1363 1e-05 0.959931088596881 0.89884456477708 0 6.09119908946021
16 6 47 6853.1363 1e-05 0.959931088596881 0.89884456477708 0 6.2168627956038
16 6 48 6853.1363 1e-05 0.959931088596881 0.89884456477708 0 6.34252650174739
16 6 49 6853.1363 1e-05 0.959931088596881 0.89884456477708 0 6.46819020789099
16 6 50 6853.1363 1e-05 0.959931088596881 0.89884456477708 0 6.59385391403458
19 9 1 7078.1363 1e-05 0.959931088596881 0.901961224155641 0 0.448798950512828
19 9 2 7078.1363 1e-05 0.959931088596881 0.901961224155641 0 0.64514849136219
19 9 3 7078.1363 1e-05 0.959931088596881 0.901961224155641 0 0.841498032211552
19 9 4 7078.1363 1e-05 0.959931088596881 0.901961224155641 0 1.03784757306091
19 9 5 7078.1363 1e-05 0.959931088596881 0.901961224155641 0 1.23419711391028
19 9 6 7078.1363 1e-05 0.959931088596881 0.901961224155641 0 1.43054665475964
19 9 7 7078.1363 1e-05 0.959931088596881 0.901961224155641 0 1.626896195609
19 9 8 7078.1363 1e-05 0.959931088596881 0.901961224155641 0 1.82324573645836
19 9 9 7078.1363 1e-05 0.959931088596881 0.901961224155641 0 2.01959527730772
19 9 10 7078.1363 1e-05 0.959931088596881 0.901961224155641 0 2.21594481815709
19 9 11 7078.1363 1e-05 0.959931088596881 0.901961224155641 0 2.41229435900645
19 9 12 7078.1363 1e-05 0.959931088596881 0.901961224155641 0 2.60864389985581
19 9 13 7078.1363 1e-05 0.959931088596881 0.901961224155641 0 2.80499344070517
19 9 14 7078.1363 1e-05 0.959931088596881 0.901961224155641 0 3.00134298155453
19 9 15 7078.1363 1e-05 0.959931088596881 0.901961224155641 0 3.1976925224039
19 9 16 7078.1363 1e-05 0.959931088596881 0.901961224155641 0 3.39404206325326
19 9 17 7078.1363 1e-05 0.959931088596881 0.901961224155641 0 3.59039160410262
19 9 18 7078.1363 1e-05 0.959931088596881 0.901961224155641 0 3.78674114495198
19 9 19 7078.1363 1e-05 0.959931088596881 0.901961224155641 0 3.98309068580134
19 9 20 7078.1363 1e-05 0.959931088596881 0.901961224155641 0 4.17944022665071
19 9 21 7078.1363 1e-05 0.959931088596881 0.901961224155641 0 4.37578976750007
19 9 22 7078.1363 1e-05 0.959931088596881 0.901961224155641 0 4.57213930834943
19 9 23 7078.1363 1e-05 0.959931088596881 0.901961224155641 0 4.76848884919879
19 9 24 7078.1363 1e-05 0.959931088596881 0.901961224155641 0 4.96483839004815
19 9 25 7078.1363 1e-05 0.959931088596881 0.901961224155641 0 5.16118793089752
19 9 26 7078.1363 1e-05 0.959931088596881 0.901961224155641 0 5.35753747174688
19 9 27 7078.1363 1e-05 0.959931088596881 0.901961224155641 0 5.55388701259624
19 9 28 7078.1363 1e-05 0.959931088596881 0.901961224155641 0 5.7502365534456
19 9 29 7078.1363 1e-05 0.959931088596881 0.901961224155641 0 5.94658609429497
19 9 30 7078.1363 1e-05 0.959931088596881 0.901961224155641 0 6.14293563514433
19 9 31 7078.1363 1e-05 0.959931088596881 0.901961224155641 0 6.33928517599369
19 9 32 7078.1363 1e-05 0.959931088596881 0.901961224155641 0 6.53563471684305
19 10 1 7078.1363 1e-05 0.959931088596881 1.01416096178385 0 0.504898819326931
19 10 2 7078.1363 1e-05 0.959931088596881 1.01416096178385 0 0.701248360176293
19 10 3 7078.1363 1e-05 0.959931088596881 1.01416096178385 0 0.897597901025655
19 10 4 7078.1363 1e-05 0.959931088596881 1.01416096178385 0 1.09394744187502
19 10 5 7078.1363 1e-05 0.959931088596881 1.01416096178385 0 1.29029698272438
19 10 6 7078.1363 1e-05 0.959931088596881 1.01416096178385 0 1.48664652357374
19 10 7 7078.1363 1e-05 0.959931088596881 1.01416096178385 0 1.6829960644231
19 10 8 7078.1363 1e-05 0.959931088596881 1.01416096178385 0 1.87934560527247
19 10 9 7078.1363 1e-05 0.959931088596881 1.01416096178385 0 2.07569514612183
19 10 10 7078.1363 1e-05 0.959931088596881 1.01416096178385 0 2.27204468697119
19 10 11 7078.1363 1e-05 0.959931088596881 1.01416096178385 0 2.46839422782055
19 10 12 7078.1363 1e-05 0.959931088596881 1.01416096178385 0 2.66474376866991
19 10 13 7078.1363 1e-05 0.959931088596881 1.01416096178385 0 2.86109330951928
19 10 14 7078.1363 1e-05 0.959931088596881 1.01416096178385 0 3.05744285036864
19 10 15 7078.1363 1e-05 0.959931088596881 1.01416096178385 0 3.253792391218
19 10 16 7078.1363 1e-05 0.959931088596881 1.01416096178385 0 3.45014193206736
19 10 17 7078.1363 1e-05 0.959931088596881 1.01416096178385 0 3.64649147291672
19 10 18 7078.1363 1e-05 0.959931088596881 1.01416096178385 0 3.84284101376609
19 10 19 7078.1363 1e-05 0.959931088596881 1.01416096178385 0 4.03919055461545
19 10 20 7078.1363 1e-05 0.959931088596881 1.01416096178385 0 4.23554009546481
19 10 21 7078.1363 1e-05 0.959931088596881 1.01416096178385 0 4.43188963631417
19 10 22 7078.1363 1e-05 0.959931088596881 1.01416096178385 0 4.62823917716353
19 10 23 7078.1363 1e-05 0.959931088596881 1.01416096178385 0 4.8245887180129
19 10 24 7078.1363 1e-05 0.959931088596881 1.01416096178385 0 5.02093825886226
19 10 25 7078.1363 1e-05 0.959931088596881 1.01416096178385 0 5.21728779971162
19 10 26 7078.1363 1e-05 0.959931088596881 1.01416096178385 0 5.41363734056098
19 10 27 7078.1363 1e-05 0.959931088596881 1.01416096178385 0 5.60998688141034
19 10 28 7078.1363 1e-05 0.959931088596881 1.01416096178385 0 5.80633642225971
19 10 29 7078.1363 1e-05 0.959931088596881 1.01416096178385 0 6.00268596310907
19 10 30 7078.1363 1e-05 0.959931088596881 1.01416096178385 0 6.19903550395843
19 10 31 7078.1363 1e-05 0.959931088596881 1.01416096178385 0 6.39538504480779
19 10 32 7078.1363 1e-05 0.959931088596881 1.01416096178385 0 6.59173458565716
12 7 1 6863.1363 1e-05 0.959931088596881 1.06465084371654 0 0.478718880547016
12 7 2 6863.1363 1e-05 0.959931088596881 1.06465084371654 0 0.658238460752147
12 7 3 6863.1363 1e-05 0.959931088596881 1.06465084371654 0 0.837758040957278
12 7 4 6863.1363 1e-05 0.959931088596881 1.06465084371654 0 1.01727762116241
12 7 5 6863.1363 1e-05 0.959931088596881 1.06465084371654 0 1.19679720136754
12 7 6 6863.1363 1e-05 0.959931088596881 1.06465084371654 0 1.37631678157267
12 7 7 6863.1363 1e-05 0.959931088596881 1.06465084371654 0 1.5558363617778
12 7 8 6863.1363 1e-05 0.959931088596881 1.06465084371654 0 1.73535594198293
12 7 9 6863.1363 1e-05 0.959931088596881 1.06465084371654 0 1.91487552218806
12 7 10 6863.1363 1e-05 0.959931088596881 1.06465084371654 0 2.0943951023932
12 7 11 6863.1363 1e-05 0.959931088596881 1.06465084371654 0 2.27391468259833
12 7 12 6863.1363 1e-05 0.959931088596881 1.06465084371654 0 2.45343426280346
12 7 13 6863.1363 1e-05 0.959931088596881 1.06465084371654 0 2.63295384300859
12 7 14 6863.1363 1e-05 0.959931088596881 1.06465084371654 0 2.81247342321372
12 7 15 6863.1363 1e-05 0.959931088596881 1.06465084371654 0 2.99199300341885
12 7 16 6863.1363 1e-05 0.959931088596881 1.06465084371654 0 3.17151258362398
12 7 17 6863.1363 1e-05 0.959931088596881 1.06465084371654 0 3.35103216382911
12 7 18 6863.1363 1e-05 0.959931088596881 1.06465084371654 0 3.53055174403424
12 7 19 6863.1363 1e-05 0.959931088596881 1.06465084371654 0 3.71007132423937
12 7 20 6863.1363 1e-05 0.959931088596881 1.06465084371654 0 3.88959090444451
12 7 21 6863.1363 1e-05 0.959931088596881 1.06465084371654 0 4.06911048464964
12 7 22 6863.1363 1e-05 0.959931088596881 1.06465084371654 0 4.24863006485477
12 7 23 6863.1363 1e-05 0.959931088596881 1.06465084371654 0 4.4281496450599
12 7 24 6863.1363 1e-05 0.959931088596881 1.06465084371654 0 4.60766922526503
12 7 25 6863.1363 1e-05 0.959931088596881 1.06465084371654 0 4.78718880547016
12 7 26 6863.1363 1e-05 0.959931088596881 1.06465084371654 0 4.96670838567529
12 7 27 6863.1363 1e-05 0.959931088596881 1.06465084371654 0 5.14622796588042
12 7 28 6863.1363 1e-05 0.959931088596881 1.06465084371654 0 5.32574754608555
12 7 29 6863.1363 1e-05 0.959931088596881 1.06465084371654 0 5.50526712629069
12 7 30 6863.1363 1e-05 0.959931088596881 1.06465084371654 0 5.68478670649582
12 7 31 6863.1363 1e-05 0.959931088596881 1.06465084371654 0 5.86430628670095
12 7 32 6863.1363 1e-05 0.959931088596881 1.06465084371654 0 6.04382586690608
12 7 33 6863.1363 1e-05 0.959931088596881 1.06465084371654 0 6.22334544711121
12 7 34 6863.1363 1e-05 0.959931088596881 1.06465084371654 0 6.40286502731634
12 7 35 6863.1363 1e-05 0.959931088596881 1.06465084371654 0 6.58238460752147
16 7 1 6853.1363 1e-05 0.959931088596881 1.07337748997651 0 0.523598775598299
16 7 2 6853.1363 1e-05 0.959931088596881 1.07337748997651 0 0.649262481741891
16 7 3 6853.1363 1e-05 0.959931088596881 1.07337748997651 0 0.774926187885482
16 7 4 6853.1363 1e-05 0.959931088596881 1.07337748997651 0 0.900589894029074
16 7 5 6853.1363 1e-05 0.959931088596881 1.07337748997651 0 1.02625360017267
16 7 6 6853.1363 1e-05 0.959931088596881 1.07337748997651 0 1.15191730631626
16 7 7 6853.1363 1e-05 0.959931088596881 1.07337748997651 0 1.27758101245985
16 7 8 6853.1363 1e-05 0.959931088596881 1.07337748997651 0 1.40324471860344
16 7 9 6853.1363 1e-05 0.959931088596881 1.07337748997651 0 1.52890842474703
16 7 10 6853.1363 1e-05 0.959931088596881 1.07337748997651 0 1.65457213089062
16 7 11 6853.1363 1e-05 0.959931088596881 1.07337748997651 0 1.78023583703422
16 7 12 6853.1363 1e-05 0.959931088596881 1.07337748997651 0 1.90589954317781
16 7 13 6853.1363 1e-05 0.959931088596881 1.07337748997651 0 2.0315632493214
16 7 14 6853.1363 1e-05 0.959931088596881 1.07337748997651 0 2.15722695546499
16 7 15 6853.1363 1e-05 0.959931088596881 1.07337748997651 0 2.28289066160858
16 7 16 6853.1363 1e-05 0.959931088596881 1.07337748997651 0 2.40855436775218
16 7 17 6853.1363 1e-05 0.959931088596881 1.07337748997651 0 2.53421807389577
16 7 18 6853.1363 1e-05 0.959931088596881 1.07337748997651 0 2.65988178003936
16 7 19 6853.1363 1e-05 0.959931088596881 1.07337748997651 0 2.78554548618295
16 7 20 6853.1363 1e-05 0.959931088596881 1.07337748997651 0 2.91120919232654
16 7 21 6853.1363 1e-05 0.959931088596881 1.07337748997651 0 3.03687289847013
16 7 22 6853.1363 1e-05 0.959931088596881 1.07337748997651 0 3.16253660461373
16 7 23 6853.1363 1e-05 0.959931088596881 1.07337748997651 0 3.28820031075732
16 7 24 6853.1363 1e-05 0.959931088596881 1.07337748997651 0 3.41386401690091
16 7 25 6853.1363 1e-05 0.959931088596881 1.07337748997651 0 3.5395277230445
16 7 26 6853.1363 1e-05 0.959931088596881 1.07337748997651 0 3.66519142918809
16 7 27 6853.1363 1e-05 0.959931088596881 1.07337748997651 0 3.79085513533168
16 7 28 6853.1363 1e-05 0.959931088596881 1.07337748997651 0 3.91651884147528
16 7 29 6853.1363 1e-05 0.959931088596881 1.07337748997651 0 4.04218254761887
16 7 30 6853.1363 1e-05 0.959931088596881 1.07337748997651 0 4.16784625376246
16 7 31 6853.1363 1e-05 0.959931088596881 1.07337748997651 0 4.29350995990605
16 7 32 6853.1363 1e-05 0.959931088596881 1.07337748997651 0 4.41917366604964
16 7 33 6853.1363 1e-05 0.959931088596881 1.07337748997651 0 4.54483737219323
16 7 34 6853.1363 1e-05 0.959931088596881 1.07337748997651 0 4.67050107833683
16 7 35 6853.1363 1e-05 0.959931088596881 1.07337748997651 0 4.79616478448042
16 7 36 6853.1363 1e-05 0.959931088596881 1.07337748997651 0 4.92182849062401
16 7 37 6853.1363 1e-05 0.959931088596881 1.07337748997651 0 5.0474921967676
16 7 38 6853.1363 1e-05 0.959931088596881 1.07337748997651 0 5.17315590291119
16 7 39 6853.1363 1e-05 0.959931088596881 1.07337748997651 0 5.29881960905479
16 7 40 6853.1363 1e-05 0.959931088596881 1.07337748997651 0 5.42448331519838
16 7 41 6853.1363 1e-05 0.959931088596881 1.07337748997651 0 5.55014702134197
16 7 42 6853.1363 1e-05 0.959931088596881 1.07337748997651 0 5.67581072748556
16 7 43 6853.1363 1e-05 0.959931088596881 1.07337748997651 0 5.80147443362915
16 7 44 6853.1363 1e-05 0.959931088596881 1.07337748997651 0 5.92713813977274
16 7 45 6853.1363 1e-05 0.959931088596881 1.07337748997651 0 6.05280184591634
16 7 46 6853.1363 1e-05 0.959931088596881 1.07337748997651 0 6.17846555205993
16 7 47 6853.1363 1e-05 0.959931088596881 1.07337748997651 0 6.30412925820352
16 7 48 6853.1363 1e-05 0.959931088596881 1.07337748997651 0 6.42979296434711
16 7 49 6853.1363 1e-05 0.959931088596881 1.07337748997651 0 6.5554566704907
16 7 50 6853.1363 1e-05 0.959931088596881 1.07337748997651 0 6.68112037663429
13 6 1 6978.1363 1e-05 0.959931088596881 1.08210413623648 0 0.523598775598299
13 6 2 6978.1363 1e-05 0.959931088596881 1.08210413623648 0 0.733038285837618
13 6 3 6978.1363 1e-05 0.959931088596881 1.08210413623648 0 0.942477796076938
13 6 4 6978.1363 1e-05 0.959931088596881 1.08210413623648 0 1.15191730631626
13 6 5 6978.1363 1e-05 0.959931088596881 1.08210413623648 0 1.36135681655558
13 6 6 6978.1363 1e-05 0.959931088596881 1.08210413623648 0 1.5707963267949
13 6 7 6978.1363 1e-05 0.959931088596881 1.08210413623648 0 1.78023583703422
13 6 8 6978.1363 1e-05 0.959931088596881 1.08210413623648 0 1.98967534727354
13 6 9 6978.1363 1e-05 0.959931088596881 1.08210413623648 0 2.19911485751286
13 6 10 6978.1363 1e-05 0.959931088596881 1.08210413623648 0 2.40855436775217
13 6 11 6978.1363 1e-05 0.959931088596881 1.08210413623648 0 2.61799387799149
13 6 12 6978.1363 1e-05 0.959931088596881 1.08210413623648 0 2.82743338823081
13 6 13 6978.1363 1e-05 0.959931088596881 1.08210413623648 0 3.03687289847013
13 6 14 6978.1363 1e-05 0.959931088596881 1.08210413623648 0 3.24631240870945
13 6 15 6978.1363 1e-05 0.959931088596881 1.08210413623648 0 3.45575191894877
13 6 16 6978.1363 1e-05 0.959931088596881 1.08210413623648 0 3.66519142918809
13 6 17 6978.1363 1e-05 0.959931088596881 1.08210413623648 0 3.87463093942741
13 6 18 6978.1363 1e-05 0.959931088596881 1.08210413623648 0 4.08407044966673
13 6 19 6978.1363 1e-05 0.959931088596881 1.08210413623648 0 4.29350995990605
13 6 20 6978.1363 1e-05 0.959931088596881 1.08210413623648 0 4.50294947014537
13 6 21 6978.1363 1e-05 0.959931088596881 1.08210413623648 0 4.71238898038469
13 6 22 6978.1363 1e-05 0.959931088596881 1.08210413623648 0 4.92182849062401
13 6 23 6978.1363 1e-05 0.959931088596881 1.08210413623648 0 5.13126800086333
13 6 24 6978.1363 1e-05 0.959931088596881 1.08210413623648 0 5.34070751110265
13 6 25 6978.1363 1e-05 0.959931088596881 1.08210413623648 0 5.55014702134197
13 6 26 6978.1363 1e-05 0.959931088596881 1.08210413623648 0 5.75958653158129
13 6 27 6978.1363 1e-05 0.959931088596881 1.08210413623648 0 5.96902604182061
13 6 28 6978.1363 1e-05 0.959931088596881 1.08210413623648 0 6.17846555205993
13 6 29 6978.1363 1e-05 0.959931088596881 1.08210413623648 0 6.38790506229925
13 6 30 6978.1363 1e-05 0.959931088596881 1.08210413623648 0 6.59734457253857
19 11 1 7078.1363 1e-05 0.959931088596881 1.12636069941205 0 0.560998688141034
19 11 2 7078.1363 1e-05 0.959931088596881 1.12636069941205 0 0.757348228990397
19 11 3 7078.1363 1e-05 0.959931088596881 1.12636069941205 0 0.953697769839759
19 11 4 7078.1363 1e-05 0.959931088596881 1.12636069941205 0 1.15004731068912
19 11 5 7078.1363 1e-05 0.959931088596881 1.12636069941205 0 1.34639685153848
19 11 6 7078.1363 1e-05 0.959931088596881 1.12636069941205 0 1.54274639238784
19 11 7 7078.1363 1e-05 0.959931088596881 1.12636069941205 0 1.73909593323721
19 11 8 7078.1363 1e-05 0.959931088596881 1.12636069941205 0 1.93544547408657
19 11 9 7078.1363 1e-05 0.959931088596881 1.12636069941205 0 2.13179501493593
19 11 10 7078.1363 1e-05 0.959931088596881 1.12636069941205 0 2.32814455578529
19 11 11 7078.1363 1e-05 0.959931088596881 1.12636069941205 0 2.52449409663466
19 11 12 7078.1363 1e-05 0.959931088596881 1.12636069941205 0 2.72084363748402
19 11 13 7078.1363 1e-05 0.959931088596881 1.12636069941205 0 2.91719317833338
19 11 14 7078.1363 1e-05 0.959931088596881 1.12636069941205 0 3.11354271918274
19 11 15 7078.1363 1e-05 0.959931088596881 1.12636069941205 0 3.3098922600321
19 11 16 7078.1363 1e-05 0.959931088596881 1.12636069941205 0 3.50624180088147
19 11 17 7078.1363 1e-05 0.959931088596881 1.12636069941205 0 3.70259134173083
19 11 18 7078.1363 1e-05 0.959931088596881 1.12636069941205 0 3.89894088258019
19 11 19 7078.1363 1e-05 0.959931088596881 1.12636069941205 0 4.09529042342955
19 11 20 7078.1363 1e-05 0.959931088596881 1.12636069941205 0 4.29163996427891
19 11 21 7078.1363 1e-05 0.959931088596881 1.12636069941205 0 4.48798950512828
19 11 22 7078.1363 1e-05 0.959931088596881 1.12636069941205 0 4.68433904597764
19 11 23 7078.1363 1e-05 0.959931088596881 1.12636069941205 0 4.880688586827
19 11 24 7078.1363 1e-05 0.959931088596881 1.12636069941205 0 5.07703812767636
19 11 25 7078.1363 1e-05 0.959931088596881 1.12636069941205 0 5.27338766852572
19 11 26 7078.1363 1e-05 0.959931088596881 1.12636069941205 0 5.46973720937509
19 11 27 7078.1363 1e-05 0.959931088596881 1.12636069941205 0 5.66608675022445
19 11 28 7078.1363 1e-05 0.959931088596881 1.12636069941205 0 5.86243629107381
19 11 29 7078.1363 1e-05 0.959931088596881 1.12636069941205 0 6.05878583192317
19 11 30 7078.1363 1e-05 0.959931088596881 1.12636069941205 0 6.25513537277253
19 11 31 7078.1363 1e-05 0.959931088596881 1.12636069941205 0 6.4514849136219
19 11 32 7078.1363 1e-05 0.959931088596881 1.12636069941205 0 6.64783445447126
19 12 1 7078.1363 1e-05 0.959931088596881 1.23856043704026 0 0.617098556955138
19 12 2 7078.1363 1e-05 0.959931088596881 1.23856043704026 0 0.8134480978045
19 12 3 7078.1363 1e-05 0.959931088596881 1.23856043704026 0 1.00979763865386
19 12 4 7078.1363 1e-05 0.959931088596881 1.23856043704026 0 1.20614717950322
19 12 5 7078.1363 1e-05 0.959931088596881 1.23856043704026 0 1.40249672035259
19 12 6 7078.1363 1e-05 0.959931088596881 1.23856043704026 0 1.59884626120195
19 12 7 7078.1363 1e-05 0.959931088596881 1.23856043704026 0 1.79519580205131
19 12 8 7078.1363 1e-05 0.959931088596881 1.23856043704026 0 1.99154534290067
19 12 9 7078.1363 1e-05 0.959931088596881 1.23856043704026 0 2.18789488375003
19 12 10 7078.1363 1e-05 0.959931088596881 1.23856043704026 0 2.3842444245994
19 12 11 7078.1363 1e-05 0.959931088596881 1.23856043704026 0 2.58059396544876
19 12 12 7078.1363 1e-05 0.959931088596881 1.23856043704026 0 2.77694350629812
19 12 13 7078.1363 1e-05 0.959931088596881 1.23856043704026 0 2.97329304714748
19 12 14 7078.1363 1e-05 0.959931088596881 1.23856043704026 0 3.16964258799685
19 12 15 7078.1363 1e-05 0.959931088596881 1.23856043704026 0 3.36599212884621
19 12 16 7078.1363 1e-05 0.959931088596881 1.23856043704026 0 3.56234166969557
19 12 17 7078.1363 1e-05 0.959931088596881 1.23856043704026 0 3.75869121054493
19 12 18 7078.1363 1e-05 0.959931088596881 1.23856043704026 0 3.95504075139429
19 12 19 7078.1363 1e-05 0.959931088596881 1.23856043704026 0 4.15139029224366
19 12 20 7078.1363 1e-05 0.959931088596881 1.23856043704026 0 4.34773983309302
19 12 21 7078.1363 1e-05 0.959931088596881 1.23856043704026 0 4.54408937394238
19 12 22 7078.1363 1e-05 0.959931088596881 1.23856043704026 0 4.74043891479174
19 12 23 7078.1363 1e-05 0.959931088596881 1.23856043704026 0 4.9367884556411
19 12 24 7078.1363 1e-05 0.959931088596881 1.23856043704026 0 5.13313799649046
19 12 25 7078.1363 1e-05 0.959931088596881 1.23856043704026 0 5.32948753733983
19 12 26 7078.1363 1e-05 0.959931088596881 1.23856043704026 0 5.52583707818919
19 12 27 7078.1363 1e-05 0.959931088596881 1.23856043704026 0 5.72218661903855
19 12 28 7078.1363 1e-05 0.959931088596881 1.23856043704026 0 5.91853615988791
19 12 29 7078.1363 1e-05 0.959931088596881 1.23856043704026 0 6.11488570073728
19 12 30 7078.1363 1e-05 0.959931088596881 1.23856043704026 0 6.31123524158664
19 12 31 7078.1363 1e-05 0.959931088596881 1.23856043704026 0 6.507584782436
19 12 32 7078.1363 1e-05 0.959931088596881 1.23856043704026 0 6.70393432328536
12 8 1 6863.1363 1e-05 0.959931088596881 1.23918376891597 0 0.558505360638185
12 8 2 6863.1363 1e-05 0.959931088596881 1.23918376891597 0 0.738024940843316
12 8 3 6863.1363 1e-05 0.959931088596881 1.23918376891597 0 0.917544521048447
12 8 4 6863.1363 1e-05 0.959931088596881 1.23918376891597 0 1.09706410125358
12 8 5 6863.1363 1e-05 0.959931088596881 1.23918376891597 0 1.27658368145871
12 8 6 6863.1363 1e-05 0.959931088596881 1.23918376891597 0 1.45610326166384
12 8 7 6863.1363 1e-05 0.959931088596881 1.23918376891597 0 1.63562284186897
12 8 8 6863.1363 1e-05 0.959931088596881 1.23918376891597 0 1.8151424220741
12 8 9 6863.1363 1e-05 0.959931088596881 1.23918376891597 0 1.99466200227923
12 8 10 6863.1363 1e-05 0.959931088596881 1.23918376891597 0 2.17418158248436
12 8 11 6863.1363 1e-05 0.959931088596881 1.23918376891597 0 2.3537011626895
12 8 12 6863.1363 1e-05 0.959931088596881 1.23918376891597 0 2.53322074289463
12 8 13 6863.1363 1e-05 0.959931088596881 1.23918376891597 0 2.71274032309976
12 8 14 6863.1363 1e-05 0.959931088596881 1.23918376891597 0 2.89225990330489
12 8 15 6863.1363 1e-05 0.959931088596881 1.23918376891597 0 3.07177948351002
12 8 16 6863.1363 1e-05 0.959931088596881 1.23918376891597 0 3.25129906371515
12 8 17 6863.1363 1e-05 0.959931088596881 1.23918376891597 0 3.43081864392028
12 8 18 6863.1363 1e-05 0.959931088596881 1.23918376891597 0 3.61033822412541
12 8 19 6863.1363 1e-05 0.959931088596881 1.23918376891597 0 3.78985780433054
12 8 20 6863.1363 1e-05 0.959931088596881 1.23918376891597 0 3.96937738453568
12 8 21 6863.1363 1e-05 0.959931088596881 1.23918376891597 0 4.14889696474081
12 8 22 6863.1363 1e-05 0.959931088596881 1.23918376891597 0 4.32841654494594
12 8 23 6863.1363 1e-05 0.959931088596881 1.23918376891597 0 4.50793612515107
12 8 24 6863.1363 1e-05 0.959931088596881 1.23918376891597 0 4.6874557053562
12 8 25 6863.1363 1e-05 0.959931088596881 1.23918376891597 0 4.86697528556133
12 8 26 6863.1363 1e-05 0.959931088596881 1.23918376891597 0 5.04649486576646
12 8 27 6863.1363 1e-05 0.959931088596881 1.23918376891597 0 5.22601444597159
12 8 28 6863.1363 1e-05 0.959931088596881 1.23918376891597 0 5.40553402617672
12 8 29 6863.1363 1e-05 0.959931088596881 1.23918376891597 0 5.58505360638185
12 8 30 6863.1363 1e-05 0.959931088596881 1.23918376891597 0 5.76457318658699
12 8 31 6863.1363 1e-05 0.959931088596881 1.23918376891597 0 5.94409276679212
12 8 32 6863.1363 1e-05 0.959931088596881 1.23918376891597 0 6.12361234699725
12 8 33 6863.1363 1e-05 0.959931088596881 1.23918376891597 0 6.30313192720238
12 8 34 6863.1363 1e-05 0.959931088596881 1.23918376891597 0 6.48265150740751
12 8 35 6863.1363 1e-05 0.959931088596881 1.23918376891597 0 6.66217108761264
16 8 1 6853.1363 1e-05 0.959931088596881 1.24791041517595 0 0.610865238198015
16 8 2 6853.1363 1e-05 0.959931088596881 1.24791041517595 0 0.736528944341607
16 8 3 6853.1363 1e-05 0.959931088596881 1.24791041517595 0 0.862192650485199
16 8 4 6853.1363 1e-05 0.959931088596881 1.24791041517595 0 0.987856356628791
16 8 5 6853.1363 1e-05 0.959931088596881 1.24791041517595 0 1.11352006277238
16 8 6 6853.1363 1e-05 0.959931088596881 1.24791041517595 0 1.23918376891597
16 8 7 6853.1363 1e-05 0.959931088596881 1.24791041517595 0 1.36484747505957
16 8 8 6853.1363 1e-05 0.959931088596881 1.24791041517595 0 1.49051118120316
16 8 9 6853.1363 1e-05 0.959931088596881 1.24791041517595 0 1.61617488734675
16 8 10 6853.1363 1e-05 0.959931088596881 1.24791041517595 0 1.74183859349034
16 8 11 6853.1363 1e-05 0.959931088596881 1.24791041517595 0 1.86750229963393
16 8 12 6853.1363 1e-05 0.959931088596881 1.24791041517595 0 1.99316600577752
16 8 13 6853.1363 1e-05 0.959931088596881 1.24791041517595 0 2.11882971192112
16 8 14 6853.1363 1e-05 0.959931088596881 1.24791041517595 0 2.24449341806471
16 8 15 6853.1363 1e-05 0.959931088596881 1.24791041517595 0 2.3701571242083
16 8 16 6853.1363 1e-05 0.959931088596881 1.24791041517595 0 2.49582083035189
16 8 17 6853.1363 1e-05 0.959931088596881 1.24791041517595 0 2.62148453649548
16 8 18 6853.1363 1e-05 0.959931088596881 1.24791041517595 0 2.74714824263908
16 8 19 6853.1363 1e-05 0.959931088596881 1.24791041517595 0 2.87281194878267
16 8 20 6853.1363 1e-05 0.959931088596881 1.24791041517595 0 2.99847565492626
16 8 21 6853.1363 1e-05 0.959931088596881 1.24791041517595 0 3.12413936106985
16 8 22 6853.1363 1e-05 0.959931088596881 1.24791041517595 0 3.24980306721344
16 8 23 6853.1363 1e-05 0.959931088596881 1.24791041517595 0 3.37546677335703
16 8 24 6853.1363 1e-05 0.959931088596881 1.24791041517595 0 3.50113047950062
16 8 25 6853.1363 1e-05 0.959931088596881 1.24791041517595 0 3.62679418564422
16 8 26 6853.1363 1e-05 0.959931088596881 1.24791041517595 0 3.75245789178781
16 8 27 6853.1363 1e-05 0.959931088596881 1.24791041517595 0 3.8781215979314
16 8 28 6853.1363 1e-05 0.959931088596881 1.24791041517595 0 4.00378530407499
16 8 29 6853.1363 1e-05 0.959931088596881 1.24791041517595 0 4.12944901021858
16 8 30 6853.1363 1e-05 0.959931088596881 1.24791041517595 0 4.25511271636218
16 8 31 6853.1363 1e-05 0.959931088596881 1.24791041517595 0 4.38077642250577
16 8 32 6853.1363 1e-05 0.959931088596881 1.24791041517595 0 4.50644012864936
16 8 33 6853.1363 1e-05 0.959931088596881 1.24791041517595 0 4.63210383479295
16 8 34 6853.1363 1e-05 0.959931088596881 1.24791041517595 0 4.75776754093654
16 8 35 6853.1363 1e-05 0.959931088596881 1.24791041517595 0 4.88343124708013
16 8 36 6853.1363 1e-05 0.959931088596881 1.24791041517595 0 5.00909495322373
16 8 37 6853.1363 1e-05 0.959931088596881 1.24791041517595 0 5.13475865936732
16 8 38 6853.1363 1e-05 0.959931088596881 1.24791041517595 0 5.26042236551091
16 8 39 6853.1363 1e-05 0.959931088596881 1.24791041517595 0 5.3860860716545
16 8 40 6853.1363 1e-05 0.959931088596881 1.24791041517595 0 5.51174977779809
16 8 41 6853.1363 1e-05 0.959931088596881 1.24791041517595 0 5.63741348394168
16 8 42 6853.1363 1e-05 0.959931088596881 1.24791041517595 0 5.76307719008528
16 8 43 6853.1363 1e-05 0.959931088596881 1.24791041517595 0 5.88874089622887
16 8 44 6853.1363 1e-05 0.959931088596881 1.24791041517595 0 6.01440460237246
16 8 45 6853.1363 1e-05 0.959931088596881 1.24791041517595 0 6.14006830851605
16 8 46 6853.1363 1e-05 0.959931088596881 1.24791041517595 0 6.26573201465964
16 8 47 6853.1363 1e-05 0.959931088596881 1.24791041517595 0 6.39139572080324
16 8 48 6853.1363 1e-05 0.959931088596881 1.24791041517595 0 6.51705942694683
16 8 49 6853.1363 1e-05 0.959931088596881 1.24791041517595 0 6.64272313309042
16 8 50 6853.1363 1e-05 0.959931088596881 1.24791041517595 0 6.76838683923401
13 7 1 6978.1363 1e-05 0.959931088596881 1.2915436464758 0 0.628318530717959
13 7 2 6978.1363 1e-05 0.959931088596881 1.2915436464758 0 0.837758040957278
13 7 3 6978.1363 1e-05 0.959931088596881 1.2915436464758 0 1.0471975511966
13 7 4 6978.1363 1e-05 0.959931088596881 1.2915436464758 0 1.25663706143592
13 7 5 6978.1363 1e-05 0.959931088596881 1.2915436464758 0 1.46607657167524
13 7 6 6978.1363 1e-05 0.959931088596881 1.2915436464758 0 1.67551608191456
13 7 7 6978.1363 1e-05 0.959931088596881 1.2915436464758 0 1.88495559215388
13 7 8 6978.1363 1e-05 0.959931088596881 1.2915436464758 0 2.0943951023932
13 7 9 6978.1363 1e-05 0.959931088596881 1.2915436464758 0 2.30383461263251
13 7 10 6978.1363 1e-05 0.959931088596881 1.2915436464758 0 2.51327412287183
13 7 11 6978.1363 1e-05 0.959931088596881 1.2915436464758 0 2.72271363311115
13 7 12 6978.1363 1e-05 0.959931088596881 1.2915436464758 0 2.93215314335047
13 7 13 6978.1363 1e-05 0.959931088596881 1.2915436464758 0 3.14159265358979
13 7 14 6978.1363 1e-05 0.959931088596881 1.2915436464758 0 3.35103216382911
13 7 15 6978.1363 1e-05 0.959931088596881 1.2915436464758 0 3.56047167406843
13 7 16 6978.1363 1e-05 0.959931088596881 1.2915436464758 0 3.76991118430775
13 7 17 6978.1363 1e-05 0.959931088596881 1.2915436464758 0 3.97935069454707
13 7 18 6978.1363 1e-05 0.959931088596881 1.2915436464758 0 4.18879020478639
13 7 19 6978.1363 1e-05 0.959931088596881 1.2915436464758 0 4.39822971502571
13 7 20 6978.1363 1e-05 0.959931088596881 1.2915436464758 0 4.60766922526503
13 7 21 6978.1363 1e-05 0.959931088596881 1.2915436464758 0 4.81710873550435
13 7 22 6978.1363 1e-05 0.959931088596881 1.2915436464758 0 5.02654824574367
13 7 23 6978.1363 1e-05 0.959931088596881 1.2915436464758 0 5.23598775598299
13 7 24 6978.1363 1e-05 0.959931088596881 1.2915436464758 0 5.44542726622231
13 7 25 6978.1363 1e-05 0.959931088596881 1.2915436464758 0 5.65486677646163
13 7 26 6978.1363 1e-05 0.959931088596881 1.2915436464758 0 5.86430628670095
13 7 27 6978.1363 1e-05 0.959931088596881 1.2915436464758 0 6.07374579694027
13 7 28 6978.1363 1e-05 0.959931088596881 1.2915436464758 0 6.28318530717959
13 7 29 6978.1363 1e-05 0.959931088596881 1.2915436464758 0 6.49262481741891
13 7 30 6978.1363 1e-05 0.959931088596881 1.2915436464758 0 6.70206432765823
19 13 1 7078.1363 1e-05 0.959931088596881 1.35076017466847 0 0.673198425769241
19 13 2 7078.1363 1e-05 0.959931088596881 1.35076017466847 0 0.869547966618603
19 13 3 7078.1363 1e-05 0.959931088596881 1.35076017466847 0 1.06589750746797
19 13 4 7078.1363 1e-05 0.959931088596881 1.35076017466847 0 1.26224704831733
19 13 5 7078.1363 1e-05 0.959931088596881 1.35076017466847 0 1.45859658916669
19 13 6 7078.1363 1e-05 0.959931088596881 1.35076017466847 0 1.65494613001605
19 13 7 7078.1363 1e-05 0.959931088596881 1.35076017466847 0 1.85129567086541
19 13 8 7078.1363 1e-05 0.959931088596881 1.35076017466847 0 2.04764521171478
19 13 9 7078.1363 1e-05 0.959931088596881 1.35076017466847 0 2.24399475256414
19 13 10 7078.1363 1e-05 0.959931088596881 1.35076017466847 0 2.4403442934135
19 13 11 7078.1363 1e-05 0.959931088596881 1.35076017466847 0 2.63669383426286
19 13 12 7078.1363 1e-05 0.959931088596881 1.35076017466847 0 2.83304337511222
19 13 13 7078.1363 1e-05 0.959931088596881 1.35076017466847 0 3.02939291596159
19 13 14 7078.1363 1e-05 0.959931088596881 1.35076017466847 0 3.22574245681095
19 13 15 7078.1363 1e-05 0.959931088596881 1.35076017466847 0 3.42209199766031
19 13 16 7078.1363 1e-05 0.959931088596881 1.35076017466847 0 3.61844153850967
19 13 17 7078.1363 1e-05 0.959931088596881 1.35076017466847 0 3.81479107935903
19 13 18 7078.1363 1e-05 0.959931088596881 1.35076017466847 0 4.0111406202084
19 13 19 7078.1363 1e-05 0.959931088596881 1.35076017466847 0 4.20749016105776
19 13 20 7078.1363 1e-05 0.959931088596881 1.35076017466847 0 4.40383970190712
19 13 21 7078.1363 1e-05 0.959931088596881 1.35076017466847 0 4.60018924275648
19 13 22 7078.1363 1e-05 0.959931088596881 1.35076017466847 0 4.79653878360585
19 13 23 7078.1363 1e-05 0.959931088596881 1.35076017466847 0 4.99288832445521
19 13 24 7078.1363 1e-05 0.959931088596881 1.35076017466847 0 5.18923786530457
19 13 25 7078.1363 1e-05 0.959931088596881 1.35076017466847 0 5.38558740615393
19 13 26 7078.1363 1e-05 0.959931088596881 1.35076017466847 0 5.58193694700329
19 13 27 7078.1363 1e-05 0.959931088596881 1.35076017466847 0 5.77828648785266
19 13 28 7078.1363 1e-05 0.959931088596881 1.35076017466847 0 5.97463602870202
19 13 29 7078.1363 1e-05 0.959931088596881 1.35076017466847 0 6.17098556955138
19 13 30 7078.1363 1e-05 0.959931088596881 1.35076017466847 0 6.36733511040074
19 13 31 7078.1363 1e-05 0.959931088596881 1.35076017466847 0 6.5636846512501
19 13 32 7078.1363 1e-05 0.959931088596881 1.35076017466847 0 6.76003419209947
12 9 1 6863.1363 1e-05 0.959931088596881 1.41371669411541 0 0.638291840729355
12 9 2 6863.1363 1e-05 0.959931088596881 1.41371669411541 0 0.817811420934486
12 9 3 6863.1363 1e-05 0.959931088596881 1.41371669411541 0 0.997331001139617
12 9 4 6863.1363 1e-05 0.959931088596881 1.41371669411541 0 1.17685058134475
12 9 5 6863.1363 1e-05 0.959931088596881 1.41371669411541 0 1.35637016154988
12 9 6 6863.1363 1e-05 0.959931088596881 1.41371669411541 0 1.53588974175501
12 9 7 6863.1363 1e-05 0.959931088596881 1.41371669411541 0 1.71540932196014
12 9 8 6863.1363 1e-05 0.959931088596881 1.41371669411541 0 1.89492890216527
12 9 9 6863.1363 1e-05 0.959931088596881 1.41371669411541 0 2.0744484823704
12 9 10 6863.1363 1e-05 0.959931088596881 1.41371669411541 0 2.25396806257553
12 9 11 6863.1363 1e-05 0.959931088596881 1.41371669411541 0 2.43348764278067
12 9 12 6863.1363 1e-05 0.959931088596881 1.41371669411541 0 2.6130072229858
12 9 13 6863.1363 1e-05 0.959931088596881 1.41371669411541 0 2.79252680319093
12 9 14 6863.1363 1e-05 0.959931088596881 1.41371669411541 0 2.97204638339606
12 9 15 6863.1363 1e-05 0.959931088596881 1.41371669411541 0 3.15156596360119
12 9 16 6863.1363 1e-05 0.959931088596881 1.41371669411541 0 3.33108554380632
12 9 17 6863.1363 1e-05 0.959931088596881 1.41371669411541 0 3.51060512401145
12 9 18 6863.1363 1e-05 0.959931088596881 1.41371669411541 0 3.69012470421658
12 9 19 6863.1363 1e-05 0.959931088596881 1.41371669411541 0 3.86964428442171
12 9 20 6863.1363 1e-05 0.959931088596881 1.41371669411541 0 4.04916386462684
12 9 21 6863.1363 1e-05 0.959931088596881 1.41371669411541 0 4.22868344483198
12 9 22 6863.1363 1e-05 0.959931088596881 1.41371669411541 0 4.40820302503711
12 9 23 6863.1363 1e-05 0.959931088596881 1.41371669411541 0 4.58772260524224
12 9 24 6863.1363 1e-05 0.959931088596881 1.41371669411541 0 4.76724218544737
12 9 25 6863.1363 1e-05 0.959931088596881 1.41371669411541 0 4.9467617656525
12 9 26 6863.1363 1e-05 0.959931088596881 1.41371669411541 0 5.12628134585763
12 9 27 6863.1363 1e-05 0.959931088596881 1.41371669411541 0 5.30580092606276
12 9 28 6863.1363 1e-05 0.959931088596881 1.41371669411541 0 5.48532050626789
12 9 29 6863.1363 1e-05 0.959931088596881 1.41371669411541 0 5.66484008647302
12 9 30 6863.1363 1e-05 0.959931088596881 1.41371669411541 0 5.84435966667816
12 9 31 6863.1363 1e-05 0.959931088596881 1.41371669411541 0 6.02387924688329
12 9 32 6863.1363 1e-05 0.959931088596881 1.41371669411541 0 6.20339882708842
12 9 33 6863.1363 1e-05 0.959931088596881 1.41371669411541 0 6.38291840729355
12 9 34 6863.1363 1e-05 0.959931088596881 1.41371669411541 0 6.56243798749868
12 9 35 6863.1363 1e-05 0.959931088596881 1.41371669411541 0 6.74195756770381
16 9 1 6853.1363 1e-05 0.959931088596881 1.42244334037538 0 0.698131700797732
16 9 2 6853.1363 1e-05 0.959931088596881 1.42244334037538 0 0.823795406941324
16 9 3 6853.1363 1e-05 0.959931088596881 1.42244334037538 0 0.949459113084915
16 9 4 6853.1363 1e-05 0.959931088596881 1.42244334037538 0 1.07512281922851
16 9 5 6853.1363 1e-05 0.959931088596881 1.42244334037538 0 1.2007865253721
16 9 6 6853.1363 1e-05 0.959931088596881 1.42244334037538 0 1.32645023151569
16 9 7 6853.1363 1e-05 0.959931088596881 1.42244334037538 0 1.45211393765928
16 9 8 6853.1363 1e-05 0.959931088596881 1.42244334037538 0 1.57777764380287
16 9 9 6853.1363 1e-05 0.959931088596881 1.42244334037538 0 1.70344134994647
16 9 10 6853.1363 1e-05 0.959931088596881 1.42244334037538 0 1.82910505609006
16 9 11 6853.1363 1e-05 0.959931088596881 1.42244334037538 0 1.95476876223365
16 9 12 6853.1363 1e-05 0.959931088596881 1.42244334037538 0 2.08043246837724
16 9 13 6853.1363 1e-05 0.959931088596881 1.42244334037538 0 2.20609617452083
16 9 14 6853.1363 1e-05 0.959931088596881 1.42244334037538 0 2.33175988066442
16 9 15 6853.1363 1e-05 0.959931088596881 1.42244334037538 0 2.45742358680802
16 9 16 6853.1363 1e-05 0.959931088596881 1.42244334037538 0 2.58308729295161
16 9 17 6853.1363 1e-05 0.959931088596881 1.42244334037538 0 2.7087509990952
16 9 18 6853.1363 1e-05 0.959931088596881 1.42244334037538 0 2.83441470523879
16 9 19 6853.1363 1e-05 0.959931088596881 1.42244334037538 0 2.96007841138238
16 9 20 6853.1363 1e-05 0.959931088596881 1.42244334037538 0 3.08574211752597
16 9 21 6853.1363 1e-05 0.959931088596881 1.42244334037538 0 3.21140582366957
16 9 22 6853.1363 1e-05 0.959931088596881 1.42244334037538 0 3.33706952981316
16 9 23 6853.1363 1e-05 0.959931088596881 1.42244334037538 0 3.46273323595675
16 9 24 6853.1363 1e-05 0.959931088596881 1.42244334037538 0 3.58839694210034
16 9 25 6853.1363 1e-05 0.959931088596881 1.42244334037538 0 3.71406064824393
16 9 26 6853.1363 1e-05 0.959931088596881 1.42244334037538 0 3.83972435438753
16 9 27 6853.1363 1e-05 0.959931088596881 1.42244334037538 0 3.96538806053112
16 9 28 6853.1363 1e-05 0.959931088596881 1.42244334037538 0 4.09105176667471
16 9 29 6853.1363 1e-05 0.959931088596881 1.42244334037538 0 4.2167154728183
16 9 30 6853.1363 1e-05 0.959931088596881 1.42244334037538 0 4.34237917896189
16 9 31 6853.1363 1e-05 0.959931088596881 1.42244334037538 0 4.46804288510548
16 9 32 6853.1363 1e-05 0.959931088596881 1.42244334037538 0 4.59370659124908
16 9 33 6853.1363 1e-05 0.959931088596881 1.42244334037538 0 4.71937029739267
16 9 34 6853.1363 1e-05 0.959931088596881 1.42244334037538 0 4.84503400353626
16 9 35 6853.1363 1e-05 0.959931088596881 1.42244334037538 0 4.97069770967985
16 9 36 6853.1363 1e-05 0.959931088596881 1.42244334037538 0 5.09636141582344
16 9 37 6853.1363 1e-05 0.959931088596881 1.42244334037538 0 5.22202512196703
16 9 38 6853.1363 1e-05 0.959931088596881 1.42244334037538 0 5.34768882811063
16 9 39 6853.1363 1e-05 0.959931088596881 1.42244334037538 0 5.47335253425422
16 9 40 6853.1363 1e-05 0.959931088596881 1.42244334037538 0 5.59901624039781
16 9 41 6853.1363 1e-05 0.959931088596881 1.42244334037538 0 5.7246799465414
16 9 42 6853.1363 1e-05 0.959931088596881 1.42244334037538 0 5.85034365268499
16 9 43 6853.1363 1e-05 0.959931088596881 1.42244334037538 0 5.97600735882858
16 9 44 6853.1363 1e-05 0.959931088596881 1.42244334037538 0 6.10167106497218
16 9 45 6853.1363 1e-05 0.959931088596881 1.42244334037538 0 6.22733477111577
16 9 46 6853.1363 1e-05 0.959931088596881 1.42244334037538 0 6.35299847725936
16 9 47 6853.1363 1e-05 0.959931088596881 1.42244334037538 0 6.47866218340295
16 9 48 6853.1363 1e-05 0.959931088596881 1.42244334037538 0 6.60432588954654
16 9 49 6853.1363 1e-05 0.959931088596881 1.42244334037538 0 6.72998959569014
16 9 50 6853.1363 1e-05 0.959931088596881 1.42244334037538 0 6.85565330183373
19 14 1 7078.1363 1e-05 0.959931088596881 1.46295991229668 0 0.729298294583345
19 14 2 7078.1363 1e-05 0.959931088596881 1.46295991229668 0 0.925647835432707
19 14 3 7078.1363 1e-05 0.959931088596881 1.46295991229668 0 1.12199737628207
19 14 4 7078.1363 1e-05 0.959931088596881 1.46295991229668 0 1.31834691713143
19 14 5 7078.1363 1e-05 0.959931088596881 1.46295991229668 0 1.51469645798079
19 14 6 7078.1363 1e-05 0.959931088596881 1.46295991229668 0 1.71104599883016
19 14 7 7078.1363 1e-05 0.959931088596881 1.46295991229668 0 1.90739553967952
19 14 8 7078.1363 1e-05 0.959931088596881 1.46295991229668 0 2.10374508052888
19 14 9 7078.1363 1e-05 0.959931088596881 1.46295991229668 0 2.30009462137824
19 14 10 7078.1363 1e-05 0.959931088596881 1.46295991229668 0 2.4964441622276
19 14 11 7078.1363 1e-05 0.959931088596881 1.46295991229668 0 2.69279370307697
19 14 12 7078.1363 1e-05 0.959931088596881 1.46295991229668 0 2.88914324392633
19 14 13 7078.1363 1e-05 0.959931088596881 1.46295991229668 0 3.08549278477569
19 14 14 7078.1363 1e-05 0.959931088596881 1.46295991229668 0 3.28184232562505
19 14 15 7078.1363 1e-05 0.959931088596881 1.46295991229668 0 3.47819186647441
19 14 16 7078.1363 1e-05 0.959931088596881 1.46295991229668 0 3.67454140732378
19 14 17 7078.1363 1e-05 0.959931088596881 1.46295991229668 0 3.87089094817314
19 14 18 7078.1363 1e-05 0.959931088596881 1.46295991229668 0 4.0672404890225
19 14 19 7078.1363 1e-05 0.959931088596881 1.46295991229668 0 4.26359002987186
19 14 20 7078.1363 1e-05 0.959931088596881 1.46295991229668 0 4.45993957072122
19 14 21 7078.1363 1e-05 0.959931088596881 1.46295991229668 0 4.65628911157059
19 14 22 7078.1363 1e-05 0.959931088596881 1.46295991229668 0 4.85263865241995
19 14 23 7078.1363 1e-05 0.959931088596881 1.46295991229668 0 5.04898819326931
19 14 24 7078.1363 1e-05 0.959931088596881 1.46295991229668 0 5.24533773411867
19 14 25 7078.1363 1e-05 0.959931088596881 1.46295991229668 0 5.44168727496803
19 14 26 7078.1363 1e-05 0.959931088596881 1.46295991229668 0 5.6380368158174
19 14 27 7078.1363 1e-05 0.959931088596881 1.46295991229668 0 5.83438635666676
19 14 28 7078.1363 1e-05 0.959931088596881 1.46295991229668 0 6.03073589751612
19 14 29 7078.1363 1e-05 0.959931088596881 1.46295991229668 0 6.22708543836548
19 14 30 7078.1363 1e-05 0.959931088596881 1.46295991229668 0 6.42343497921484
19 14 31 7078.1363 1e-05 0.959931088596881 1.46295991229668 0 6.61978452006421
19 14 32 7078.1363 1e-05 0.959931088596881 1.46295991229668 0 6.81613406091357
13 8 1 6978.1363 1e-05 0.959931088596881 1.50098315671512 0 0.733038285837618
13 8 2 6978.1363 1e-05 0.959931088596881 1.50098315671512 0 0.942477796076938
13 8 3 6978.1363 1e-05 0.959931088596881 1.50098315671512 0 1.15191730631626
13 8 4 6978.1363 1e-05 0.959931088596881 1.50098315671512 0 1.36135681655558
13 8 5 6978.1363 1e-05 0.959931088596881 1.50098315671512 0 1.5707963267949
13 8 6 6978.1363 1e-05 0.959931088596881 1.50098315671512 0 1.78023583703422
13 8 7 6978.1363 1e-05 0.959931088596881 1.50098315671512 0 1.98967534727354
13 8 8 6978.1363 1e-05 0.959931088596881 1.50098315671512 0 2.19911485751286
13 8 9 6978.1363 1e-05 0.959931088596881 1.50098315671512 0 2.40855436775217
13 8 10 6978.1363 1e-05 0.959931088596881 1.50098315671512 0 2.61799387799149
13 8 11 6978.1363 1e-05 0.959931088596881 1.50098315671512 0 2.82743338823081
13 8 12 6978.1363 1e-05 0.959931088596881 1.50098315671512 0 3.03687289847013
13 8 13 6978.1363 1e-05 0.959931088596881 1.50098315671512 0 3.24631240870945
13 8 14 6978.1363 1e-05 0.959931088596881 1.50098315671512 0 3.45575191894877
13 8 15 6978.1363 1e-05 0.959931088596881 1.50098315671512 0 3.66519142918809
13 8 16 6978.1363 1e-05 0.959931088596881 1.50098315671512 0 3.87463093942741
13 8 17 6978.1363 1e-05 0.959931088596881 1.50098315671512 0 4.08407044966673
13 8 18 6978.1363 1e-05 0.959931088596881 1.50098315671512 0 4.29350995990605
13 8 19 6978.1363 1e-05 0.959931088596881 1.50098315671512 0 4.50294947014537
13 8 20 6978.1363 1e-05 0.959931088596881 1.50098315671512 0 4.71238898038469
13 8 21 6978.1363 1e-05 0.959931088596881 1.50098315671512 0 4.92182849062401
13 8 22 6978.1363 1e-05 0.959931088596881 1.50098315671512 0 5.13126800086333
13 8 23 6978.1363 1e-05 0.959931088596881 1.50098315671512 0 5.34070751110265
13 8 24 6978.1363 1e-05 0.959931088596881 1.50098315671512 0 5.55014702134197
13 8 25 6978.1363 1e-05 0.959931088596881 1.50098315671512 0 5.75958653158129
13 8 26 6978.1363 1e-05 0.959931088596881 1.50098315671512 0 5.96902604182061
13 8 27 6978.1363 1e-05 0.959931088596881 1.50098315671512 0 6.17846555205993
13 8 28 6978.1363 1e-05 0.959931088596881 1.50098315671512 0 6.38790506229925
13 8 29 6978.1363 1e-05 0.959931088596881 1.50098315671512 0 6.59734457253856
13 8 30 6978.1363 1e-05 0.959931088596881 1.50098315671512 0 6.80678408277788
19 15 1 7078.1363 1e-05 0.959931088596881 1.57515964992488 0 0.785398163397448
19 15 2 7078.1363 1e-05 0.959931088596881 1.57515964992488 0 0.98174770424681
19 15 3 7078.1363 1e-05 0.959931088596881 1.57515964992488 0 1.17809724509617
19 15 4 7078.1363 1e-05 0.959931088596881 1.57515964992488 0 1.37444678594553
19 15 5 7078.1363 1e-05 0.959931088596881 1.57515964992488 0 1.5707963267949
19 15 6 7078.1363 1e-05 0.959931088596881 1.57515964992488 0 1.76714586764426
19 15 7 7078.1363 1e-05 0.959931088596881 1.57515964992488 0 1.96349540849362
19 15 8 7078.1363 1e-05 0.959931088596881 1.57515964992488 0 2.15984494934298
19 15 9 7078.1363 1e-05 0.959931088596881 1.57515964992488 0 2.35619449019234
19 15 10 7078.1363 1e-05 0.959931088596881 1.57515964992488 0 2.55254403104171
19 15 11 7078.1363 1e-05 0.959931088596881 1.57515964992488 0 2.74889357189107
19 15 12 7078.1363 1e-05 0.959931088596881 1.57515964992488 0 2.94524311274043
19 15 13 7078.1363 1e-05 0.959931088596881 1.57515964992488 0 3.14159265358979
19 15 14 7078.1363 1e-05 0.959931088596881 1.57515964992488 0 3.33794219443916
19 15 15 7078.1363 1e-05 0.959931088596881 1.57515964992488 0 3.53429173528852
19 15 16 7078.1363 1e-05 0.959931088596881 1.57515964992488 0 3.73064127613788
19 15 17 7078.1363 1e-05 0.959931088596881 1.57515964992488 0 3.92699081698724
19 15 18 7078.1363 1e-05 0.959931088596881 1.57515964992488 0 4.1233403578366
19 15 19 7078.1363 1e-05 0.959931088596881 1.57515964992488 0 4.31968989868597
19 15 20 7078.1363 1e-05 0.959931088596881 1.57515964992488 0 4.51603943953533
19 15 21 7078.1363 1e-05 0.959931088596881 1.57515964992488 0 4.71238898038469
19 15 22 7078.1363 1e-05 0.959931088596881 1.57515964992488 0 4.90873852123405
19 15 23 7078.1363 1e-05 0.959931088596881 1.57515964992488 0 5.10508806208341
19 15 24 7078.1363 1e-05 0.959931088596881 1.57515964992488 0 5.30143760293278
19 15 25 7078.1363 1e-05 0.959931088596881 1.57515964992488 0 5.49778714378214
19 15 26 7078.1363 1e-05 0.959931088596881 1.57515964992488 0 5.6941366846315
19 15 27 7078.1363 1e-05 0.959931088596881 1.57515964992488 0 5.89048622548086
19 15 28 7078.1363 1e-05 0.959931088596881 1.57515964992488 0 6.08683576633022
19 15 29 7078.1363 1e-05 0.959931088596881 1.57515964992488 0 6.28318530717959
19 15 30 7078.1363 1e-05 0.959931088596881 1.57515964992488 0 6.47953484802895
19 15 31 7078.1363 1e-05 0.959931088596881 1.57515964992488 0 6.67588438887831
19 15 32 7078.1363 1e-05 0.959931088596881 1.57515964992488 0 6.87223392972767
12 10 1 6863.1363 1e-05 0.959931088596881 1.58824961931484 0 0.718078320820524
12 10 2 6863.1363 1e-05 0.959931088596881 1.58824961931484 0 0.897597901025655
12 10 3 6863.1363 1e-05 0.959931088596881 1.58824961931484 0 1.07711748123079
12 10 4 6863.1363 1e-05 0.959931088596881 1.58824961931484 0 1.25663706143592
12 10 5 6863.1363 1e-05 0.959931088596881 1.58824961931484 0 1.43615664164105
12 10 6 6863.1363 1e-05 0.959931088596881 1.58824961931484 0 1.61567622184618
12 10 7 6863.1363 1e-05 0.959931088596881 1.58824961931484 0 1.79519580205131
12 10 8 6863.1363 1e-05 0.959931088596881 1.58824961931484 0 1.97471538225644
12 10 9 6863.1363 1e-05 0.959931088596881 1.58824961931484 0 2.15423496246157
12 10 10 6863.1363 1e-05 0.959931088596881 1.58824961931484 0 2.3337545426667
12 10 11 6863.1363 1e-05 0.959931088596881 1.58824961931484 0 2.51327412287183
12 10 12 6863.1363 1e-05 0.959931088596881 1.58824961931484 0 2.69279370307697
12 10 13 6863.1363 1e-05 0.959931088596881 1.58824961931484 0 2.8723132832821
12 10 14 6863.1363 1e-05 0.959931088596881 1.58824961931484 0 3.05183286348723
12 10 15 6863.1363 1e-05 0.959931088596881 1.58824961931484 0 3.23135244369236
12 10 16 6863.1363 1e-05 0.959931088596881 1.58824961931484 0 3.41087202389749
12 10 17 6863.1363 1e-05 0.959931088596881 1.58824961931484 0 3.59039160410262
12 10 18 6863.1363 1e-05 0.959931088596881 1.58824961931484 0 3.76991118430775
12 10 19 6863.1363 1e-05 0.959931088596881 1.58824961931484 0 3.94943076451288
12 10 20 6863.1363 1e-05 0.959931088596881 1.58824961931484 0 4.12895034471801
12 10 21 6863.1363 1e-05 0.959931088596881 1.58824961931484 0 4.30846992492314
12 10 22 6863.1363 1e-05 0.959931088596881 1.58824961931484 0 4.48798950512828
12 10 23 6863.1363 1e-05 0.959931088596881 1.58824961931484 0 4.66750908533341
12 10 24 6863.1363 1e-05 0.959931088596881 1.58824961931484 0 4.84702866553854
12 10 25 6863.1363 1e-05 0.959931088596881 1.58824961931484 0 5.02654824574367
12 10 26 6863.1363 1e-05 0.959931088596881 1.58824961931484 0 5.2060678259488
12 10 27 6863.1363 1e-05 0.959931088596881 1.58824961931484 0 5.38558740615393
12 10 28 6863.1363 1e-05 0.959931088596881 1.58824961931484 0 5.56510698635906
12 10 29 6863.1363 1e-05 0.959931088596881 1.58824961931484 0 5.74462656656419
12 10 30 6863.1363 1e-05 0.959931088596881 1.58824961931484 0 5.92414614676932
12 10 31 6863.1363 1e-05 0.959931088596881 1.58824961931484 0 6.10366572697446
12 10 32 6863.1363 1e-05 0.959931088596881 1.58824961931484 0 6.28318530717959
12 10 33 6863.1363 1e-05 0.959931088596881 1.58824961931484 0 6.46270488738472
12 10 34 6863.1363 1e-05 0.959931088596881 1.58824961931484 0 6.64222446758985
12 10 35 6863.1363 1e-05 0.959931088596881 1.58824961931484 0 6.82174404779498
16 10 1 6853.1363 1e-05 0.959931088596881 1.59697626557481 0 0.785398163397448
16 10 2 6853.1363 1e-05 0.959931088596881 1.59697626557481 0 0.91106186954104
16 10 3 6853.1363 1e-05 0.959931088596881 1.59697626557481 0 1.03672557568463
16 10 4 6853.1363 1e-05 0.959931088596881 1.59697626557481 0 1.16238928182822
16 10 5 6853.1363 1e-05 0.959931088596881 1.59697626557481 0 1.28805298797182
16 10 6 6853.1363 1e-05 0.959931088596881 1.59697626557481 0 1.41371669411541
16 10 7 6853.1363 1e-05 0.959931088596881 1.59697626557481 0 1.539380400259
16 10 8 6853.1363 1e-05 0.959931088596881 1.59697626557481 0 1.66504410640259
16 10 9 6853.1363 1e-05 0.959931088596881 1.59697626557481 0 1.79070781254618
16 10 10 6853.1363 1e-05 0.959931088596881 1.59697626557481 0 1.91637151868977
16 10 11 6853.1363 1e-05 0.959931088596881 1.59697626557481 0 2.04203522483337
16 10 12 6853.1363 1e-05 0.959931088596881 1.59697626557481 0 2.16769893097696
16 10 13 6853.1363 1e-05 0.959931088596881 1.59697626557481 0 2.29336263712055
16 10 14 6853.1363 1e-05 0.959931088596881 1.59697626557481 0 2.41902634326414
16 10 15 6853.1363 1e-05 0.959931088596881 1.59697626557481 0 2.54469004940773
16 10 16 6853.1363 1e-05 0.959931088596881 1.59697626557481 0 2.67035375555132
16 10 17 6853.1363 1e-05 0.959931088596881 1.59697626557481 0 2.79601746169492
16 10 18 6853.1363 1e-05 0.959931088596881 1.59697626557481 0 2.92168116783851
16 10 19 6853.1363 1e-05 0.959931088596881 1.59697626557481 0 3.0473448739821
16 10 20 6853.1363 1e-05 0.959931088596881 1.59697626557481 0 3.17300858012569
16 10 21 6853.1363 1e-05 0.959931088596881 1.59697626557481 0 3.29867228626928
16 10 22 6853.1363 1e-05 0.959931088596881 1.59697626557481 0 3.42433599241287
16 10 23 6853.1363 1e-05 0.959931088596881 1.59697626557481 0 3.54999969855647
16 10 24 6853.1363 1e-05 0.959931088596881 1.59697626557481 0 3.67566340470006
16 10 25 6853.1363 1e-05 0.959931088596881 1.59697626557481 0 3.80132711084365
16 10 26 6853.1363 1e-05 0.959931088596881 1.59697626557481 0 3.92699081698724
16 10 27 6853.1363 1e-05 0.959931088596881 1.59697626557481 0 4.05265452313083
16 10 28 6853.1363 1e-05 0.959931088596881 1.59697626557481 0 4.17831822927443
16 10 29 6853.1363 1e-05 0.959931088596881 1.59697626557481 0 4.30398193541802
16 10 30 6853.1363 1e-05 0.959931088596881 1.59697626557481 0 4.42964564156161
16 10 31 6853.1363 1e-05 0.959931088596881 1.59697626557481 0 4.5553093477052
16 10 32 6853.1363 1e-05 0.959931088596881 1.59697626557481 0 4.68097305384879
16 10 33 6853.1363 1e-05 0.959931088596881 1.59697626557481 0 4.80663675999238
16 10 34 6853.1363 1e-05 0.959931088596881 1.59697626557481 0 4.93230046613598
16 10 35 6853.1363 1e-05 0.959931088596881 1.59697626557481 0 5.05796417227957
16 10 36 6853.1363 1e-05 0.959931088596881 1.59697626557481 0 5.18362787842316
16 10 37 6853.1363 1e-05 0.959931088596881 1.59697626557481 0 5.30929158456675
16 10 38 6853.1363 1e-05 0.959931088596881 1.59697626557481 0 5.43495529071034
16 10 39 6853.1363 1e-05 0.959931088596881 1.59697626557481 0 5.56061899685393
16 10 40 6853.1363 1e-05 0.959931088596881 1.59697626557481 0 5.68628270299753
16 10 41 6853.1363 1e-05 0.959931088596881 1.59697626557481 0 5.81194640914112
16 10 42 6853.1363 1e-05 0.959931088596881 1.59697626557481 0 5.93761011528471
16 10 43 6853.1363 1e-05 0.959931088596881 1.59697626557481 0 6.0632738214283
16 10 44 6853.1363 1e-05 0.959931088596881 1.59697626557481 0 6.18893752757189
16 10 45 6853.1363 1e-05 0.959931088596881 1.59697626557481 0 6.31460123371548
16 10 46 6853.1363 1e-05 0.959931088596881 1.59697626557481 0 6.44026493985908
16 10 47 6853.1363 1e-05 0.959931088596881 1.59697626557481 0 6.56592864600267
16 10 48 6853.1363 1e-05 0.959931088596881 1.59697626557481 0 6.69159235214626
16 10 49 6853.1363 1e-05 0.959931088596881 1.59697626557481 0 6.81725605828985
16 10 50 6853.1363 1e-05 0.959931088596881 1.59697626557481 0 6.94291976443344
19 16 1 7078.1363 1e-05 0.959931088596881 1.68735938755309 0 0.841498032211552
19 16 2 7078.1363 1e-05 0.959931088596881 1.68735938755309 0 1.03784757306091
19 16 3 7078.1363 1e-05 0.959931088596881 1.68735938755309 0 1.23419711391028
19 16 4 7078.1363 1e-05 0.959931088596881 1.68735938755309 0 1.43054665475964
19 16 5 7078.1363 1e-05 0.959931088596881 1.68735938755309 0 1.626896195609
19 16 6 7078.1363 1e-05 0.959931088596881 1.68735938755309 0 1.82324573645836
19 16 7 7078.1363 1e-05 0.959931088596881 1.68735938755309 0 2.01959527730772
19 16 8 7078.1363 1e-05 0.959931088596881 1.68735938755309 0 2.21594481815709
19 16 9 7078.1363 1e-05 0.959931088596881 1.68735938755309 0 2.41229435900645
19 16 10 7078.1363 1e-05 0.959931088596881 1.68735938755309 0 2.60864389985581
19 16 11 7078.1363 1e-05 0.959931088596881 1.68735938755309 0 2.80499344070517
19 16 12 7078.1363 1e-05 0.959931088596881 1.68735938755309 0 3.00134298155453
19 16 13 7078.1363 1e-05 0.959931088596881 1.68735938755309 0 3.1976925224039
19 16 14 7078.1363 1e-05 0.959931088596881 1.68735938755309 0 3.39404206325326
19 16 15 7078.1363 1e-05 0.959931088596881 1.68735938755309 0 3.59039160410262
19 16 16 7078.1363 1e-05 0.959931088596881 1.68735938755309 0 3.78674114495198
19 16 17 7078.1363 1e-05 0.959931088596881 1.68735938755309 0 3.98309068580134
19 16 18 7078.1363 1e-05 0.959931088596881 1.68735938755309 0 4.17944022665071
19 16 19 7078.1363 1e-05 0.959931088596881 1.68735938755309 0 4.37578976750007
19 16 20 7078.1363 1e-05 0.959931088596881 1.68735938755309 0 4.57213930834943
19 16 21 7078.1363 1e-05 0.959931088596881 1.68735938755309 0 4.76848884919879
19 16 22 7078.1363 1e-05 0.959931088596881 1.68735938755309 0 4.96483839004816
19 16 23 7078.1363 1e-05 0.959931088596881 1.68735938755309 0 5.16118793089752
19 16 24 7078.1363 1e-05 0.959931088596881 1.68735938755309 0 5.35753747174688
19 16 25 7078.1363 1e-05 0.959931088596881 1.68735938755309 0 5.55388701259624
19 16 26 7078.1363 1e-05 0.959931088596881 1.68735938755309 0 5.7502365534456
19 16 27 7078.1363 1e-05 0.959931088596881 1.68735938755309 0 5.94658609429497
19 16 28 7078.1363 1e-05 0.959931088596881 1.68735938755309 0 6.14293563514433
19 16 29 7078.1363 1e-05 0.959931088596881 1.68735938755309 0 6.33928517599369
19 16 30 7078.1363 1e-05 0.959931088596881 1.68735938755309 0 6.53563471684305
19 16 31 7078.1363 1e-05 0.959931088596881 1.68735938755309 0 6.73198425769241
19 16 32 7078.1363 1e-05 0.959931088596881 1.68735938755309 0 6.92833379854178
13 9 1 6978.1363 1e-05 0.959931088596881 1.71042266695444 0 0.837758040957278
13 9 2 6978.1363 1e-05 0.959931088596881 1.71042266695444 0 1.0471975511966
13 9 3 6978.1363 1e-05 0.959931088596881 1.71042266695444 0 1.25663706143592
13 9 4 6978.1363 1e-05 0.959931088596881 1.71042266695444 0 1.46607657167524
13 9 5 6978.1363 1e-05 0.959931088596881 1.71042266695444 0 1.67551608191456
13 9 6 6978.1363 1e-05 0.959931088596881 1.71042266695444 0 1.88495559215388
13 9 7 6978.1363 1e-05 0.959931088596881 1.71042266695444 0 2.0943951023932
13 9 8 6978.1363 1e-05 0.959931088596881 1.71042266695444 0 2.30383461263251
13 9 9 6978.1363 1e-05 0.959931088596881 1.71042266695444 0 2.51327412287183
13 9 10 6978.1363 1e-05 0.959931088596881 1.71042266695444 0 2.72271363311115
13 9 11 6978.1363 1e-05 0.959931088596881 1.71042266695444 0 2.93215314335047
13 9 12 6978.1363 1e-05 0.959931088596881 1.71042266695444 0 3.14159265358979
13 9 13 6978.1363 1e-05 0.959931088596881 1.71042266695444 0 3.35103216382911
13 9 14 6978.1363 1e-05 0.959931088596881 1.71042266695444 0 3.56047167406843
13 9 15 6978.1363 1e-05 0.959931088596881 1.71042266695444 0 3.76991118430775
13 9 16 6978.1363 1e-05 0.959931088596881 1.71042266695444 0 3.97935069454707
13 9 17 6978.1363 1e-05 0.959931088596881 1.71042266695444 0 4.18879020478639
13 9 18 6978.1363 1e-05 0.959931088596881 1.71042266695444 0 4.39822971502571
13 9 19 6978.1363 1e-05 0.959931088596881 1.71042266695444 0 4.60766922526503
13 9 20 6978.1363 1e-05 0.959931088596881 1.71042266695444 0 4.81710873550435
13 9 21 6978.1363 1e-05 0.959931088596881 1.71042266695444 0 5.02654824574367
13 9 22 6978.1363 1e-05 0.959931088596881 1.71042266695444 0 5.23598775598299
13 9 23 6978.1363 1e-05 0.959931088596881 1.71042266695444 0 5.44542726622231
13 9 24 6978.1363 1e-05 0.959931088596881 1.71042266695444 0 5.65486677646163
13 9 25 6978.1363 1e-05 0.959931088596881 1.71042266695444 0 5.86430628670095
13 9 26 6978.1363 1e-05 0.959931088596881 1.71042266695444 0 6.07374579694027
13 9 27 6978.1363 1e-05 0.959931088596881 1.71042266695444 0 6.28318530717959
13 9 28 6978.1363 1e-05 0.959931088596881 1.71042266695444 0 6.49262481741891
13 9 29 6978.1363 1e-05 0.959931088596881 1.71042266695444 0 6.70206432765823
13 9 30 6978.1363 1e-05 0.959931088596881 1.71042266695444 0 6.91150383789754
12 11 1 6863.1363 1e-05 0.959931088596881 1.76278254451427 0 0.797864800911693
12 11 2 6863.1363 1e-05 0.959931088596881 1.76278254451427 0 0.977384381116824
12 11 3 6863.1363 1e-05 0.959931088596881 1.76278254451427 0 1.15690396132196
12 11 4 6863.1363 1e-05 0.959931088596881 1.76278254451427 0 1.33642354152709
12 11 5 6863.1363 1e-05 0.959931088596881 1.76278254451427 0 1.51594312173222
12 11 6 6863.1363 1e-05 0.959931088596881 1.76278254451427 0 1.69546270193735
12 11 7 6863.1363 1e-05 0.959931088596881 1.76278254451427 0 1.87498228214248
12 11 8 6863.1363 1e-05 0.959931088596881 1.76278254451427 0 2.05450186234761
12 11 9 6863.1363 1e-05 0.959931088596881 1.76278254451427 0 2.23402144255274
12 11 10 6863.1363 1e-05 0.959931088596881 1.76278254451427 0 2.41354102275787
12 11 11 6863.1363 1e-05 0.959931088596881 1.76278254451427 0 2.593060602963
12 11 12 6863.1363 1e-05 0.959931088596881 1.76278254451427 0 2.77258018316813
12 11 13 6863.1363 1e-05 0.959931088596881 1.76278254451427 0 2.95209976337327
12 11 14 6863.1363 1e-05 0.959931088596881 1.76278254451427 0 3.1316193435784
12 11 15 6863.1363 1e-05 0.959931088596881 1.76278254451427 0 3.31113892378353
12 11 16 6863.1363 1e-05 0.959931088596881 1.76278254451427 0 3.49065850398866
12 11 17 6863.1363 1e-05 0.959931088596881 1.76278254451427 0 3.67017808419379
12 11 18 6863.1363 1e-05 0.959931088596881 1.76278254451427 0 3.84969766439892
12 11 19 6863.1363 1e-05 0.959931088596881 1.76278254451427 0 4.02921724460405
12 11 20 6863.1363 1e-05 0.959931088596881 1.76278254451427 0 4.20873682480918
12 11 21 6863.1363 1e-05 0.959931088596881 1.76278254451427 0 4.38825640501431
12 11 22 6863.1363 1e-05 0.959931088596881 1.76278254451427 0 4.56777598521944
12 11 23 6863.1363 1e-05 0.959931088596881 1.76278254451427 0 4.74729556542458
12 11 24 6863.1363 1e-05 0.959931088596881 1.76278254451427 0 4.92681514562971
12 11 25 6863.1363 1e-05 0.959931088596881 1.76278254451427 0 5.10633472583484
12 11 26 6863.1363 1e-05 0.959931088596881 1.76278254451427 0 5.28585430603997
12 11 27 6863.1363 1e-05 0.959931088596881 1.76278254451427 0 5.4653738862451
12 11 28 6863.1363 1e-05 0.959931088596881 1.76278254451427 0 5.64489346645023
12 11 29 6863.1363 1e-05 0.959931088596881 1.76278254451427 0 5.82441304665536
12 11 30 6863.1363 1e-05 0.959931088596881 1.76278254451427 0 6.00393262686049
12 11 31 6863.1363 1e-05 0.959931088596881 1.76278254451427 0 6.18345220706562
12 11 32 6863.1363 1e-05 0.959931088596881 1.76278254451427 0 6.36297178727076
12 11 33 6863.1363 1e-05 0.959931088596881 1.76278254451427 0 6.54249136747589
12 11 34 6863.1363 1e-05 0.959931088596881 1.76278254451427 0 6.72201094768102
12 11 35 6863.1363 1e-05 0.959931088596881 1.76278254451427 0 6.90153052788615
16 11 1 6853.1363 1e-05 0.959931088596881 1.77150919077424 0 0.872664625997165
16 11 2 6853.1363 1e-05 0.959931088596881 1.77150919077424 0 0.998328332140757
16 11 3 6853.1363 1e-05 0.959931088596881 1.77150919077424 0 1.12399203828435
16 11 4 6853.1363 1e-05 0.959931088596881 1.77150919077424 0 1.24965574442794
16 11 5 6853.1363 1e-05 0.959931088596881 1.77150919077424 0 1.37531945057153
16 11 6 6853.1363 1e-05 0.959931088596881 1.77150919077424 0 1.50098315671512
16 11 7 6853.1363 1e-05 0.959931088596881 1.77150919077424 0 1.62664686285872
16 11 8 6853.1363 1e-05 0.959931088596881 1.77150919077424 0 1.75231056900231
16 11 9 6853.1363 1e-05 0.959931088596881 1.77150919077424 0 1.8779742751459
16 11 10 6853.1363 1e-05 0.959931088596881 1.77150919077424 0 2.00363798128949
16 11 11 6853.1363 1e-05 0.959931088596881 1.77150919077424 0 2.12930168743308
16 11 12 6853.1363 1e-05 0.959931088596881 1.77150919077424 0 2.25496539357667
16 11 13 6853.1363 1e-05 0.959931088596881 1.77150919077424 0 2.38062909972027
16 11 14 6853.1363 1e-05 0.959931088596881 1.77150919077424 0 2.50629280586386
16 11 15 6853.1363 1e-05 0.959931088596881 1.77150919077424 0 2.63195651200745
16 11 16 6853.1363 1e-05 0.959931088596881 1.77150919077424 0 2.75762021815104
16 11 17 6853.1363 1e-05 0.959931088596881 1.77150919077424 0 2.88328392429463
16 11 18 6853.1363 1e-05 0.959931088596881 1.77150919077424 0 3.00894763043822
16 11 19 6853.1363 1e-05 0.959931088596881 1.77150919077424 0 3.13461133658182
16 11 20 6853.1363 1e-05 0.959931088596881 1.77150919077424 0 3.26027504272541
16 11 21 6853.1363 1e-05 0.959931088596881 1.77150919077424 0 3.385938748869
16 11 22 6853.1363 1e-05 0.959931088596881 1.77150919077424 0 3.51160245501259
16 11 23 6853.1363 1e-05 0.959931088596881 1.77150919077424 0 3.63726616115618
16 11 24 6853.1363 1e-05 0.959931088596881 1.77150919077424 0 3.76292986729977
16 11 25 6853.1363 1e-05 0.959931088596881 1.77150919077424 0 3.88859357344337
16 11 26 6853.1363 1e-05 0.959931088596881 1.77150919077424 0 4.01425727958696
16 11 27 6853.1363 1e-05 0.959931088596881 1.77150919077424 0 4.13992098573055
16 11 28 6853.1363 1e-05 0.959931088596881 1.77150919077424 0 4.26558469187414
16 11 29 6853.1363 1e-05 0.959931088596881 1.77150919077424 0 4.39124839801773
16 11 30 6853.1363 1e-05 0.959931088596881 1.77150919077424 0 4.51691210416133
16 11 31 6853.1363 1e-05 0.959931088596881 1.77150919077424 0 4.64257581030492
16 11 32 6853.1363 1e-05 0.959931088596881 1.77150919077424 0 4.76823951644851
16 11 33 6853.1363 1e-05 0.959931088596881 1.77150919077424 0 4.8939032225921
16 11 34 6853.1363 1e-05 0.959931088596881 1.77150919077424 0 5.01956692873569
16 11 35 6853.1363 1e-05 0.959931088596881 1.77150919077424 0 5.14523063487928
16 11 36 6853.1363 1e-05 0.959931088596881 1.77150919077424 0 5.27089434102288
16 11 37 6853.1363 1e-05 0.959931088596881 1.77150919077424 0 5.39655804716647
16 11 38 6853.1363 1e-05 0.959931088596881 1.77150919077424 0 5.52222175331006
16 11 39 6853.1363 1e-05 0.959931088596881 1.77150919077424 0 5.64788545945365
16 11 40 6853.1363 1e-05 0.959931088596881 1.77150919077424 0 5.77354916559724
16 11 41 6853.1363 1e-05 0.959931088596881 1.77150919077424 0 5.89921287174083
16 11 42 6853.1363 1e-05 0.959931088596881 1.77150919077424 0 6.02487657788443
16 11 43 6853.1363 1e-05 0.959931088596881 1.77150919077424 0 6.15054028402802
16 11 44 6853.1363 1e-05 0.959931088596881 1.77150919077424 0 6.27620399017161
16 11 45 6853.1363 1e-05 0.959931088596881 1.77150919077424 0 6.4018676963152
16 11 46 6853.1363 1e-05 0.959931088596881 1.77150919077424 0 6.52753140245879
16 11 47 6853.1363 1e-05 0.959931088596881 1.77150919077424 0 6.65319510860238
16 11 48 6853.1363 1e-05 0.959931088596881 1.77150919077424 0 6.77885881474598
16 11 49 6853.1363 1e-05 0.959931088596881 1.77150919077424 0 6.90452252088957
16 11 50 6853.1363 1e-05 0.959931088596881 1.77150919077424 0 7.03018622703316
19 17 1 7078.1363 1e-05 0.959931088596881 1.7995591251813 0 0.897597901025655
19 17 2 7078.1363 1e-05 0.959931088596881 1.7995591251813 0 1.09394744187502
19 17 3 7078.1363 1e-05 0.959931088596881 1.7995591251813 0 1.29029698272438
19 17 4 7078.1363 1e-05 0.959931088596881 1.7995591251813 0 1.48664652357374
19 17 5 7078.1363 1e-05 0.959931088596881 1.7995591251813 0 1.6829960644231
19 17 6 7078.1363 1e-05 0.959931088596881 1.7995591251813 0 1.87934560527247
19 17 7 7078.1363 1e-05 0.959931088596881 1.7995591251813 0 2.07569514612183
19 17 8 7078.1363 1e-05 0.959931088596881 1.7995591251813 0 2.27204468697119
19 17 9 7078.1363 1e-05 0.959931088596881 1.7995591251813 0 2.46839422782055
19 17 10 7078.1363 1e-05 0.959931088596881 1.7995591251813 0 2.66474376866991
19 17 11 7078.1363 1e-05 0.959931088596881 1.7995591251813 0 2.86109330951928
19 17 12 7078.1363 1e-05 0.959931088596881 1.7995591251813 0 3.05744285036864
19 17 13 7078.1363 1e-05 0.959931088596881 1.7995591251813 0 3.253792391218
19 17 14 7078.1363 1e-05 0.959931088596881 1.7995591251813 0 3.45014193206736
19 17 15 7078.1363 1e-05 0.959931088596881 1.7995591251813 0 3.64649147291672
19 17 16 7078.1363 1e-05 0.959931088596881 1.7995591251813 0 3.84284101376609
19 17 17 7078.1363 1e-05 0.959931088596881 1.7995591251813 0 4.03919055461545
19 17 18 7078.1363 1e-05 0.959931088596881 1.7995591251813 0 4.23554009546481
19 17 19 7078.1363 1e-05 0.959931088596881 1.7995591251813 0 4.43188963631417
19 17 20 7078.1363 1e-05 0.959931088596881 1.7995591251813 0 4.62823917716353
19 17 21 7078.1363 1e-05 0.959931088596881 1.7995591251813 0 4.8245887180129
19 17 22 7078.1363 1e-05 0.959931088596881 1.7995591251813 0 5.02093825886226
19 17 23 7078.1363 1e-05 0.959931088596881 1.7995591251813 0 5.21728779971162
19 17 24 7078.1363 1e-05 0.959931088596881 1.7995591251813 0 5.41363734056098
19 17 25 7078.1363 1e-05 0.959931088596881 1.7995591251813 0 5.60998688141034
19 17 26 7078.1363 1e-05 0.959931088596881 1.7995591251813 0 5.80633642225971
19 17 27 7078.1363 1e-05 0.959931088596881 1.7995591251813 0 6.00268596310907
19 17 28 7078.1363 1e-05 0.959931088596881 1.7995591251813 0 6.19903550395843
19 17 29 7078.1363 1e-05 0.959931088596881 1.7995591251813 0 6.39538504480779
19 17 30 7078.1363 1e-05 0.959931088596881 1.7995591251813 0 6.59173458565716
19 17 31 7078.1363 1e-05 0.959931088596881 1.7995591251813 0 6.78808412650652
19 17 32 7078.1363 1e-05 0.959931088596881 1.7995591251813 0 6.98443366735588
19 18 1 7078.1363 1e-05 0.959931088596881 1.9117588628095 0 0.953697769839759
19 18 2 7078.1363 1e-05 0.959931088596881 1.9117588628095 0 1.15004731068912
19 18 3 7078.1363 1e-05 0.959931088596881 1.9117588628095 0 1.34639685153848
19 18 4 7078.1363 1e-05 0.959931088596881 1.9117588628095 0 1.54274639238784
19 18 5 7078.1363 1e-05 0.959931088596881 1.9117588628095 0 1.73909593323721
19 18 6 7078.1363 1e-05 0.959931088596881 1.9117588628095 0 1.93544547408657
19 18 7 7078.1363 1e-05 0.959931088596881 1.9117588628095 0 2.13179501493593
19 18 8 7078.1363 1e-05 0.959931088596881 1.9117588628095 0 2.32814455578529
19 18 9 7078.1363 1e-05 0.959931088596881 1.9117588628095 0 2.52449409663466
19 18 10 7078.1363 1e-05 0.959931088596881 1.9117588628095 0 2.72084363748402
19 18 11 7078.1363 1e-05 0.959931088596881 1.9117588628095 0 2.91719317833338
19 18 12 7078.1363 1e-05 0.959931088596881 1.9117588628095 0 3.11354271918274
19 18 13 7078.1363 1e-05 0.959931088596881 1.9117588628095 0 3.3098922600321
19 18 14 7078.1363 1e-05 0.959931088596881 1.9117588628095 0 3.50624180088147
19 18 15 7078.1363 1e-05 0.959931088596881 1.9117588628095 0 3.70259134173083
19 18 16 7078.1363 1e-05 0.959931088596881 1.9117588628095 0 3.89894088258019
19 18 17 7078.1363 1e-05 0.959931088596881 1.9117588628095 0 4.09529042342955
19 18 18 7078.1363 1e-05 0.959931088596881 1.9117588628095 0 4.29163996427891
19 18 19 7078.1363 1e-05 0.959931088596881 1.9117588628095 0 4.48798950512828
19 18 20 7078.1363 1e-05 0.959931088596881 1.9117588628095 0 4.68433904597764
19 18 21 7078.1363 1e-05 0.959931088596881 1.9117588628095 0 4.880688586827
19 18 22 7078.1363 1e-05 0.959931088596881 1.9117588628095 0 5.07703812767636
19 18 23 7078.1363 1e-05 0.959931088596881 1.9117588628095 0 5.27338766852572
19 18 24 7078.1363 1e-05 0.959931088596881 1.9117588628095 0 5.46973720937509
19 18 25 7078.1363 1e-05 0.959931088596881 1.9117588628095 0 5.66608675022445
19 18 26 7078.1363 1e-05 0.959931088596881 1.9117588628095 0 5.86243629107381
19 18 27 7078.1363 1e-05 0.959931088596881 1.9117588628095 0 6.05878583192317
19 18 28 7078.1363 1e-05 0.959931088596881 1.9117588628095 0 6.25513537277253
19 18 29 7078.1363 1e-05 0.959931088596881 1.9117588628095 0 6.4514849136219
19 18 30 7078.1363 1e-05 0.959931088596881 1.9117588628095 0 6.64783445447126
19 18 31 7078.1363 1e-05 0.959931088596881 1.9117588628095 0 6.84418399532062
19 18 32 7078.1363 1e-05 0.959931088596881 1.9117588628095 0 7.04053353616998
13 10 1 6978.1363 1e-05 0.959931088596881 1.91986217719376 0 0.942477796076938
13 10 2 6978.1363 1e-05 0.959931088596881 1.91986217719376 0 1.15191730631626
13 10 3 6978.1363 1e-05 0.959931088596881 1.91986217719376 0 1.36135681655558
13 10 4 6978.1363 1e-05 0.959931088596881 1.91986217719376 0 1.5707963267949
13 10 5 6978.1363 1e-05 0.959931088596881 1.91986217719376 0 1.78023583703422
13 10 6 6978.1363 1e-05 0.959931088596881 1.91986217719376 0 1.98967534727354
13 10 7 6978.1363 1e-05 0.959931088596881 1.91986217719376 0 2.19911485751286
13 10 8 6978.1363 1e-05 0.959931088596881 1.91986217719376 0 2.40855436775217
13 10 9 6978.1363 1e-05 0.959931088596881 1.91986217719376 0 2.61799387799149
13 10 10 6978.1363 1e-05 0.959931088596881 1.91986217719376 0 2.82743338823081
13 10 11 6978.1363 1e-05 0.959931088596881 1.91986217719376 0 3.03687289847013
13 10 12 6978.1363 1e-05 0.959931088596881 1.91986217719376 0 3.24631240870945
13 10 13 6978.1363 1e-05 0.959931088596881 1.91986217719376 0 3.45575191894877
13 10 14 6978.1363 1e-05 0.959931088596881 1.91986217719376 0 3.66519142918809
13 10 15 6978.1363 1e-05 0.959931088596881 1.91986217719376 0 3.87463093942741
13 10 16 6978.1363 1e-05 0.959931088596881 1.91986217719376 0 4.08407044966673
13 10 17 6978.1363 1e-05 0.959931088596881 1.91986217719376 0 4.29350995990605
13 10 18 6978.1363 1e-05 0.959931088596881 1.91986217719376 0 4.50294947014537
13 10 19 6978.1363 1e-05 0.959931088596881 1.91986217719376 0 4.71238898038469
13 10 20 6978.1363 1e-05 0.959931088596881 1.91986217719376 0 4.92182849062401
13 10 21 6978.1363 1e-05 0.959931088596881 1.91986217719376 0 5.13126800086333
13 10 22 6978.1363 1e-05 0.959931088596881 1.91986217719376 0 5.34070751110265
13 10 23 6978.1363 1e-05 0.959931088596881 1.91986217719376 0 5.55014702134197
13 10 24 6978.1363 1e-05 0.959931088596881 1.91986217719376 0 5.75958653158129
13 10 25 6978.1363 1e-05 0.959931088596881 1.91986217719376 0 5.96902604182061
13 10 26 6978.1363 1e-05 0.959931088596881 1.91986217719376 0 6.17846555205993
13 10 27 6978.1363 1e-05 0.959931088596881 1.91986217719376 0 6.38790506229925
13 10 28 6978.1363 1e-05 0.959931088596881 1.91986217719376 0 6.59734457253857
13 10 29 6978.1363 1e-05 0.959931088596881 1.91986217719376 0 6.80678408277788
13 10 30 6978.1363 1e-05 0.959931088596881 1.91986217719376 0 7.0162235930172
12 12 1 6863.1363 1e-05 0.959931088596881 1.93731546971371 0 0.877651281002863
12 12 2 6863.1363 1e-05 0.959931088596881 1.93731546971371 0 1.05717086120799
12 12 3 6863.1363 1e-05 0.959931088596881 1.93731546971371 0 1.23669044141312
12 12 4 6863.1363 1e-05 0.959931088596881 1.93731546971371 0 1.41621002161826
12 12 5 6863.1363 1e-05 0.959931088596881 1.93731546971371 0 1.59572960182339
12 12 6 6863.1363 1e-05 0.959931088596881 1.93731546971371 0 1.77524918202852
12 12 7 6863.1363 1e-05 0.959931088596881 1.93731546971371 0 1.95476876223365
12 12 8 6863.1363 1e-05 0.959931088596881 1.93731546971371 0 2.13428834243878
12 12 9 6863.1363 1e-05 0.959931088596881 1.93731546971371 0 2.31380792264391
12 12 10 6863.1363 1e-05 0.959931088596881 1.93731546971371 0 2.49332750284904
12 12 11 6863.1363 1e-05 0.959931088596881 1.93731546971371 0 2.67284708305417
12 12 12 6863.1363 1e-05 0.959931088596881 1.93731546971371 0 2.8523666632593
12 12 13 6863.1363 1e-05 0.959931088596881 1.93731546971371 0 3.03188624346444
12 12 14 6863.1363 1e-05 0.959931088596881 1.93731546971371 0 3.21140582366957
12 12 15 6863.1363 1e-05 0.959931088596881 1.93731546971371 0 3.3909254038747
12 12 16 6863.1363 1e-05 0.959931088596881 1.93731546971371 0 3.57044498407983
12 12 17 6863.1363 1e-05 0.959931088596881 1.93731546971371 0 3.74996456428496
12 12 18 6863.1363 1e-05 0.959931088596881 1.93731546971371 0 3.92948414449009
12 12 19 6863.1363 1e-05 0.959931088596881 1.93731546971371 0 4.10900372469522
12 12 20 6863.1363 1e-05 0.959931088596881 1.93731546971371 0 4.28852330490035
12 12 21 6863.1363 1e-05 0.959931088596881 1.93731546971371 0 4.46804288510548
12 12 22 6863.1363 1e-05 0.959931088596881 1.93731546971371 0 4.64756246531061
12 12 23 6863.1363 1e-05 0.959931088596881 1.93731546971371 0 4.82708204551575
12 12 24 6863.1363 1e-05 0.959931088596881 1.93731546971371 0 5.00660162572088
12 12 25 6863.1363 1e-05 0.959931088596881 1.93731546971371 0 5.18612120592601
12 12 26 6863.1363 1e-05 0.959931088596881 1.93731546971371 0 5.36564078613114
12 12 27 6863.1363 1e-05 0.959931088596881 1.93731546971371 0 5.54516036633627
12 12 28 6863.1363 1e-05 0.959931088596881 1.93731546971371 0 5.7246799465414
12 12 29 6863.1363 1e-05 0.959931088596881 1.93731546971371 0 5.90419952674653
12 12 30 6863.1363 1e-05 0.959931088596881 1.93731546971371 0 6.08371910695166
12 12 31 6863.1363 1e-05 0.959931088596881 1.93731546971371 0 6.26323868715679
12 12 32 6863.1363 1e-05 0.959931088596881 1.93731546971371 0 6.44275826736193
12 12 33 6863.1363 1e-05 0.959931088596881 1.93731546971371 0 6.62227784756706
12 12 34 6863.1363 1e-05 0.959931088596881 1.93731546971371 0 6.80179742777219
12 12 35 6863.1363 1e-05 0.959931088596881 1.93731546971371 0 6.98131700797732
16 12 1 6853.1363 1e-05 0.959931088596881 1.94604211597368 0 0.959931088596881
16 12 2 6853.1363 1e-05 0.959931088596881 1.94604211597368 0 1.08559479474047
16 12 3 6853.1363 1e-05 0.959931088596881 1.94604211597368 0 1.21125850088406
16 12 4 6853.1363 1e-05 0.959931088596881 1.94604211597368 0 1.33692220702766
16 12 5 6853.1363 1e-05 0.959931088596881 1.94604211597368 0 1.46258591317125
16 12 6 6853.1363 1e-05 0.959931088596881 1.94604211597368 0 1.58824961931484
16 12 7 6853.1363 1e-05 0.959931088596881 1.94604211597368 0 1.71391332545843
16 12 8 6853.1363 1e-05 0.959931088596881 1.94604211597368 0 1.83957703160202
16 12 9 6853.1363 1e-05 0.959931088596881 1.94604211597368 0 1.96524073774562
16 12 10 6853.1363 1e-05 0.959931088596881 1.94604211597368 0 2.09090444388921
16 12 11 6853.1363 1e-05 0.959931088596881 1.94604211597368 0 2.2165681500328
16 12 12 6853.1363 1e-05 0.959931088596881 1.94604211597368 0 2.34223185617639
16 12 13 6853.1363 1e-05 0.959931088596881 1.94604211597368 0 2.46789556231998
16 12 14 6853.1363 1e-05 0.959931088596881 1.94604211597368 0 2.59355926846357
16 12 15 6853.1363 1e-05 0.959931088596881 1.94604211597368 0 2.71922297460717
16 12 16 6853.1363 1e-05 0.959931088596881 1.94604211597368 0 2.84488668075076
16 12 17 6853.1363 1e-05 0.959931088596881 1.94604211597368 0 2.97055038689435
16 12 18 6853.1363 1e-05 0.959931088596881 1.94604211597368 0 3.09621409303794
16 12 19 6853.1363 1e-05 0.959931088596881 1.94604211597368 0 3.22187779918153
16 12 20 6853.1363 1e-05 0.959931088596881 1.94604211597368 0 3.34754150532512
16 12 21 6853.1363 1e-05 0.959931088596881 1.94604211597368 0 3.47320521146872
16 12 22 6853.1363 1e-05 0.959931088596881 1.94604211597368 0 3.59886891761231
16 12 23 6853.1363 1e-05 0.959931088596881 1.94604211597368 0 3.7245326237559
16 12 24 6853.1363 1e-05 0.959931088596881 1.94604211597368 0 3.85019632989949
16 12 25 6853.1363 1e-05 0.959931088596881 1.94604211597368 0 3.97586003604308
16 12 26 6853.1363 1e-05 0.959931088596881 1.94604211597368 0 4.10152374218668
16 12 27 6853.1363 1e-05 0.959931088596881 1.94604211597368 0 4.22718744833027
16 12 28 6853.1363 1e-05 0.959931088596881 1.94604211597368 0 4.35285115447386
16 12 29 6853.1363 1e-05 0.959931088596881 1.94604211597368 0 4.47851486061745
16 12 30 6853.1363 1e-05 0.959931088596881 1.94604211597368 0 4.60417856676104
16 12 31 6853.1363 1e-05 0.959931088596881 1.94604211597368 0 4.72984227290463
16 12 32 6853.1363 1e-05 0.959931088596881 1.94604211597368 0 4.85550597904822
16 12 33 6853.1363 1e-05 0.959931088596881 1.94604211597368 0 4.98116968519182
16 12 34 6853.1363 1e-05 0.959931088596881 1.94604211597368 0 5.10683339133541
16 12 35 6853.1363 1e-05 0.959931088596881 1.94604211597368 0 5.232497097479
16 12 36 6853.1363 1e-05 0.959931088596881 1.94604211597368 0 5.35816080362259
16 12 37 6853.1363 1e-05 0.959931088596881 1.94604211597368 0 5.48382450976618
16 12 38 6853.1363 1e-05 0.959931088596881 1.94604211597368 0 5.60948821590978
16 12 39 6853.1363 1e-05 0.959931088596881 1.94604211597368 0 5.73515192205337
16 12 40 6853.1363 1e-05 0.959931088596881 1.94604211597368 0 5.86081562819696
16 12 41 6853.1363 1e-05 0.959931088596881 1.94604211597368 0 5.98647933434055
16 12 42 6853.1363 1e-05 0.959931088596881 1.94604211597368 0 6.11214304048414
16 12 43 6853.1363 1e-05 0.959931088596881 1.94604211597368 0 6.23780674662773
16 12 44 6853.1363 1e-05 0.959931088596881 1.94604211597368 0 6.36347045277133
16 12 45 6853.1363 1e-05 0.959931088596881 1.94604211597368 0 6.48913415891492
16 12 46 6853.1363 1e-05 0.959931088596881 1.94604211597368 0 6.61479786505851
16 12 47 6853.1363 1e-05 0.959931088596881 1.94604211597368 0 6.7404615712021
16 12 48 6853.1363 1e-05 0.959931088596881 1.94604211597368 0 6.86612527734569
16 12 49 6853.1363 1e-05 0.959931088596881 1.94604211597368 0 6.99178898348928
16 12 50 6853.1363 1e-05 0.959931088596881 1.94604211597368 0 7.11745268963288
19 19 1 7078.1363 1e-05 0.959931088596881 2.02395860043771 0 1.00979763865386
19 19 2 7078.1363 1e-05 0.959931088596881 2.02395860043771 0 1.20614717950322
19 19 3 7078.1363 1e-05 0.959931088596881 2.02395860043771 0 1.40249672035259
19 19 4 7078.1363 1e-05 0.959931088596881 2.02395860043771 0 1.59884626120195
19 19 5 7078.1363 1e-05 0.959931088596881 2.02395860043771 0 1.79519580205131
19 19 6 7078.1363 1e-05 0.959931088596881 2.02395860043771 0 1.99154534290067
19 19 7 7078.1363 1e-05 0.959931088596881 2.02395860043771 0 2.18789488375003
19 19 8 7078.1363 1e-05 0.959931088596881 2.02395860043771 0 2.3842444245994
19 19 9 7078.1363 1e-05 0.959931088596881 2.02395860043771 0 2.58059396544876
19 19 10 7078.1363 1e-05 0.959931088596881 2.02395860043771 0 2.77694350629812
19 19 11 7078.1363 1e-05 0.959931088596881 2.02395860043771 0 2.97329304714748
19 19 12 7078.1363 1e-05 0.959931088596881 2.02395860043771 0 3.16964258799684
19 19 13 7078.1363 1e-05 0.959931088596881 2.02395860043771 0 3.36599212884621
19 19 14 7078.1363 1e-05 0.959931088596881 2.02395860043771 0 3.56234166969557
19 19 15 7078.1363 1e-05 0.959931088596881 2.02395860043771 0 3.75869121054493
19 19 16 7078.1363 1e-05 0.959931088596881 2.02395860043771 0 3.95504075139429
19 19 17 7078.1363 1e-05 0.959931088596881 2.02395860043771 0 4.15139029224366
19 19 18 7078.1363 1e-05 0.959931088596881 2.02395860043771 0 4.34773983309302
19 19 19 7078.1363 1e-05 0.959931088596881 2.02395860043771 0 4.54408937394238
19 19 20 7078.1363 1e-05 0.959931088596881 2.02395860043771 0 4.74043891479174
19 19 21 7078.1363 1e-05 0.959931088596881 2.02395860043771 0 4.9367884556411
19 19 22 7078.1363 1e-05 0.959931088596881 2.02395860043771 0 5.13313799649047
19 19 23 7078.1363 1e-05 0.959931088596881 2.02395860043771 0 5.32948753733983
19 19 24 7078.1363 1e-05 0.959931088596881 2.02395860043771 0 5.52583707818919
19 19 25 7078.1363 1e-05 0.959931088596881 2.02395860043771 0 5.72218661903855
19 19 26 7078.1363 1e-05 0.959931088596881 2.02395860043771 0 5.91853615988791
19 19 27 7078.1363 1e-05 0.959931088596881 2.02395860043771 0 6.11488570073728
19 19 28 7078.1363 1e-05 0.959931088596881 2.02395860043771 0 6.31123524158664
19 19 29 7078.1363 1e-05 0.959931088596881 2.02395860043771 0 6.507584782436
19 19 30 7078.1363 1e-05 0.959931088596881 2.02395860043771 0 6.70393432328536
19 19 31 7078.1363 1e-05 0.959931088596881 2.02395860043771 0 6.90028386413472
19 19 32 7078.1363 1e-05 0.959931088596881 2.02395860043771 0 7.09663340498409
12 13 1 6863.1363 1e-05 0.959931088596881 2.11184839491314 0 0.957437761094032
12 13 2 6863.1363 1e-05 0.959931088596881 2.11184839491314 0 1.13695734129916
12 13 3 6863.1363 1e-05 0.959931088596881 2.11184839491314 0 1.31647692150429
12 13 4 6863.1363 1e-05 0.959931088596881 2.11184839491314 0 1.49599650170943
12 13 5 6863.1363 1e-05 0.959931088596881 2.11184839491314 0 1.67551608191456
12 13 6 6863.1363 1e-05 0.959931088596881 2.11184839491314 0 1.85503566211969
12 13 7 6863.1363 1e-05 0.959931088596881 2.11184839491314 0 2.03455524232482
12 13 8 6863.1363 1e-05 0.959931088596881 2.11184839491314 0 2.21407482252995
12 13 9 6863.1363 1e-05 0.959931088596881 2.11184839491314 0 2.39359440273508
12 13 10 6863.1363 1e-05 0.959931088596881 2.11184839491314 0 2.57311398294021
12 13 11 6863.1363 1e-05 0.959931088596881 2.11184839491314 0 2.75263356314534
12 13 12 6863.1363 1e-05 0.959931088596881 2.11184839491314 0 2.93215314335047
12 13 13 6863.1363 1e-05 0.959931088596881 2.11184839491314 0 3.1116727235556
12 13 14 6863.1363 1e-05 0.959931088596881 2.11184839491314 0 3.29119230376074
12 13 15 6863.1363 1e-05 0.959931088596881 2.11184839491314 0 3.47071188396587
12 13 16 6863.1363 1e-05 0.959931088596881 2.11184839491314 0 3.650231464171
12 13 17 6863.1363 1e-05 0.959931088596881 2.11184839491314 0 3.82975104437613
12 13 18 6863.1363 1e-05 0.959931088596881 2.11184839491314 0 4.00927062458126
12 13 19 6863.1363 1e-05 0.959931088596881 2.11184839491314 0 4.18879020478639
12 13 20 6863.1363 1e-05 0.959931088596881 2.11184839491314 0 4.36830978499152
12 13 21 6863.1363 1e-05 0.959931088596881 2.11184839491314 0 4.54782936519665
12 13 22 6863.1363 1e-05 0.959931088596881 2.11184839491314 0 4.72734894540178
12 13 23 6863.1363 1e-05 0.959931088596881 2.11184839491314 0 4.90686852560691
12 13 24 6863.1363 1e-05 0.959931088596881 2.11184839491314 0 5.08638810581205
12 13 25 6863.1363 1e-05 0.959931088596881 2.11184839491314 0 5.26590768601718
12 13 26 6863.1363 1e-05 0.959931088596881 2.11184839491314 0 5.44542726622231
12 13 27 6863.1363 1e-05 0.959931088596881 2.11184839491314 0 5.62494684642744
12 13 28 6863.1363 1e-05 0.959931088596881 2.11184839491314 0 5.80446642663257
12 13 29 6863.1363 1e-05 0.959931088596881 2.11184839491314 0 5.9839860068377
12 13 30 6863.1363 1e-05 0.959931088596881 2.11184839491314 0 6.16350558704283
12 13 31 6863.1363 1e-05 0.959931088596881 2.11184839491314 0 6.34302516724796
12 13 32 6863.1363 1e-05 0.959931088596881 2.11184839491314 0 6.52254474745309
12 13 33 6863.1363 1e-05 0.959931088596881 2.11184839491314 0 6.70206432765823
12 13 34 6863.1363 1e-05 0.959931088596881 2.11184839491314 0 6.88158390786336
12 13 35 6863.1363 1e-05 0.959931088596881 2.11184839491314 0 7.06110348806849
16 13 1 6853.1363 1e-05 0.959931088596881 2.12057504117311 0 1.0471975511966
16 13 2 6853.1363 1e-05 0.959931088596881 2.12057504117311 0 1.17286125734019
16 13 3 6853.1363 1e-05 0.959931088596881 2.12057504117311 0 1.29852496348378
16 13 4 6853.1363 1e-05 0.959931088596881 2.12057504117311 0 1.42418866962737
16 13 5 6853.1363 1e-05 0.959931088596881 2.12057504117311 0 1.54985237577096
16 13 6 6853.1363 1e-05 0.959931088596881 2.12057504117311 0 1.67551608191456
16 13 7 6853.1363 1e-05 0.959931088596881 2.12057504117311 0 1.80117978805815
16 13 8 6853.1363 1e-05 0.959931088596881 2.12057504117311 0 1.92684349420174
16 13 9 6853.1363 1e-05 0.959931088596881 2.12057504117311 0 2.05250720034533
16 13 10 6853.1363 1e-05 0.959931088596881 2.12057504117311 0 2.17817090648892
16 13 11 6853.1363 1e-05 0.959931088596881 2.12057504117311 0 2.30383461263252
16 13 12 6853.1363 1e-05 0.959931088596881 2.12057504117311 0 2.42949831877611
16 13 13 6853.1363 1e-05 0.959931088596881 2.12057504117311 0 2.5551620249197
16 13 14 6853.1363 1e-05 0.959931088596881 2.12057504117311 0 2.68082573106329
16 13 15 6853.1363 1e-05 0.959931088596881 2.12057504117311 0 2.80648943720688
16 13 16 6853.1363 1e-05 0.959931088596881 2.12057504117311 0 2.93215314335047
16 13 17 6853.1363 1e-05 0.959931088596881 2.12057504117311 0 3.05781684949407
16 13 18 6853.1363 1e-05 0.959931088596881 2.12057504117311 0 3.18348055563766
16 13 19 6853.1363 1e-05 0.959931088596881 2.12057504117311 0 3.30914426178125
16 13 20 6853.1363 1e-05 0.959931088596881 2.12057504117311 0 3.43480796792484
16 13 21 6853.1363 1e-05 0.959931088596881 2.12057504117311 0 3.56047167406843
16 13 22 6853.1363 1e-05 0.959931088596881 2.12057504117311 0 3.68613538021202
16 13 23 6853.1363 1e-05 0.959931088596881 2.12057504117311 0 3.81179908635562
16 13 24 6853.1363 1e-05 0.959931088596881 2.12057504117311 0 3.93746279249921
16 13 25 6853.1363 1e-05 0.959931088596881 2.12057504117311 0 4.0631264986428
16 13 26 6853.1363 1e-05 0.959931088596881 2.12057504117311 0 4.18879020478639
16 13 27 6853.1363 1e-05 0.959931088596881 2.12057504117311 0 4.31445391092998
16 13 28 6853.1363 1e-05 0.959931088596881 2.12057504117311 0 4.44011761707358
16 13 29 6853.1363 1e-05 0.959931088596881 2.12057504117311 0 4.56578132321717
16 13 30 6853.1363 1e-05 0.959931088596881 2.12057504117311 0 4.69144502936076
16 13 31 6853.1363 1e-05 0.959931088596881 2.12057504117311 0 4.81710873550435
16 13 32 6853.1363 1e-05 0.959931088596881 2.12057504117311 0 4.94277244164794
16 13 33 6853.1363 1e-05 0.959931088596881 2.12057504117311 0 5.06843614779153
16 13 34 6853.1363 1e-05 0.959931088596881 2.12057504117311 0 5.19409985393512
16 13 35 6853.1363 1e-05 0.959931088596881 2.12057504117311 0 5.31976356007872
16 13 36 6853.1363 1e-05 0.959931088596881 2.12057504117311 0 5.44542726622231
16 13 37 6853.1363 1e-05 0.959931088596881 2.12057504117311 0 5.5710909723659
16 13 38 6853.1363 1e-05 0.959931088596881 2.12057504117311 0 5.69675467850949
16 13 39 6853.1363 1e-05 0.959931088596881 2.12057504117311 0 5.82241838465308
16 13 40 6853.1363 1e-05 0.959931088596881 2.12057504117311 0 5.94808209079668
16 13 41 6853.1363 1e-05 0.959931088596881 2.12057504117311 0 6.07374579694027
16 13 42 6853.1363 1e-05 0.959931088596881 2.12057504117311 0 6.19940950308386
16 13 43 6853.1363 1e-05 0.959931088596881 2.12057504117311 0 6.32507320922745
16 13 44 6853.1363 1e-05 0.959931088596881 2.12057504117311 0 6.45073691537104
16 13 45 6853.1363 1e-05 0.959931088596881 2.12057504117311 0 6.57640062151463
16 13 46 6853.1363 1e-05 0.959931088596881 2.12057504117311 0 6.70206432765823
16 13 47 6853.1363 1e-05 0.959931088596881 2.12057504117311 0 6.82772803380182
16 13 48 6853.1363 1e-05 0.959931088596881 2.12057504117311 0 6.95339173994541
16 13 49 6853.1363 1e-05 0.959931088596881 2.12057504117311 0 7.079055446089
16 13 50 6853.1363 1e-05 0.959931088596881 2.12057504117311 0 7.20471915223259
13 11 1 6978.1363 1e-05 0.959931088596881 2.12930168743308 0 1.0471975511966
13 11 2 6978.1363 1e-05 0.959931088596881 2.12930168743308 0 1.25663706143592
13 11 3 6978.1363 1e-05 0.959931088596881 2.12930168743308 0 1.46607657167524
13 11 4 6978.1363 1e-05 0.959931088596881 2.12930168743308 0 1.67551608191456
13 11 5 6978.1363 1e-05 0.959931088596881 2.12930168743308 0 1.88495559215388
13 11 6 6978.1363 1e-05 0.959931088596881 2.12930168743308 0 2.0943951023932
13 11 7 6978.1363 1e-05 0.959931088596881 2.12930168743308 0 2.30383461263251
13 11 8 6978.1363 1e-05 0.959931088596881 2.12930168743308 0 2.51327412287183
13 11 9 6978.1363 1e-05 0.959931088596881 2.12930168743308 0 2.72271363311115
13 11 10 6978.1363 1e-05 0.959931088596881 2.12930168743308 0 2.93215314335047
13 11 11 6978.1363 1e-05 0.959931088596881 2.12930168743308 0 3.14159265358979
13 11 12 6978.1363 1e-05 0.959931088596881 2.12930168743308 0 3.35103216382911
13 11 13 6978.1363 1e-05 0.959931088596881 2.12930168743308 0 3.56047167406843
13 11 14 6978.1363 1e-05 0.959931088596881 2.12930168743308 0 3.76991118430775
13 11 15 6978.1363 1e-05 0.959931088596881 2.12930168743308 0 3.97935069454707
13 11 16 6978.1363 1e-05 0.959931088596881 2.12930168743308 0 4.18879020478639
13 11 17 6978.1363 1e-05 0.959931088596881 2.12930168743308 0 4.39822971502571
13 11 18 6978.1363 1e-05 0.959931088596881 2.12930168743308 0 4.60766922526503
13 11 19 6978.1363 1e-05 0.959931088596881 2.12930168743308 0 4.81710873550435
13 11 20 6978.1363 1e-05 0.959931088596881 2.12930168743308 0 5.02654824574367
13 11 21 6978.1363 1e-05 0.959931088596881 2.12930168743308 0 5.23598775598299
13 11 22 6978.1363 1e-05 0.959931088596881 2.12930168743308 0 5.44542726622231
13 11 23 6978.1363 1e-05 0.959931088596881 2.12930168743308 0 5.65486677646163
13 11 24 6978.1363 1e-05 0.959931088596881 2.12930168743308 0 5.86430628670095
13 11 25 6978.1363 1e-05 0.959931088596881 2.12930168743308 0 6.07374579694027
13 11 26 6978.1363 1e-05 0.959931088596881 2.12930168743308 0 6.28318530717959
13 11 27 6978.1363 1e-05 0.959931088596881 2.12930168743308 0 6.49262481741891
13 11 28 6978.1363 1e-05 0.959931088596881 2.12930168743308 0 6.70206432765823
13 11 29 6978.1363 1e-05 0.959931088596881 2.12930168743308 0 6.91150383789754
13 11 30 6978.1363 1e-05 0.959931088596881 2.12930168743308 0 7.12094334813686
19 20 1 7078.1363 1e-05 0.959931088596881 2.13615833806592 0 1.06589750746797
19 20 2 7078.1363 1e-05 0.959931088596881 2.13615833806592 0 1.26224704831733
19 20 3 7078.1363 1e-05 0.959931088596881 2.13615833806592 0 1.45859658916669
19 20 4 7078.1363 1e-05 0.959931088596881 2.13615833806592 0 1.65494613001605
19 20 5 7078.1363 1e-05 0.959931088596881 2.13615833806592 0 1.85129567086541
19 20 6 7078.1363 1e-05 0.959931088596881 2.13615833806592 0 2.04764521171478
19 20 7 7078.1363 1e-05 0.959931088596881 2.13615833806592 0 2.24399475256414
19 20 8 7078.1363 1e-05 0.959931088596881 2.13615833806592 0 2.4403442934135
19 20 9 7078.1363 1e-05 0.959931088596881 2.13615833806592 0 2.63669383426286
19 20 10 7078.1363 1e-05 0.959931088596881 2.13615833806592 0 2.83304337511222
19 20 11 7078.1363 1e-05 0.959931088596881 2.13615833806592 0 3.02939291596159
19 20 12 7078.1363 1e-05 0.959931088596881 2.13615833806592 0 3.22574245681095
19 20 13 7078.1363 1e-05 0.959931088596881 2.13615833806592 0 3.42209199766031
19 20 14 7078.1363 1e-05 0.959931088596881 2.13615833806592 0 3.61844153850967
19 20 15 7078.1363 1e-05 0.959931088596881 2.13615833806592 0 3.81479107935903
19 20 16 7078.1363 1e-05 0.959931088596881 2.13615833806592 0 4.0111406202084
19 20 17 7078.1363 1e-05 0.959931088596881 2.13615833806592 0 4.20749016105776
19 20 18 7078.1363 1e-05 0.959931088596881 2.13615833806592 0 4.40383970190712
19 20 19 7078.1363 1e-05 0.959931088596881 2.13615833806592 0 4.60018924275648
19 20 20 7078.1363 1e-05 0.959931088596881 2.13615833806592 0 4.79653878360585
19 20 21 7078.1363 1e-05 0.959931088596881 2.13615833806592 0 4.99288832445521
19 20 22 7078.1363 1e-05 0.959931088596881 2.13615833806592 0 5.18923786530457
19 20 23 7078.1363 1e-05 0.959931088596881 2.13615833806592 0 5.38558740615393
19 20 24 7078.1363 1e-05 0.959931088596881 2.13615833806592 0 5.58193694700329
19 20 25 7078.1363 1e-05 0.959931088596881 2.13615833806592 0 5.77828648785266
19 20 26 7078.1363 1e-05 0.959931088596881 2.13615833806592 0 5.97463602870202
19 20 27 7078.1363 1e-05 0.959931088596881 2.13615833806592 0 6.17098556955138
19 20 28 7078.1363 1e-05 0.959931088596881 2.13615833806592 0 6.36733511040074
19 20 29 7078.1363 1e-05 0.959931088596881 2.13615833806592 0 6.5636846512501
19 20 30 7078.1363 1e-05 0.959931088596881 2.13615833806592 0 6.76003419209947
19 20 31 7078.1363 1e-05 0.959931088596881 2.13615833806592 0 6.95638373294883
19 20 32 7078.1363 1e-05 0.959931088596881 2.13615833806592 0 7.15273327379819
19 21 1 7078.1363 1e-05 0.959931088596881 2.24835807569412 0 1.12199737628207
19 21 2 7078.1363 1e-05 0.959931088596881 2.24835807569412 0 1.31834691713143
19 21 3 7078.1363 1e-05 0.959931088596881 2.24835807569412 0 1.51469645798079
19 21 4 7078.1363 1e-05 0.959931088596881 2.24835807569412 0 1.71104599883016
19 21 5 7078.1363 1e-05 0.959931088596881 2.24835807569412 0 1.90739553967952
19 21 6 7078.1363 1e-05 0.959931088596881 2.24835807569412 0 2.10374508052888
19 21 7 7078.1363 1e-05 0.959931088596881 2.24835807569412 0 2.30009462137824
19 21 8 7078.1363 1e-05 0.959931088596881 2.24835807569412 0 2.4964441622276
19 21 9 7078.1363 1e-05 0.959931088596881 2.24835807569412 0 2.69279370307697
19 21 10 7078.1363 1e-05 0.959931088596881 2.24835807569412 0 2.88914324392633
19 21 11 7078.1363 1e-05 0.959931088596881 2.24835807569412 0 3.08549278477569
19 21 12 7078.1363 1e-05 0.959931088596881 2.24835807569412 0 3.28184232562505
19 21 13 7078.1363 1e-05 0.959931088596881 2.24835807569412 0 3.47819186647441
19 21 14 7078.1363 1e-05 0.959931088596881 2.24835807569412 0 3.67454140732378
19 21 15 7078.1363 1e-05 0.959931088596881 2.24835807569412 0 3.87089094817314
19 21 16 7078.1363 1e-05 0.959931088596881 2.24835807569412 0 4.0672404890225
19 21 17 7078.1363 1e-05 0.959931088596881 2.24835807569412 0 4.26359002987186
19 21 18 7078.1363 1e-05 0.959931088596881 2.24835807569412 0 4.45993957072122
19 21 19 7078.1363 1e-05 0.959931088596881 2.24835807569412 0 4.65628911157059
19 21 20 7078.1363 1e-05 0.959931088596881 2.24835807569412 0 4.85263865241995
19 21 21 7078.1363 1e-05 0.959931088596881 2.24835807569412 0 5.04898819326931
19 21 22 7078.1363 1e-05 0.959931088596881 2.24835807569412 0 5.24533773411867
19 21 23 7078.1363 1e-05 0.959931088596881 2.24835807569412 0 5.44168727496803
19 21 24 7078.1363 1e-05 0.959931088596881 2.24835807569412 0 5.6380368158174
19 21 25 7078.1363 1e-05 0.959931088596881 2.24835807569412 0 5.83438635666676
19 21 26 7078.1363 1e-05 0.959931088596881 2.24835807569412 0 6.03073589751612
19 21 27 7078.1363 1e-05 0.959931088596881 2.24835807569412 0 6.22708543836548
19 21 28 7078.1363 1e-05 0.959931088596881 2.24835807569412 0 6.42343497921484
19 21 29 7078.1363 1e-05 0.959931088596881 2.24835807569412 0 6.61978452006421
19 21 30 7078.1363 1e-05 0.959931088596881 2.24835807569412 0 6.81613406091357
19 21 31 7078.1363 1e-05 0.959931088596881 2.24835807569412 0 7.01248360176293
19 21 32 7078.1363 1e-05 0.959931088596881 2.24835807569412 0 7.20883314261229
12 14 1 6863.1363 1e-05 0.959931088596881 2.28638132011257 0 1.0372242411852
12 14 2 6863.1363 1e-05 0.959931088596881 2.28638132011257 0 1.21674382139033
12 14 3 6863.1363 1e-05 0.959931088596881 2.28638132011257 0 1.39626340159546
12 14 4 6863.1363 1e-05 0.959931088596881 2.28638132011257 0 1.57578298180059
12 14 5 6863.1363 1e-05 0.959931088596881 2.28638132011257 0 1.75530256200573
12 14 6 6863.1363 1e-05 0.959931088596881 2.28638132011257 0 1.93482214221086
12 14 7 6863.1363 1e-05 0.959931088596881 2.28638132011257 0 2.11434172241599
12 14 8 6863.1363 1e-05 0.959931088596881 2.28638132011257 0 2.29386130262112
12 14 9 6863.1363 1e-05 0.959931088596881 2.28638132011257 0 2.47338088282625
12 14 10 6863.1363 1e-05 0.959931088596881 2.28638132011257 0 2.65290046303138
12 14 11 6863.1363 1e-05 0.959931088596881 2.28638132011257 0 2.83242004323651
12 14 12 6863.1363 1e-05 0.959931088596881 2.28638132011257 0 3.01193962344164
12 14 13 6863.1363 1e-05 0.959931088596881 2.28638132011257 0 3.19145920364677
12 14 14 6863.1363 1e-05 0.959931088596881 2.28638132011257 0 3.37097878385191
12 14 15 6863.1363 1e-05 0.959931088596881 2.28638132011257 0 3.55049836405704
12 14 16 6863.1363 1e-05 0.959931088596881 2.28638132011257 0 3.73001794426217
12 14 17 6863.1363 1e-05 0.959931088596881 2.28638132011257 0 3.9095375244673
12 14 18 6863.1363 1e-05 0.959931088596881 2.28638132011257 0 4.08905710467243
12 14 19 6863.1363 1e-05 0.959931088596881 2.28638132011257 0 4.26857668487756
12 14 20 6863.1363 1e-05 0.959931088596881 2.28638132011257 0 4.44809626508269
12 14 21 6863.1363 1e-05 0.959931088596881 2.28638132011257 0 4.62761584528782
12 14 22 6863.1363 1e-05 0.959931088596881 2.28638132011257 0 4.80713542549295
12 14 23 6863.1363 1e-05 0.959931088596881 2.28638132011257 0 4.98665500569808
12 14 24 6863.1363 1e-05 0.959931088596881 2.28638132011257 0 5.16617458590322
12 14 25 6863.1363 1e-05 0.959931088596881 2.28638132011257 0 5.34569416610835
12 14 26 6863.1363 1e-05 0.959931088596881 2.28638132011257 0 5.52521374631348
12 14 27 6863.1363 1e-05 0.959931088596881 2.28638132011257 0 5.70473332651861
12 14 28 6863.1363 1e-05 0.959931088596881 2.28638132011257 0 5.88425290672374
12 14 29 6863.1363 1e-05 0.959931088596881 2.28638132011257 0 6.06377248692887
12 14 30 6863.1363 1e-05 0.959931088596881 2.28638132011257 0 6.243292067134
12 14 31 6863.1363 1e-05 0.959931088596881 2.28638132011257 0 6.42281164733913
12 14 32 6863.1363 1e-05 0.959931088596881 2.28638132011257 0 6.60233122754426
12 14 33 6863.1363 1e-05 0.959931088596881 2.28638132011257 0 6.78185080774939
12 14 34 6863.1363 1e-05 0.959931088596881 2.28638132011257 0 6.96137038795453
12 14 35 6863.1363 1e-05 0.959931088596881 2.28638132011257 0 7.14088996815966
16 14 1 6853.1363 1e-05 0.959931088596881 2.29510796637254 0 1.13446401379631
16 14 2 6853.1363 1e-05 0.959931088596881 2.29510796637254 0 1.26012771993991
16 14 3 6853.1363 1e-05 0.959931088596881 2.29510796637254 0 1.3857914260835
16 14 4 6853.1363 1e-05 0.959931088596881 2.29510796637254 0 1.51145513222709
16 14 5 6853.1363 1e-05 0.959931088596881 2.29510796637254 0 1.63711883837068
16 14 6 6853.1363 1e-05 0.959931088596881 2.29510796637254 0 1.76278254451427
16 14 7 6853.1363 1e-05 0.959931088596881 2.29510796637254 0 1.88844625065786
16 14 8 6853.1363 1e-05 0.959931088596881 2.29510796637254 0 2.01410995680146
16 14 9 6853.1363 1e-05 0.959931088596881 2.29510796637254 0 2.13977366294505
16 14 10 6853.1363 1e-05 0.959931088596881 2.29510796637254 0 2.26543736908864
16 14 11 6853.1363 1e-05 0.959931088596881 2.29510796637254 0 2.39110107523223
16 14 12 6853.1363 1e-05 0.959931088596881 2.29510796637254 0 2.51676478137582
16 14 13 6853.1363 1e-05 0.959931088596881 2.29510796637254 0 2.64242848751941
16 14 14 6853.1363 1e-05 0.959931088596881 2.29510796637254 0 2.76809219366301
16 14 15 6853.1363 1e-05 0.959931088596881 2.29510796637254 0 2.8937558998066
16 14 16 6853.1363 1e-05 0.959931088596881 2.29510796637254 0 3.01941960595019
16 14 17 6853.1363 1e-05 0.959931088596881 2.29510796637254 0 3.14508331209378
16 14 18 6853.1363 1e-05 0.959931088596881 2.29510796637254 0 3.27074701823737
16 14 19 6853.1363 1e-05 0.959931088596881 2.29510796637254 0 3.39641072438097
16 14 20 6853.1363 1e-05 0.959931088596881 2.29510796637254 0 3.52207443052456
16 14 21 6853.1363 1e-05 0.959931088596881 2.29510796637254 0 3.64773813666815
16 14 22 6853.1363 1e-05 0.959931088596881 2.29510796637254 0 3.77340184281174
16 14 23 6853.1363 1e-05 0.959931088596881 2.29510796637254 0 3.89906554895533
16 14 24 6853.1363 1e-05 0.959931088596881 2.29510796637254 0 4.02472925509892
16 14 25 6853.1363 1e-05 0.959931088596881 2.29510796637254 0 4.15039296124252
16 14 26 6853.1363 1e-05 0.959931088596881 2.29510796637254 0 4.27605666738611
16 14 27 6853.1363 1e-05 0.959931088596881 2.29510796637254 0 4.4017203735297
16 14 28 6853.1363 1e-05 0.959931088596881 2.29510796637254 0 4.52738407967329
16 14 29 6853.1363 1e-05 0.959931088596881 2.29510796637254 0 4.65304778581688
16 14 30 6853.1363 1e-05 0.959931088596881 2.29510796637254 0 4.77871149196047
16 14 31 6853.1363 1e-05 0.959931088596881 2.29510796637254 0 4.90437519810407
16 14 32 6853.1363 1e-05 0.959931088596881 2.29510796637254 0 5.03003890424766
16 14 33 6853.1363 1e-05 0.959931088596881 2.29510796637254 0 5.15570261039125
16 14 34 6853.1363 1e-05 0.959931088596881 2.29510796637254 0 5.28136631653484
16 14 35 6853.1363 1e-05 0.959931088596881 2.29510796637254 0 5.40703002267843
16 14 36 6853.1363 1e-05 0.959931088596881 2.29510796637254 0 5.53269372882203
16 14 37 6853.1363 1e-05 0.959931088596881 2.29510796637254 0 5.65835743496562
16 14 38 6853.1363 1e-05 0.959931088596881 2.29510796637254 0 5.78402114110921
16 14 39 6853.1363 1e-05 0.959931088596881 2.29510796637254 0 5.9096848472528
16 14 40 6853.1363 1e-05 0.959931088596881 2.29510796637254 0 6.03534855339639
16 14 41 6853.1363 1e-05 0.959931088596881 2.29510796637254 0 6.16101225953998
16 14 42 6853.1363 1e-05 0.959931088596881 2.29510796637254 0 6.28667596568357
16 14 43 6853.1363 1e-05 0.959931088596881 2.29510796637254 0 6.41233967182717
16 14 44 6853.1363 1e-05 0.959931088596881 2.29510796637254 0 6.53800337797076
16 14 45 6853.1363 1e-05 0.959931088596881 2.29510796637254 0 6.66366708411435
16 14 46 6853.1363 1e-05 0.959931088596881 2.29510796637254 0 6.78933079025794
16 14 47 6853.1363 1e-05 0.959931088596881 2.29510796637254 0 6.91499449640153
16 14 48 6853.1363 1e-05 0.959931088596881 2.29510796637254 0 7.04065820254513
16 14 49 6853.1363 1e-05 0.959931088596881 2.29510796637254 0 7.16632190868872
16 14 50 6853.1363 1e-05 0.959931088596881 2.29510796637254 0 7.29198561483231
13 12 1 6978.1363 1e-05 0.959931088596881 2.3387411976724 0 1.15191730631626
13 12 2 6978.1363 1e-05 0.959931088596881 2.3387411976724 0 1.36135681655558
13 12 3 6978.1363 1e-05 0.959931088596881 2.3387411976724 0 1.5707963267949
13 12 4 6978.1363 1e-05 0.959931088596881 2.3387411976724 0 1.78023583703422
13 12 5 6978.1363 1e-05 0.959931088596881 2.3387411976724 0 1.98967534727354
13 12 6 6978.1363 1e-05 0.959931088596881 2.3387411976724 0 2.19911485751286
13 12 7 6978.1363 1e-05 0.959931088596881 2.3387411976724 0 2.40855436775217
13 12 8 6978.1363 1e-05 0.959931088596881 2.3387411976724 0 2.61799387799149
13 12 9 6978.1363 1e-05 0.959931088596881 2.3387411976724 0 2.82743338823081
13 12 10 6978.1363 1e-05 0.959931088596881 2.3387411976724 0 3.03687289847013
13 12 11 6978.1363 1e-05 0.959931088596881 2.3387411976724 0 3.24631240870945
13 12 12 6978.1363 1e-05 0.959931088596881 2.3387411976724 0 3.45575191894877
13 12 13 6978.1363 1e-05 0.959931088596881 2.3387411976724 0 3.66519142918809
13 12 14 6978.1363 1e-05 0.959931088596881 2.3387411976724 0 3.87463093942741
13 12 15 6978.1363 1e-05 0.959931088596881 2.3387411976724 0 4.08407044966673
13 12 16 6978.1363 1e-05 0.959931088596881 2.3387411976724 0 4.29350995990605
13 12 17 6978.1363 1e-05 0.959931088596881 2.3387411976724 0 4.50294947014537
13 12 18 6978.1363 1e-05 0.959931088596881 2.3387411976724 0 4.71238898038469
13 12 19 6978.1363 1e-05 0.959931088596881 2.3387411976724 0 4.92182849062401
13 12 20 6978.1363 1e-05 0.959931088596881 2.3387411976724 0 5.13126800086333
13 12 21 6978.1363 1e-05 0.959931088596881 2.3387411976724 0 5.34070751110265
13 12 22 6978.1363 1e-05 0.959931088596881 2.3387411976724 0 5.55014702134197
13 12 23 6978.1363 1e-05 0.959931088596881 2.3387411976724 0 5.75958653158129
13 12 24 6978.1363 1e-05 0.959931088596881 2.3387411976724 0 5.96902604182061
13 12 25 6978.1363 1e-05 0.959931088596881 2.3387411976724 0 6.17846555205993
13 12 26 6978.1363 1e-05 0.959931088596881 2.3387411976724 0 6.38790506229924
13 12 27 6978.1363 1e-05 0.959931088596881 2.3387411976724 0 6.59734457253857
13 12 28 6978.1363 1e-05 0.959931088596881 2.3387411976724 0 6.80678408277788
13 12 29 6978.1363 1e-05 0.959931088596881 2.3387411976724 0 7.0162235930172
13 12 30 6978.1363 1e-05 0.959931088596881 2.3387411976724 0 7.22566310325652
19 22 1 7078.1363 1e-05 0.959931088596881 2.36055781332233 0 1.17809724509617
19 22 2 7078.1363 1e-05 0.959931088596881 2.36055781332233 0 1.37444678594553
19 22 3 7078.1363 1e-05 0.959931088596881 2.36055781332233 0 1.5707963267949
19 22 4 7078.1363 1e-05 0.959931088596881 2.36055781332233 0 1.76714586764426
19 22 5 7078.1363 1e-05 0.959931088596881 2.36055781332233 0 1.96349540849362
19 22 6 7078.1363 1e-05 0.959931088596881 2.36055781332233 0 2.15984494934298
19 22 7 7078.1363 1e-05 0.959931088596881 2.36055781332233 0 2.35619449019234
19 22 8 7078.1363 1e-05 0.959931088596881 2.36055781332233 0 2.55254403104171
19 22 9 7078.1363 1e-05 0.959931088596881 2.36055781332233 0 2.74889357189107
19 22 10 7078.1363 1e-05 0.959931088596881 2.36055781332233 0 2.94524311274043
19 22 11 7078.1363 1e-05 0.959931088596881 2.36055781332233 0 3.14159265358979
19 22 12 7078.1363 1e-05 0.959931088596881 2.36055781332233 0 3.33794219443915
19 22 13 7078.1363 1e-05 0.959931088596881 2.36055781332233 0 3.53429173528852
19 22 14 7078.1363 1e-05 0.959931088596881 2.36055781332233 0 3.73064127613788
19 22 15 7078.1363 1e-05 0.959931088596881 2.36055781332233 0 3.92699081698724
19 22 16 7078.1363 1e-05 0.959931088596881 2.36055781332233 0 4.1233403578366
19 22 17 7078.1363 1e-05 0.959931088596881 2.36055781332233 0 4.31968989868597
19 22 18 7078.1363 1e-05 0.959931088596881 2.36055781332233 0 4.51603943953533
19 22 19 7078.1363 1e-05 0.959931088596881 2.36055781332233 0 4.71238898038469
19 22 20 7078.1363 1e-05 0.959931088596881 2.36055781332233 0 4.90873852123405
19 22 21 7078.1363 1e-05 0.959931088596881 2.36055781332233 0 5.10508806208341
19 22 22 7078.1363 1e-05 0.959931088596881 2.36055781332233 0 5.30143760293278
19 22 23 7078.1363 1e-05 0.959931088596881 2.36055781332233 0 5.49778714378214
19 22 24 7078.1363 1e-05 0.959931088596881 2.36055781332233 0 5.6941366846315
19 22 25 7078.1363 1e-05 0.959931088596881 2.36055781332233 0 5.89048622548086
19 22 26 7078.1363 1e-05 0.959931088596881 2.36055781332233 0 6.08683576633022
19 22 27 7078.1363 1e-05 0.959931088596881 2.36055781332233 0 6.28318530717959
19 22 28 7078.1363 1e-05 0.959931088596881 2.36055781332233 0 6.47953484802895
19 22 29 7078.1363 1e-05 0.959931088596881 2.36055781332233 0 6.67588438887831
19 22 30 7078.1363 1e-05 0.959931088596881 2.36055781332233 0 6.87223392972767
19 22 31 7078.1363 1e-05 0.959931088596881 2.36055781332233 0 7.06858347057703
19 22 32 7078.1363 1e-05 0.959931088596881 2.36055781332233 0 7.2649330114264
12 15 1 6863.1363 1e-05 0.959931088596881 2.460914245312 0 1.11701072127637
12 15 2 6863.1363 1e-05 0.959931088596881 2.460914245312 0 1.2965303014815
12 15 3 6863.1363 1e-05 0.959931088596881 2.460914245312 0 1.47604988168663
12 15 4 6863.1363 1e-05 0.959931088596881 2.460914245312 0 1.65556946189176
12 15 5 6863.1363 1e-05 0.959931088596881 2.460914245312 0 1.83508904209689
12 15 6 6863.1363 1e-05 0.959931088596881 2.460914245312 0 2.01460862230203
12 15 7 6863.1363 1e-05 0.959931088596881 2.460914245312 0 2.19412820250716
12 15 8 6863.1363 1e-05 0.959931088596881 2.460914245312 0 2.37364778271229
12 15 9 6863.1363 1e-05 0.959931088596881 2.460914245312 0 2.55316736291742
12 15 10 6863.1363 1e-05 0.959931088596881 2.460914245312 0 2.73268694312255
12 15 11 6863.1363 1e-05 0.959931088596881 2.460914245312 0 2.91220652332768
12 15 12 6863.1363 1e-05 0.959931088596881 2.460914245312 0 3.09172610353281
12 15 13 6863.1363 1e-05 0.959931088596881 2.460914245312 0 3.27124568373794
12 15 14 6863.1363 1e-05 0.959931088596881 2.460914245312 0 3.45076526394307
12 15 15 6863.1363 1e-05 0.959931088596881 2.460914245312 0 3.63028484414821
12 15 16 6863.1363 1e-05 0.959931088596881 2.460914245312 0 3.80980442435334
12 15 17 6863.1363 1e-05 0.959931088596881 2.460914245312 0 3.98932400455847
12 15 18 6863.1363 1e-05 0.959931088596881 2.460914245312 0 4.1688435847636
12 15 19 6863.1363 1e-05 0.959931088596881 2.460914245312 0 4.34836316496873
12 15 20 6863.1363 1e-05 0.959931088596881 2.460914245312 0 4.52788274517386
12 15 21 6863.1363 1e-05 0.959931088596881 2.460914245312 0 4.70740232537899
12 15 22 6863.1363 1e-05 0.959931088596881 2.460914245312 0 4.88692190558412
12 15 23 6863.1363 1e-05 0.959931088596881 2.460914245312 0 5.06644148578925
12 15 24 6863.1363 1e-05 0.959931088596881 2.460914245312 0 5.24596106599438
12 15 25 6863.1363 1e-05 0.959931088596881 2.460914245312 0 5.42548064619952
12 15 26 6863.1363 1e-05 0.959931088596881 2.460914245312 0 5.60500022640465
12 15 27 6863.1363 1e-05 0.959931088596881 2.460914245312 0 5.78451980660978
12 15 28 6863.1363 1e-05 0.959931088596881 2.460914245312 0 5.96403938681491
12 15 29 6863.1363 1e-05 0.959931088596881 2.460914245312 0 6.14355896702004
12 15 30 6863.1363 1e-05 0.959931088596881 2.460914245312 0 6.32307854722517
12 15 31 6863.1363 1e-05 0.959931088596881 2.460914245312 0 6.5025981274303
12 15 32 6863.1363 1e-05 0.959931088596881 2.460914245312 0 6.68211770763543
12 15 33 6863.1363 1e-05 0.959931088596881 2.460914245312 0 6.86163728784056
12 15 34 6863.1363 1e-05 0.959931088596881 2.460914245312 0 7.04115686804569
12 15 35 6863.1363 1e-05 0.959931088596881 2.460914245312 0 7.22067644825083
16 15 1 6853.1363 1e-05 0.959931088596881 2.46964089157198 0 1.22173047639603
16 15 2 6853.1363 1e-05 0.959931088596881 2.46964089157198 0 1.34739418253962
16 15 3 6853.1363 1e-05 0.959931088596881 2.46964089157198 0 1.47305788868321
16 15 4 6853.1363 1e-05 0.959931088596881 2.46964089157198 0 1.59872159482681
16 15 5 6853.1363 1e-05 0.959931088596881 2.46964089157198 0 1.7243853009704
16 15 6 6853.1363 1e-05 0.959931088596881 2.46964089157198 0 1.85004900711399
16 15 7 6853.1363 1e-05 0.959931088596881 2.46964089157198 0 1.97571271325758
16 15 8 6853.1363 1e-05 0.959931088596881 2.46964089157198 0 2.10137641940117
16 15 9 6853.1363 1e-05 0.959931088596881 2.46964089157198 0 2.22704012554476
16 15 10 6853.1363 1e-05 0.959931088596881 2.46964089157198 0 2.35270383168836
16 15 11 6853.1363 1e-05 0.959931088596881 2.46964089157198 0 2.47836753783195
16 15 12 6853.1363 1e-05 0.959931088596881 2.46964089157198 0 2.60403124397554
16 15 13 6853.1363 1e-05 0.959931088596881 2.46964089157198 0 2.72969495011913
16 15 14 6853.1363 1e-05 0.959931088596881 2.46964089157198 0 2.85535865626272
16 15 15 6853.1363 1e-05 0.959931088596881 2.46964089157198 0 2.98102236240632
16 15 16 6853.1363 1e-05 0.959931088596881 2.46964089157198 0 3.10668606854991
16 15 17 6853.1363 1e-05 0.959931088596881 2.46964089157198 0 3.2323497746935
16 15 18 6853.1363 1e-05 0.959931088596881 2.46964089157198 0 3.35801348083709
16 15 19 6853.1363 1e-05 0.959931088596881 2.46964089157198 0 3.48367718698068
16 15 20 6853.1363 1e-05 0.959931088596881 2.46964089157198 0 3.60934089312427
16 15 21 6853.1363 1e-05 0.959931088596881 2.46964089157198 0 3.73500459926787
16 15 22 6853.1363 1e-05 0.959931088596881 2.46964089157198 0 3.86066830541146
16 15 23 6853.1363 1e-05 0.959931088596881 2.46964089157198 0 3.98633201155505
16 15 24 6853.1363 1e-05 0.959931088596881 2.46964089157198 0 4.11199571769864
16 15 25 6853.1363 1e-05 0.959931088596881 2.46964089157198 0 4.23765942384223
16 15 26 6853.1363 1e-05 0.959931088596881 2.46964089157198 0 4.36332312998582
16 15 27 6853.1363 1e-05 0.959931088596881 2.46964089157198 0 4.48898683612942
16 15 28 6853.1363 1e-05 0.959931088596881 2.46964089157198 0 4.61465054227301
16 15 29 6853.1363 1e-05 0.959931088596881 2.46964089157198 0 4.7403142484166
16 15 30 6853.1363 1e-05 0.959931088596881 2.46964089157198 0 4.86597795456019
16 15 31 6853.1363 1e-05 0.959931088596881 2.46964089157198 0 4.99164166070378
16 15 32 6853.1363 1e-05 0.959931088596881 2.46964089157198 0 5.11730536684737
16 15 33 6853.1363 1e-05 0.959931088596881 2.46964089157198 0 5.24296907299097
16 15 34 6853.1363 1e-05 0.959931088596881 2.46964089157198 0 5.36863277913456
16 15 35 6853.1363 1e-05 0.959931088596881 2.46964089157198 0 5.49429648527815
16 15 36 6853.1363 1e-05 0.959931088596881 2.46964089157198 0 5.61996019142174
16 15 37 6853.1363 1e-05 0.959931088596881 2.46964089157198 0 5.74562389756533
16 15 38 6853.1363 1e-05 0.959931088596881 2.46964089157198 0 5.87128760370893
16 15 39 6853.1363 1e-05 0.959931088596881 2.46964089157198 0 5.99695130985252
16 15 40 6853.1363 1e-05 0.959931088596881 2.46964089157198 0 6.12261501599611
16 15 41 6853.1363 1e-05 0.959931088596881 2.46964089157198 0 6.2482787221397
16 15 42 6853.1363 1e-05 0.959931088596881 2.46964089157198 0 6.37394242828329
16 15 43 6853.1363 1e-05 0.959931088596881 2.46964089157198 0 6.49960613442688
16 15 44 6853.1363 1e-05 0.959931088596881 2.46964089157198 0 6.62526984057047
16 15 45 6853.1363 1e-05 0.959931088596881 2.46964089157198 0 6.75093354671407
16 15 46 6853.1363 1e-05 0.959931088596881 2.46964089157198 0 6.87659725285766
16 15 47 6853.1363 1e-05 0.959931088596881 2.46964089157198 0 7.00226095900125
16 15 48 6853.1363 1e-05 0.959931088596881 2.46964089157198 0 7.12792466514484
16 15 49 6853.1363 1e-05 0.959931088596881 2.46964089157198 0 7.25358837128843
16 15 50 6853.1363 1e-05 0.959931088596881 2.46964089157198 0 7.37925207743203
19 23 1 7078.1363 1e-05 0.959931088596881 2.47275755095054 0 1.23419711391028
19 23 2 7078.1363 1e-05 0.959931088596881 2.47275755095054 0 1.43054665475964
19 23 3 7078.1363 1e-05 0.959931088596881 2.47275755095054 0 1.626896195609
19 23 4 7078.1363 1e-05 0.959931088596881 2.47275755095054 0 1.82324573645836
19 23 5 7078.1363 1e-05 0.959931088596881 2.47275755095054 0 2.01959527730772
19 23 6 7078.1363 1e-05 0.959931088596881 2.47275755095054 0 2.21594481815709
19 23 7 7078.1363 1e-05 0.959931088596881 2.47275755095054 0 2.41229435900645
19 23 8 7078.1363 1e-05 0.959931088596881 2.47275755095054 0 2.60864389985581
19 23 9 7078.1363 1e-05 0.959931088596881 2.47275755095054 0 2.80499344070517
19 23 10 7078.1363 1e-05 0.959931088596881 2.47275755095054 0 3.00134298155453
19 23 11 7078.1363 1e-05 0.959931088596881 2.47275755095054 0 3.1976925224039
19 23 12 7078.1363 1e-05 0.959931088596881 2.47275755095054 0 3.39404206325326
19 23 13 7078.1363 1e-05 0.959931088596881 2.47275755095054 0 3.59039160410262
19 23 14 7078.1363 1e-05 0.959931088596881 2.47275755095054 0 3.78674114495198
19 23 15 7078.1363 1e-05 0.959931088596881 2.47275755095054 0 3.98309068580134
19 23 16 7078.1363 1e-05 0.959931088596881 2.47275755095054 0 4.17944022665071
19 23 17 7078.1363 1e-05 0.959931088596881 2.47275755095054 0 4.37578976750007
19 23 18 7078.1363 1e-05 0.959931088596881 2.47275755095054 0 4.57213930834943
19 23 19 7078.1363 1e-05 0.959931088596881 2.47275755095054 0 4.76848884919879
19 23 20 7078.1363 1e-05 0.959931088596881 2.47275755095054 0 4.96483839004815
19 23 21 7078.1363 1e-05 0.959931088596881 2.47275755095054 0 5.16118793089752
19 23 22 7078.1363 1e-05 0.959931088596881 2.47275755095054 0 5.35753747174688
19 23 23 7078.1363 1e-05 0.959931088596881 2.47275755095054 0 5.55388701259624
19 23 24 7078.1363 1e-05 0.959931088596881 2.47275755095054 0 5.7502365534456
19 23 25 7078.1363 1e-05 0.959931088596881 2.47275755095054 0 5.94658609429497
19 23 26 7078.1363 1e-05 0.959931088596881 2.47275755095054 0 6.14293563514433
19 23 27 7078.1363 1e-05 0.959931088596881 2.47275755095054 0 6.33928517599369
19 23 28 7078.1363 1e-05 0.959931088596881 2.47275755095054 0 6.53563471684305
19 23 29 7078.1363 1e-05 0.959931088596881 2.47275755095054 0 6.73198425769241
19 23 30 7078.1363 1e-05 0.959931088596881 2.47275755095054 0 6.92833379854178
19 23 31 7078.1363 1e-05 0.959931088596881 2.47275755095054 0 7.12468333939114
19 23 32 7078.1363 1e-05 0.959931088596881 2.47275755095054 0 7.3210328802405
13 13 1 6978.1363 1e-05 0.959931088596881 2.54818070791172 0 1.25663706143592
13 13 2 6978.1363 1e-05 0.959931088596881 2.54818070791172 0 1.46607657167524
13 13 3 6978.1363 1e-05 0.959931088596881 2.54818070791172 0 1.67551608191456
13 13 4 6978.1363 1e-05 0.959931088596881 2.54818070791172 0 1.88495559215388
13 13 5 6978.1363 1e-05 0.959931088596881 2.54818070791172 0 2.0943951023932
13 13 6 6978.1363 1e-05 0.959931088596881 2.54818070791172 0 2.30383461263251
13 13 7 6978.1363 1e-05 0.959931088596881 2.54818070791172 0 2.51327412287183
13 13 8 6978.1363 1e-05 0.959931088596881 2.54818070791172 0 2.72271363311115
13 13 9 6978.1363 1e-05 0.959931088596881 2.54818070791172 0 2.93215314335047
13 13 10 6978.1363 1e-05 0.959931088596881 2.54818070791172 0 3.14159265358979
13 13 11 6978.1363 1e-05 0.959931088596881 2.54818070791172 0 3.35103216382911
13 13 12 6978.1363 1e-05 0.959931088596881 2.54818070791172 0 3.56047167406843
13 13 13 6978.1363 1e-05 0.959931088596881 2.54818070791172 0 3.76991118430775
13 13 14 6978.1363 1e-05 0.959931088596881 2.54818070791172 0 3.97935069454707
13 13 15 6978.1363 1e-05 0.959931088596881 2.54818070791172 0 4.18879020478639
13 13 16 6978.1363 1e-05 0.959931088596881 2.54818070791172 0 4.39822971502571
13 13 17 6978.1363 1e-05 0.959931088596881 2.54818070791172 0 4.60766922526503
13 13 18 6978.1363 1e-05 0.959931088596881 2.54818070791172 0 4.81710873550435
13 13 19 6978.1363 1e-05 0.959931088596881 2.54818070791172 0 5.02654824574367
13 13 20 6978.1363 1e-05 0.959931088596881 2.54818070791172 0 5.23598775598299
13 13 21 6978.1363 1e-05 0.959931088596881 2.54818070791172 0 5.44542726622231
13 13 22 6978.1363 1e-05 0.959931088596881 2.54818070791172 0 5.65486677646163
13 13 23 6978.1363 1e-05 0.959931088596881 2.54818070791172 0 5.86430628670095
13 13 24 6978.1363 1e-05 0.959931088596881 2.54818070791172 0 6.07374579694027
13 13 25 6978.1363 1e-05 0.959931088596881 2.54818070791172 0 6.28318530717959
13 13 26 6978.1363 1e-05 0.959931088596881 2.54818070791172 0 6.49262481741891
13 13 27 6978.1363 1e-05 0.959931088596881 2.54818070791172 0 6.70206432765823
13 13 28 6978.1363 1e-05 0.959931088596881 2.54818070791172 0 6.91150383789754
13 13 29 6978.1363 1e-05 0.959931088596881 2.54818070791172 0 7.12094334813686
13 13 30 6978.1363 1e-05 0.959931088596881 2.54818070791172 0 7.33038285837618
19 24 1 7078.1363 1e-05 0.959931088596881 2.58495728857874 0 1.29029698272438
19 24 2 7078.1363 1e-05 0.959931088596881 2.58495728857874 0 1.48664652357374
19 24 3 7078.1363 1e-05 0.959931088596881 2.58495728857874 0 1.6829960644231
19 24 4 7078.1363 1e-05 0.959931088596881 2.58495728857874 0 1.87934560527247
19 24 5 7078.1363 1e-05 0.959931088596881 2.58495728857874 0 2.07569514612183
19 24 6 7078.1363 1e-05 0.959931088596881 2.58495728857874 0 2.27204468697119
19 24 7 7078.1363 1e-05 0.959931088596881 2.58495728857874 0 2.46839422782055
19 24 8 7078.1363 1e-05 0.959931088596881 2.58495728857874 0 2.66474376866991
19 24 9 7078.1363 1e-05 0.959931088596881 2.58495728857874 0 2.86109330951928
19 24 10 7078.1363 1e-05 0.959931088596881 2.58495728857874 0 3.05744285036864
19 24 11 7078.1363 1e-05 0.959931088596881 2.58495728857874 0 3.253792391218
19 24 12 7078.1363 1e-05 0.959931088596881 2.58495728857874 0 3.45014193206736
19 24 13 7078.1363 1e-05 0.959931088596881 2.58495728857874 0 3.64649147291672
19 24 14 7078.1363 1e-05 0.959931088596881 2.58495728857874 0 3.84284101376609
19 24 15 7078.1363 1e-05 0.959931088596881 2.58495728857874 0 4.03919055461545
19 24 16 7078.1363 1e-05 0.959931088596881 2.58495728857874 0 4.23554009546481
19 24 17 7078.1363 1e-05 0.959931088596881 2.58495728857874 0 4.43188963631417
19 24 18 7078.1363 1e-05 0.959931088596881 2.58495728857874 0 4.62823917716353
19 24 19 7078.1363 1e-05 0.959931088596881 2.58495728857874 0 4.8245887180129
19 24 20 7078.1363 1e-05 0.959931088596881 2.58495728857874 0 5.02093825886226
19 24 21 7078.1363 1e-05 0.959931088596881 2.58495728857874 0 5.21728779971162
19 24 22 7078.1363 1e-05 0.959931088596881 2.58495728857874 0 5.41363734056098
19 24 23 7078.1363 1e-05 0.959931088596881 2.58495728857874 0 5.60998688141034
19 24 24 7078.1363 1e-05 0.959931088596881 2.58495728857874 0 5.80633642225971
19 24 25 7078.1363 1e-05 0.959931088596881 2.58495728857874 0 6.00268596310907
19 24 26 7078.1363 1e-05 0.959931088596881 2.58495728857874 0 6.19903550395843
19 24 27 7078.1363 1e-05 0.959931088596881 2.58495728857874 0 6.39538504480779
19 24 28 7078.1363 1e-05 0.959931088596881 2.58495728857874 0 6.59173458565716
19 24 29 7078.1363 1e-05 0.959931088596881 2.58495728857874 0 6.78808412650652
19 24 30 7078.1363 1e-05 0.959931088596881 2.58495728857874 0 6.98443366735588
19 24 31 7078.1363 1e-05 0.959931088596881 2.58495728857874 0 7.18078320820524
19 24 32 7078.1363 1e-05 0.959931088596881 2.58495728857874 0 7.3771327490546
12 16 1 6863.1363 1e-05 0.959931088596881 2.63544717051144 0 1.19679720136754
12 16 2 6863.1363 1e-05 0.959931088596881 2.63544717051144 0 1.37631678157267
12 16 3 6863.1363 1e-05 0.959931088596881 2.63544717051144 0 1.5558363617778
12 16 4 6863.1363 1e-05 0.959931088596881 2.63544717051144 0 1.73535594198293
12 16 5 6863.1363 1e-05 0.959931088596881 2.63544717051144 0 1.91487552218806
12 16 6 6863.1363 1e-05 0.959931088596881 2.63544717051144 0 2.0943951023932
12 16 7 6863.1363 1e-05 0.959931088596881 2.63544717051144 0 2.27391468259833
12 16 8 6863.1363 1e-05 0.959931088596881 2.63544717051144 0 2.45343426280346
12 16 9 6863.1363 1e-05 0.959931088596881 2.63544717051144 0 2.63295384300859
12 16 10 6863.1363 1e-05 0.959931088596881 2.63544717051144 0 2.81247342321372
12 16 11 6863.1363 1e-05 0.959931088596881 2.63544717051144 0 2.99199300341885
12 16 12 6863.1363 1e-05 0.959931088596881 2.63544717051144 0 3.17151258362398
12 16 13 6863.1363 1e-05 0.959931088596881 2.63544717051144 0 3.35103216382911
12 16 14 6863.1363 1e-05 0.959931088596881 2.63544717051144 0 3.53055174403424
12 16 15 6863.1363 1e-05 0.959931088596881 2.63544717051144 0 3.71007132423937
12 16 16 6863.1363 1e-05 0.959931088596881 2.63544717051144 0 3.88959090444451
12 16 17 6863.1363 1e-05 0.959931088596881 2.63544717051144 0 4.06911048464964
12 16 18 6863.1363 1e-05 0.959931088596881 2.63544717051144 0 4.24863006485477
12 16 19 6863.1363 1e-05 0.959931088596881 2.63544717051144 0 4.4281496450599
12 16 20 6863.1363 1e-05 0.959931088596881 2.63544717051144 0 4.60766922526503
12 16 21 6863.1363 1e-05 0.959931088596881 2.63544717051144 0 4.78718880547016
12 16 22 6863.1363 1e-05 0.959931088596881 2.63544717051144 0 4.96670838567529
12 16 23 6863.1363 1e-05 0.959931088596881 2.63544717051144 0 5.14622796588042
12 16 24 6863.1363 1e-05 0.959931088596881 2.63544717051144 0 5.32574754608555
12 16 25 6863.1363 1e-05 0.959931088596881 2.63544717051144 0 5.50526712629068
12 16 26 6863.1363 1e-05 0.959931088596881 2.63544717051144 0 5.68478670649582
12 16 27 6863.1363 1e-05 0.959931088596881 2.63544717051144 0 5.86430628670095
12 16 28 6863.1363 1e-05 0.959931088596881 2.63544717051144 0 6.04382586690608
12 16 29 6863.1363 1e-05 0.959931088596881 2.63544717051144 0 6.22334544711121
12 16 30 6863.1363 1e-05 0.959931088596881 2.63544717051144 0 6.40286502731634
12 16 31 6863.1363 1e-05 0.959931088596881 2.63544717051144 0 6.58238460752147
12 16 32 6863.1363 1e-05 0.959931088596881 2.63544717051144 0 6.7619041877266
12 16 33 6863.1363 1e-05 0.959931088596881 2.63544717051144 0 6.94142376793173
12 16 34 6863.1363 1e-05 0.959931088596881 2.63544717051144 0 7.12094334813686
12 16 35 6863.1363 1e-05 0.959931088596881 2.63544717051144 0 7.30046292834199
16 16 1 6853.1363 1e-05 0.959931088596881 2.64417381677141 0 1.30899693899575
16 16 2 6853.1363 1e-05 0.959931088596881 2.64417381677141 0 1.43466064513934
16 16 3 6853.1363 1e-05 0.959931088596881 2.64417381677141 0 1.56032435128293
16 16 4 6853.1363 1e-05 0.959931088596881 2.64417381677141 0 1.68598805742652
16 16 5 6853.1363 1e-05 0.959931088596881 2.64417381677141 0 1.81165176357011
16 16 6 6853.1363 1e-05 0.959931088596881 2.64417381677141 0 1.93731546971371
16 16 7 6853.1363 1e-05 0.959931088596881 2.64417381677141 0 2.0629791758573
16 16 8 6853.1363 1e-05 0.959931088596881 2.64417381677141 0 2.18864288200089
16 16 9 6853.1363 1e-05 0.959931088596881 2.64417381677141 0 2.31430658814448
16 16 10 6853.1363 1e-05 0.959931088596881 2.64417381677141 0 2.43997029428807
16 16 11 6853.1363 1e-05 0.959931088596881 2.64417381677141 0 2.56563400043166
16 16 12 6853.1363 1e-05 0.959931088596881 2.64417381677141 0 2.69129770657526
16 16 13 6853.1363 1e-05 0.959931088596881 2.64417381677141 0 2.81696141271885
16 16 14 6853.1363 1e-05 0.959931088596881 2.64417381677141 0 2.94262511886244
16 16 15 6853.1363 1e-05 0.959931088596881 2.64417381677141 0 3.06828882500603
16 16 16 6853.1363 1e-05 0.959931088596881 2.64417381677141 0 3.19395253114962
16 16 17 6853.1363 1e-05 0.959931088596881 2.64417381677141 0 3.31961623729322
16 16 18 6853.1363 1e-05 0.959931088596881 2.64417381677141 0 3.44527994343681
16 16 19 6853.1363 1e-05 0.959931088596881 2.64417381677141 0 3.5709436495804
16 16 20 6853.1363 1e-05 0.959931088596881 2.64417381677141 0 3.69660735572399
16 16 21 6853.1363 1e-05 0.959931088596881 2.64417381677141 0 3.82227106186758
16 16 22 6853.1363 1e-05 0.959931088596881 2.64417381677141 0 3.94793476801117
16 16 23 6853.1363 1e-05 0.959931088596881 2.64417381677141 0 4.07359847415477
16 16 24 6853.1363 1e-05 0.959931088596881 2.64417381677141 0 4.19926218029836
16 16 25 6853.1363 1e-05 0.959931088596881 2.64417381677141 0 4.32492588644195
16 16 26 6853.1363 1e-05 0.959931088596881 2.64417381677141 0 4.45058959258554
16 16 27 6853.1363 1e-05 0.959931088596881 2.64417381677141 0 4.57625329872913
16 16 28 6853.1363 1e-05 0.959931088596881 2.64417381677141 0 4.70191700487272
16 16 29 6853.1363 1e-05 0.959931088596881 2.64417381677141 0 4.82758071101632
16 16 30 6853.1363 1e-05 0.959931088596881 2.64417381677141 0 4.95324441715991
16 16 31 6853.1363 1e-05 0.959931088596881 2.64417381677141 0 5.0789081233035
16 16 32 6853.1363 1e-05 0.959931088596881 2.64417381677141 0 5.20457182944709
16 16 33 6853.1363 1e-05 0.959931088596881 2.64417381677141 0 5.33023553559068
16 16 34 6853.1363 1e-05 0.959931088596881 2.64417381677141 0 5.45589924173427
16 16 35 6853.1363 1e-05 0.959931088596881 2.64417381677141 0 5.58156294787787
16 16 36 6853.1363 1e-05 0.959931088596881 2.64417381677141 0 5.70722665402146
16 16 37 6853.1363 1e-05 0.959931088596881 2.64417381677141 0 5.83289036016505
16 16 38 6853.1363 1e-05 0.959931088596881 2.64417381677141 0 5.95855406630864
16 16 39 6853.1363 1e-05 0.959931088596881 2.64417381677141 0 6.08421777245223
16 16 40 6853.1363 1e-05 0.959931088596881 2.64417381677141 0 6.20988147859583
16 16 41 6853.1363 1e-05 0.959931088596881 2.64417381677141 0 6.33554518473942
16 16 42 6853.1363 1e-05 0.959931088596881 2.64417381677141 0 6.46120889088301
16 16 43 6853.1363 1e-05 0.959931088596881 2.64417381677141 0 6.5868725970266
16 16 44 6853.1363 1e-05 0.959931088596881 2.64417381677141 0 6.71253630317019
16 16 45 6853.1363 1e-05 0.959931088596881 2.64417381677141 0 6.83820000931378
16 16 46 6853.1363 1e-05 0.959931088596881 2.64417381677141 0 6.96386371545738
16 16 47 6853.1363 1e-05 0.959931088596881 2.64417381677141 0 7.08952742160097
16 16 48 6853.1363 1e-05 0.959931088596881 2.64417381677141 0 7.21519112774456
16 16 49 6853.1363 1e-05 0.959931088596881 2.64417381677141 0 7.34085483388815
16 16 50 6853.1363 1e-05 0.959931088596881 2.64417381677141 0 7.46651854003174
19 25 1 7078.1363 1e-05 0.959931088596881 2.69715702620695 0 1.34639685153848
19 25 2 7078.1363 1e-05 0.959931088596881 2.69715702620695 0 1.54274639238784
19 25 3 7078.1363 1e-05 0.959931088596881 2.69715702620695 0 1.73909593323721
19 25 4 7078.1363 1e-05 0.959931088596881 2.69715702620695 0 1.93544547408657
19 25 5 7078.1363 1e-05 0.959931088596881 2.69715702620695 0 2.13179501493593
19 25 6 7078.1363 1e-05 0.959931088596881 2.69715702620695 0 2.32814455578529
19 25 7 7078.1363 1e-05 0.959931088596881 2.69715702620695 0 2.52449409663466
19 25 8 7078.1363 1e-05 0.959931088596881 2.69715702620695 0 2.72084363748402
19 25 9 7078.1363 1e-05 0.959931088596881 2.69715702620695 0 2.91719317833338
19 25 10 7078.1363 1e-05 0.959931088596881 2.69715702620695 0 3.11354271918274
19 25 11 7078.1363 1e-05 0.959931088596881 2.69715702620695 0 3.3098922600321
19 25 12 7078.1363 1e-05 0.959931088596881 2.69715702620695 0 3.50624180088147
19 25 13 7078.1363 1e-05 0.959931088596881 2.69715702620695 0 3.70259134173083
19 25 14 7078.1363 1e-05 0.959931088596881 2.69715702620695 0 3.89894088258019
19 25 15 7078.1363 1e-05 0.959931088596881 2.69715702620695 0 4.09529042342955
19 25 16 7078.1363 1e-05 0.959931088596881 2.69715702620695 0 4.29163996427891
19 25 17 7078.1363 1e-05 0.959931088596881 2.69715702620695 0 4.48798950512828
19 25 18 7078.1363 1e-05 0.959931088596881 2.69715702620695 0 4.68433904597764
19 25 19 7078.1363 1e-05 0.959931088596881 2.69715702620695 0 4.880688586827
19 25 20 7078.1363 1e-05 0.959931088596881 2.69715702620695 0 5.07703812767636
19 25 21 7078.1363 1e-05 0.959931088596881 2.69715702620695 0 5.27338766852572
19 25 22 7078.1363 1e-05 0.959931088596881 2.69715702620695 0 5.46973720937509
19 25 23 7078.1363 1e-05 0.959931088596881 2.69715702620695 0 5.66608675022445
19 25 24 7078.1363 1e-05 0.959931088596881 2.69715702620695 0 5.86243629107381
19 25 25 7078.1363 1e-05 0.959931088596881 2.69715702620695 0 6.05878583192317
19 25 26 7078.1363 1e-05 0.959931088596881 2.69715702620695 0 6.25513537277253
19 25 27 7078.1363 1e-05 0.959931088596881 2.69715702620695 0 6.4514849136219
19 25 28 7078.1363 1e-05 0.959931088596881 2.69715702620695 0 6.64783445447126
19 25 29 7078.1363 1e-05 0.959931088596881 2.69715702620695 0 6.84418399532062
19 25 30 7078.1363 1e-05 0.959931088596881 2.69715702620695 0 7.04053353616998
19 25 31 7078.1363 1e-05 0.959931088596881 2.69715702620695 0 7.23688307701934
19 25 32 7078.1363 1e-05 0.959931088596881 2.69715702620695 0 7.43323261786871
13 14 1 6978.1363 1e-05 0.959931088596881 2.75762021815104 0 1.36135681655558
13 14 2 6978.1363 1e-05 0.959931088596881 2.75762021815104 0 1.5707963267949
13 14 3 6978.1363 1e-05 0.959931088596881 2.75762021815104 0 1.78023583703422
13 14 4 6978.1363 1e-05 0.959931088596881 2.75762021815104 0 1.98967534727354
13 14 5 6978.1363 1e-05 0.959931088596881 2.75762021815104 0 2.19911485751286
13 14 6 6978.1363 1e-05 0.959931088596881 2.75762021815104 0 2.40855436775218
13 14 7 6978.1363 1e-05 0.959931088596881 2.75762021815104 0 2.61799387799149
13 14 8 6978.1363 1e-05 0.959931088596881 2.75762021815104 0 2.82743338823081
13 14 9 6978.1363 1e-05 0.959931088596881 2.75762021815104 0 3.03687289847013
13 14 10 6978.1363 1e-05 0.959931088596881 2.75762021815104 0 3.24631240870945
13 14 11 6978.1363 1e-05 0.959931088596881 2.75762021815104 0 3.45575191894877
13 14 12 6978.1363 1e-05 0.959931088596881 2.75762021815104 0 3.66519142918809
13 14 13 6978.1363 1e-05 0.959931088596881 2.75762021815104 0 3.87463093942741
13 14 14 6978.1363 1e-05 0.959931088596881 2.75762021815104 0 4.08407044966673
13 14 15 6978.1363 1e-05 0.959931088596881 2.75762021815104 0 4.29350995990605
13 14 16 6978.1363 1e-05 0.959931088596881 2.75762021815104 0 4.50294947014537
13 14 17 6978.1363 1e-05 0.959931088596881 2.75762021815104 0 4.71238898038469
13 14 18 6978.1363 1e-05 0.959931088596881 2.75762021815104 0 4.92182849062401
13 14 19 6978.1363 1e-05 0.959931088596881 2.75762021815104 0 5.13126800086333
13 14 20 6978.1363 1e-05 0.959931088596881 2.75762021815104 0 5.34070751110265
13 14 21 6978.1363 1e-05 0.959931088596881 2.75762021815104 0 5.55014702134197
13 14 22 6978.1363 1e-05 0.959931088596881 2.75762021815104 0 5.75958653158129
13 14 23 6978.1363 1e-05 0.959931088596881 2.75762021815104 0 5.96902604182061
13 14 24 6978.1363 1e-05 0.959931088596881 2.75762021815104 0 6.17846555205993
13 14 25 6978.1363 1e-05 0.959931088596881 2.75762021815104 0 6.38790506229925
13 14 26 6978.1363 1e-05 0.959931088596881 2.75762021815104 0 6.59734457253857
13 14 27 6978.1363 1e-05 0.959931088596881 2.75762021815104 0 6.80678408277788
13 14 28 6978.1363 1e-05 0.959931088596881 2.75762021815104 0 7.01622359301721
13 14 29 6978.1363 1e-05 0.959931088596881 2.75762021815104 0 7.22566310325652
13 14 30 6978.1363 1e-05 0.959931088596881 2.75762021815104 0 7.43510261349584
19 26 1 7078.1363 1e-05 0.959931088596881 2.80935676383516 0 1.40249672035259
19 26 2 7078.1363 1e-05 0.959931088596881 2.80935676383516 0 1.59884626120195
19 26 3 7078.1363 1e-05 0.959931088596881 2.80935676383516 0 1.79519580205131
19 26 4 7078.1363 1e-05 0.959931088596881 2.80935676383516 0 1.99154534290067
19 26 5 7078.1363 1e-05 0.959931088596881 2.80935676383516 0 2.18789488375003
19 26 6 7078.1363 1e-05 0.959931088596881 2.80935676383516 0 2.3842444245994
19 26 7 7078.1363 1e-05 0.959931088596881 2.80935676383516 0 2.58059396544876
19 26 8 7078.1363 1e-05 0.959931088596881 2.80935676383516 0 2.77694350629812
19 26 9 7078.1363 1e-05 0.959931088596881 2.80935676383516 0 2.97329304714748
19 26 10 7078.1363 1e-05 0.959931088596881 2.80935676383516 0 3.16964258799684
19 26 11 7078.1363 1e-05 0.959931088596881 2.80935676383516 0 3.36599212884621
19 26 12 7078.1363 1e-05 0.959931088596881 2.80935676383516 0 3.56234166969557
19 26 13 7078.1363 1e-05 0.959931088596881 2.80935676383516 0 3.75869121054493
19 26 14 7078.1363 1e-05 0.959931088596881 2.80935676383516 0 3.95504075139429
19 26 15 7078.1363 1e-05 0.959931088596881 2.80935676383516 0 4.15139029224366
19 26 16 7078.1363 1e-05 0.959931088596881 2.80935676383516 0 4.34773983309302
19 26 17 7078.1363 1e-05 0.959931088596881 2.80935676383516 0 4.54408937394238
19 26 18 7078.1363 1e-05 0.959931088596881 2.80935676383516 0 4.74043891479174
19 26 19 7078.1363 1e-05 0.959931088596881 2.80935676383516 0 4.9367884556411
19 26 20 7078.1363 1e-05 0.959931088596881 2.80935676383516 0 5.13313799649046
19 26 21 7078.1363 1e-05 0.959931088596881 2.80935676383516 0 5.32948753733983
19 26 22 7078.1363 1e-05 0.959931088596881 2.80935676383516 0 5.52583707818919
19 26 23 7078.1363 1e-05 0.959931088596881 2.80935676383516 0 5.72218661903855
19 26 24 7078.1363 1e-05 0.959931088596881 2.80935676383516 0 5.91853615988791
19 26 25 7078.1363 1e-05 0.959931088596881 2.80935676383516 0 6.11488570073728
19 26 26 7078.1363 1e-05 0.959931088596881 2.80935676383516 0 6.31123524158664
19 26 27 7078.1363 1e-05 0.959931088596881 2.80935676383516 0 6.507584782436
19 26 28 7078.1363 1e-05 0.959931088596881 2.80935676383516 0 6.70393432328536
19 26 29 7078.1363 1e-05 0.959931088596881 2.80935676383516 0 6.90028386413472
19 26 30 7078.1363 1e-05 0.959931088596881 2.80935676383516 0 7.09663340498409
19 26 31 7078.1363 1e-05 0.959931088596881 2.80935676383516 0 7.29298294583345
19 26 32 7078.1363 1e-05 0.959931088596881 2.80935676383516 0 7.48933248668281
12 17 1 6863.1363 1e-05 0.959931088596881 2.80998009571087 0 1.27658368145871
12 17 2 6863.1363 1e-05 0.959931088596881 2.80998009571087 0 1.45610326166384
12 17 3 6863.1363 1e-05 0.959931088596881 2.80998009571087 0 1.63562284186897
12 17 4 6863.1363 1e-05 0.959931088596881 2.80998009571087 0 1.8151424220741
12 17 5 6863.1363 1e-05 0.959931088596881 2.80998009571087 0 1.99466200227923
12 17 6 6863.1363 1e-05 0.959931088596881 2.80998009571087 0 2.17418158248436
12 17 7 6863.1363 1e-05 0.959931088596881 2.80998009571087 0 2.3537011626895
12 17 8 6863.1363 1e-05 0.959931088596881 2.80998009571087 0 2.53322074289463
12 17 9 6863.1363 1e-05 0.959931088596881 2.80998009571087 0 2.71274032309976
12 17 10 6863.1363 1e-05 0.959931088596881 2.80998009571087 0 2.89225990330489
12 17 11 6863.1363 1e-05 0.959931088596881 2.80998009571087 0 3.07177948351002
12 17 12 6863.1363 1e-05 0.959931088596881 2.80998009571087 0 3.25129906371515
12 17 13 6863.1363 1e-05 0.959931088596881 2.80998009571087 0 3.43081864392028
12 17 14 6863.1363 1e-05 0.959931088596881 2.80998009571087 0 3.61033822412541
12 17 15 6863.1363 1e-05 0.959931088596881 2.80998009571087 0 3.78985780433054
12 17 16 6863.1363 1e-05 0.959931088596881 2.80998009571087 0 3.96937738453568
12 17 17 6863.1363 1e-05 0.959931088596881 2.80998009571087 0 4.14889696474081
12 17 18 6863.1363 1e-05 0.959931088596881 2.80998009571087 0 4.32841654494594
12 17 19 6863.1363 1e-05 0.959931088596881 2.80998009571087 0 4.50793612515107
12 17 20 6863.1363 1e-05 0.959931088596881 2.80998009571087 0 4.6874557053562
12 17 21 6863.1363 1e-05 0.959931088596881 2.80998009571087 0 4.86697528556133
12 17 22 6863.1363 1e-05 0.959931088596881 2.80998009571087 0 5.04649486576646
12 17 23 6863.1363 1e-05 0.959931088596881 2.80998009571087 0 5.22601444597159
12 17 24 6863.1363 1e-05 0.959931088596881 2.80998009571087 0 5.40553402617672
12 17 25 6863.1363 1e-05 0.959931088596881 2.80998009571087 0 5.58505360638185
12 17 26 6863.1363 1e-05 0.959931088596881 2.80998009571087 0 5.76457318658699
12 17 27 6863.1363 1e-05 0.959931088596881 2.80998009571087 0 5.94409276679212
12 17 28 6863.1363 1e-05 0.959931088596881 2.80998009571087 0 6.12361234699725
12 17 29 6863.1363 1e-05 0.959931088596881 2.80998009571087 0 6.30313192720238
12 17 30 6863.1363 1e-05 0.959931088596881 2.80998009571087 0 6.48265150740751
12 17 31 6863.1363 1e-05 0.959931088596881 2.80998009571087 0 6.66217108761264
12 17 32 6863.1363 1e-05 0.959931088596881 2.80998009571087 0 6.84169066781777
12 17 33 6863.1363 1e-05 0.959931088596881 2.80998009571087 0 7.0212102480229
12 17 34 6863.1363 1e-05 0.959931088596881 2.80998009571087 0 7.20072982822803
12 17 35 6863.1363 1e-05 0.959931088596881 2.80998009571087 0 7.38024940843316
16 17 1 6853.1363 1e-05 0.959931088596881 2.81870674197084 0 1.39626340159546
16 17 2 6853.1363 1e-05 0.959931088596881 2.81870674197084 0 1.52192710773906
16 17 3 6853.1363 1e-05 0.959931088596881 2.81870674197084 0 1.64759081388265
16 17 4 6853.1363 1e-05 0.959931088596881 2.81870674197084 0 1.77325452002624
16 17 5 6853.1363 1e-05 0.959931088596881 2.81870674197084 0 1.89891822616983
16 17 6 6853.1363 1e-05 0.959931088596881 2.81870674197084 0 2.02458193231342
16 17 7 6853.1363 1e-05 0.959931088596881 2.81870674197084 0 2.15024563845701
16 17 8 6853.1363 1e-05 0.959931088596881 2.81870674197084 0 2.27590934460061
16 17 9 6853.1363 1e-05 0.959931088596881 2.81870674197084 0 2.4015730507442
16 17 10 6853.1363 1e-05 0.959931088596881 2.81870674197084 0 2.52723675688779
16 17 11 6853.1363 1e-05 0.959931088596881 2.81870674197084 0 2.65290046303138
16 17 12 6853.1363 1e-05 0.959931088596881 2.81870674197084 0 2.77856416917497
16 17 13 6853.1363 1e-05 0.959931088596881 2.81870674197084 0 2.90422787531856
16 17 14 6853.1363 1e-05 0.959931088596881 2.81870674197084 0 3.02989158146216
16 17 15 6853.1363 1e-05 0.959931088596881 2.81870674197084 0 3.15555528760575
16 17 16 6853.1363 1e-05 0.959931088596881 2.81870674197084 0 3.28121899374934
16 17 17 6853.1363 1e-05 0.959931088596881 2.81870674197084 0 3.40688269989293
16 17 18 6853.1363 1e-05 0.959931088596881 2.81870674197084 0 3.53254640603652
16 17 19 6853.1363 1e-05 0.959931088596881 2.81870674197084 0 3.65821011218011
16 17 20 6853.1363 1e-05 0.959931088596881 2.81870674197084 0 3.78387381832371
16 17 21 6853.1363 1e-05 0.959931088596881 2.81870674197084 0 3.9095375244673
16 17 22 6853.1363 1e-05 0.959931088596881 2.81870674197084 0 4.03520123061089
16 17 23 6853.1363 1e-05 0.959931088596881 2.81870674197084 0 4.16086493675448
16 17 24 6853.1363 1e-05 0.959931088596881 2.81870674197084 0 4.28652864289807
16 17 25 6853.1363 1e-05 0.959931088596881 2.81870674197084 0 4.41219234904167
16 17 26 6853.1363 1e-05 0.959931088596881 2.81870674197084 0 4.53785605518526
16 17 27 6853.1363 1e-05 0.959931088596881 2.81870674197084 0 4.66351976132885
16 17 28 6853.1363 1e-05 0.959931088596881 2.81870674197084 0 4.78918346747244
16 17 29 6853.1363 1e-05 0.959931088596881 2.81870674197084 0 4.91484717361603
16 17 30 6853.1363 1e-05 0.959931088596881 2.81870674197084 0 5.04051087975962
16 17 31 6853.1363 1e-05 0.959931088596881 2.81870674197084 0 5.16617458590322
16 17 32 6853.1363 1e-05 0.959931088596881 2.81870674197084 0 5.29183829204681
16 17 33 6853.1363 1e-05 0.959931088596881 2.81870674197084 0 5.4175019981904
16 17 34 6853.1363 1e-05 0.959931088596881 2.81870674197084 0 5.54316570433399
16 17 35 6853.1363 1e-05 0.959931088596881 2.81870674197084 0 5.66882941047758
16 17 36 6853.1363 1e-05 0.959931088596881 2.81870674197084 0 5.79449311662117
16 17 37 6853.1363 1e-05 0.959931088596881 2.81870674197084 0 5.92015682276477
16 17 38 6853.1363 1e-05 0.959931088596881 2.81870674197084 0 6.04582052890836
16 17 39 6853.1363 1e-05 0.959931088596881 2.81870674197084 0 6.17148423505195
16 17 40 6853.1363 1e-05 0.959931088596881 2.81870674197084 0 6.29714794119554
16 17 41 6853.1363 1e-05 0.959931088596881 2.81870674197084 0 6.42281164733913
16 17 42 6853.1363 1e-05 0.959931088596881 2.81870674197084 0 6.54847535348272
16 17 43 6853.1363 1e-05 0.959931088596881 2.81870674197084 0 6.67413905962632
16 17 44 6853.1363 1e-05 0.959931088596881 2.81870674197084 0 6.79980276576991
16 17 45 6853.1363 1e-05 0.959931088596881 2.81870674197084 0 6.9254664719135
16 17 46 6853.1363 1e-05 0.959931088596881 2.81870674197084 0 7.05113017805709
16 17 47 6853.1363 1e-05 0.959931088596881 2.81870674197084 0 7.17679388420068
16 17 48 6853.1363 1e-05 0.959931088596881 2.81870674197084 0 7.30245759034428
16 17 49 6853.1363 1e-05 0.959931088596881 2.81870674197084 0 7.42812129648787
16 17 50 6853.1363 1e-05 0.959931088596881 2.81870674197084 0 7.55378500263146
19 27 1 7078.1363 1e-05 0.959931088596881 2.92155650146337 0 1.45859658916669
19 27 2 7078.1363 1e-05 0.959931088596881 2.92155650146337 0 1.65494613001605
19 27 3 7078.1363 1e-05 0.959931088596881 2.92155650146337 0 1.85129567086541
19 27 4 7078.1363 1e-05 0.959931088596881 2.92155650146337 0 2.04764521171478
19 27 5 7078.1363 1e-05 0.959931088596881 2.92155650146337 0 2.24399475256414
19 27 6 7078.1363 1e-05 0.959931088596881 2.92155650146337 0 2.4403442934135
19 27 7 7078.1363 1e-05 0.959931088596881 2.92155650146337 0 2.63669383426286
19 27 8 7078.1363 1e-05 0.959931088596881 2.92155650146337 0 2.83304337511222
19 27 9 7078.1363 1e-05 0.959931088596881 2.92155650146337 0 3.02939291596159
19 27 10 7078.1363 1e-05 0.959931088596881 2.92155650146337 0 3.22574245681095
19 27 11 7078.1363 1e-05 0.959931088596881 2.92155650146337 0 3.42209199766031
19 27 12 7078.1363 1e-05 0.959931088596881 2.92155650146337 0 3.61844153850967
19 27 13 7078.1363 1e-05 0.959931088596881 2.92155650146337 0 3.81479107935903
19 27 14 7078.1363 1e-05 0.959931088596881 2.92155650146337 0 4.0111406202084
19 27 15 7078.1363 1e-05 0.959931088596881 2.92155650146337 0 4.20749016105776
19 27 16 7078.1363 1e-05 0.959931088596881 2.92155650146337 0 4.40383970190712
19 27 17 7078.1363 1e-05 0.959931088596881 2.92155650146337 0 4.60018924275648
19 27 18 7078.1363 1e-05 0.959931088596881 2.92155650146337 0 4.79653878360585
19 27 19 7078.1363 1e-05 0.959931088596881 2.92155650146337 0 4.99288832445521
19 27 20 7078.1363 1e-05 0.959931088596881 2.92155650146337 0 5.18923786530457
19 27 21 7078.1363 1e-05 0.959931088596881 2.92155650146337 0 5.38558740615393
19 27 22 7078.1363 1e-05 0.959931088596881 2.92155650146337 0 5.58193694700329
19 27 23 7078.1363 1e-05 0.959931088596881 2.92155650146337 0 5.77828648785265
19 27 24 7078.1363 1e-05 0.959931088596881 2.92155650146337 0 5.97463602870202
19 27 25 7078.1363 1e-05 0.959931088596881 2.92155650146337 0 6.17098556955138
19 27 26 7078.1363 1e-05 0.959931088596881 2.92155650146337 0 6.36733511040074
19 27 27 7078.1363 1e-05 0.959931088596881 2.92155650146337 0 6.5636846512501
19 27 28 7078.1363 1e-05 0.959931088596881 2.92155650146337 0 6.76003419209947
19 27 29 7078.1363 1e-05 0.959931088596881 2.92155650146337 0 6.95638373294883
19 27 30 7078.1363 1e-05 0.959931088596881 2.92155650146337 0 7.15273327379819
19 27 31 7078.1363 1e-05 0.959931088596881 2.92155650146337 0 7.34908281464755
19 27 32 7078.1363 1e-05 0.959931088596881 2.92155650146337 0 7.54543235549691
13 15 1 6978.1363 1e-05 0.959931088596881 2.96705972839036 0 1.46607657167524
13 15 2 6978.1363 1e-05 0.959931088596881 2.96705972839036 0 1.67551608191456
13 15 3 6978.1363 1e-05 0.959931088596881 2.96705972839036 0 1.88495559215388
13 15 4 6978.1363 1e-05 0.959931088596881 2.96705972839036 0 2.0943951023932
13 15 5 6978.1363 1e-05 0.959931088596881 2.96705972839036 0 2.30383461263252
13 15 6 6978.1363 1e-05 0.959931088596881 2.96705972839036 0 2.51327412287183
13 15 7 6978.1363 1e-05 0.959931088596881 2.96705972839036 0 2.72271363311115
13 15 8 6978.1363 1e-05 0.959931088596881 2.96705972839036 0 2.93215314335047
13 15 9 6978.1363 1e-05 0.959931088596881 2.96705972839036 0 3.14159265358979
13 15 10 6978.1363 1e-05 0.959931088596881 2.96705972839036 0 3.35103216382911
13 15 11 6978.1363 1e-05 0.959931088596881 2.96705972839036 0 3.56047167406843
13 15 12 6978.1363 1e-05 0.959931088596881 2.96705972839036 0 3.76991118430775
13 15 13 6978.1363 1e-05 0.959931088596881 2.96705972839036 0 3.97935069454707
13 15 14 6978.1363 1e-05 0.959931088596881 2.96705972839036 0 4.18879020478639
13 15 15 6978.1363 1e-05 0.959931088596881 2.96705972839036 0 4.39822971502571
13 15 16 6978.1363 1e-05 0.959931088596881 2.96705972839036 0 4.60766922526503
13 15 17 6978.1363 1e-05 0.959931088596881 2.96705972839036 0 4.81710873550435
13 15 18 6978.1363 1e-05 0.959931088596881 2.96705972839036 0 5.02654824574367
13 15 19 6978.1363 1e-05 0.959931088596881 2.96705972839036 0 5.23598775598299
13 15 20 6978.1363 1e-05 0.959931088596881 2.96705972839036 0 5.44542726622231
13 15 21 6978.1363 1e-05 0.959931088596881 2.96705972839036 0 5.65486677646163
13 15 22 6978.1363 1e-05 0.959931088596881 2.96705972839036 0 5.86430628670095
13 15 23 6978.1363 1e-05 0.959931088596881 2.96705972839036 0 6.07374579694027
13 15 24 6978.1363 1e-05 0.959931088596881 2.96705972839036 0 6.28318530717959
13 15 25 6978.1363 1e-05 0.959931088596881 2.96705972839036 0 6.49262481741891
13 15 26 6978.1363 1e-05 0.959931088596881 2.96705972839036 0 6.70206432765823
13 15 27 6978.1363 1e-05 0.959931088596881 2.96705972839036 0 6.91150383789754
13 15 28 6978.1363 1e-05 0.959931088596881 2.96705972839036 0 7.12094334813686
13 15 29 6978.1363 1e-05 0.959931088596881 2.96705972839036 0 7.33038285837618
13 15 30 6978.1363 1e-05 0.959931088596881 2.96705972839036 0 7.5398223686155
12 18 1 6863.1363 1e-05 0.959931088596881 2.9845130209103 0 1.35637016154988
12 18 2 6863.1363 1e-05 0.959931088596881 2.9845130209103 0 1.53588974175501
12 18 3 6863.1363 1e-05 0.959931088596881 2.9845130209103 0 1.71540932196014
12 18 4 6863.1363 1e-05 0.959931088596881 2.9845130209103 0 1.89492890216527
12 18 5 6863.1363 1e-05 0.959931088596881 2.9845130209103 0 2.0744484823704
12 18 6 6863.1363 1e-05 0.959931088596881 2.9845130209103 0 2.25396806257553
12 18 7 6863.1363 1e-05 0.959931088596881 2.9845130209103 0 2.43348764278067
12 18 8 6863.1363 1e-05 0.959931088596881 2.9845130209103 0 2.6130072229858
12 18 9 6863.1363 1e-05 0.959931088596881 2.9845130209103 0 2.79252680319093
12 18 10 6863.1363 1e-05 0.959931088596881 2.9845130209103 0 2.97204638339606
12 18 11 6863.1363 1e-05 0.959931088596881 2.9845130209103 0 3.15156596360119
12 18 12 6863.1363 1e-05 0.959931088596881 2.9845130209103 0 3.33108554380632
12 18 13 6863.1363 1e-05 0.959931088596881 2.9845130209103 0 3.51060512401145
12 18 14 6863.1363 1e-05 0.959931088596881 2.9845130209103 0 3.69012470421658
12 18 15 6863.1363 1e-05 0.959931088596881 2.9845130209103 0 3.86964428442171
12 18 16 6863.1363 1e-05 0.959931088596881 2.9845130209103 0 4.04916386462684
12 18 17 6863.1363 1e-05 0.959931088596881 2.9845130209103 0 4.22868344483198
12 18 18 6863.1363 1e-05 0.959931088596881 2.9845130209103 0 4.40820302503711
12 18 19 6863.1363 1e-05 0.959931088596881 2.9845130209103 0 4.58772260524224
12 18 20 6863.1363 1e-05 0.959931088596881 2.9845130209103 0 4.76724218544737
12 18 21 6863.1363 1e-05 0.959931088596881 2.9845130209103 0 4.9467617656525
12 18 22 6863.1363 1e-05 0.959931088596881 2.9845130209103 0 5.12628134585763
12 18 23 6863.1363 1e-05 0.959931088596881 2.9845130209103 0 5.30580092606276
12 18 24 6863.1363 1e-05 0.959931088596881 2.9845130209103 0 5.48532050626789
12 18 25 6863.1363 1e-05 0.959931088596881 2.9845130209103 0 5.66484008647302
12 18 26 6863.1363 1e-05 0.959931088596881 2.9845130209103 0 5.84435966667816
12 18 27 6863.1363 1e-05 0.959931088596881 2.9845130209103 0 6.02387924688329
12 18 28 6863.1363 1e-05 0.959931088596881 2.9845130209103 0 6.20339882708842
12 18 29 6863.1363 1e-05 0.959931088596881 2.9845130209103 0 6.38291840729355
12 18 30 6863.1363 1e-05 0.959931088596881 2.9845130209103 0 6.56243798749868
12 18 31 6863.1363 1e-05 0.959931088596881 2.9845130209103 0 6.74195756770381
12 18 32 6863.1363 1e-05 0.959931088596881 2.9845130209103 0 6.92147714790894
12 18 33 6863.1363 1e-05 0.959931088596881 2.9845130209103 0 7.10099672811407
12 18 34 6863.1363 1e-05 0.959931088596881 2.9845130209103 0 7.2805163083192
12 18 35 6863.1363 1e-05 0.959931088596881 2.9845130209103 0 7.46003588852433
16 18 1 6853.1363 1e-05 0.959931088596881 2.99323966717028 0 1.48352986419518
16 18 2 6853.1363 1e-05 0.959931088596881 2.99323966717028 0 1.60919357033877
16 18 3 6853.1363 1e-05 0.959931088596881 2.99323966717028 0 1.73485727648236
16 18 4 6853.1363 1e-05 0.959931088596881 2.99323966717028 0 1.86052098262596
16 18 5 6853.1363 1e-05 0.959931088596881 2.99323966717028 0 1.98618468876955
16 18 6 6853.1363 1e-05 0.959931088596881 2.99323966717028 0 2.11184839491314
16 18 7 6853.1363 1e-05 0.959931088596881 2.99323966717028 0 2.23751210105673
16 18 8 6853.1363 1e-05 0.959931088596881 2.99323966717028 0 2.36317580720032
16 18 9 6853.1363 1e-05 0.959931088596881 2.99323966717028 0 2.48883951334391
16 18 10 6853.1363 1e-05 0.959931088596881 2.99323966717028 0 2.61450321948751
16 18 11 6853.1363 1e-05 0.959931088596881 2.99323966717028 0 2.7401669256311
16 18 12 6853.1363 1e-05 0.959931088596881 2.99323966717028 0 2.86583063177469
16 18 13 6853.1363 1e-05 0.959931088596881 2.99323966717028 0 2.99149433791828
16 18 14 6853.1363 1e-05 0.959931088596881 2.99323966717028 0 3.11715804406187
16 18 15 6853.1363 1e-05 0.959931088596881 2.99323966717028 0 3.24282175020546
16 18 16 6853.1363 1e-05 0.959931088596881 2.99323966717028 0 3.36848545634906
16 18 17 6853.1363 1e-05 0.959931088596881 2.99323966717028 0 3.49414916249265
16 18 18 6853.1363 1e-05 0.959931088596881 2.99323966717028 0 3.61981286863624
16 18 19 6853.1363 1e-05 0.959931088596881 2.99323966717028 0 3.74547657477983
16 18 20 6853.1363 1e-05 0.959931088596881 2.99323966717028 0 3.87114028092342
16 18 21 6853.1363 1e-05 0.959931088596881 2.99323966717028 0 3.99680398706701
16 18 22 6853.1363 1e-05 0.959931088596881 2.99323966717028 0 4.12246769321061
16 18 23 6853.1363 1e-05 0.959931088596881 2.99323966717028 0 4.2481313993542
16 18 24 6853.1363 1e-05 0.959931088596881 2.99323966717028 0 4.37379510549779
16 18 25 6853.1363 1e-05 0.959931088596881 2.99323966717028 0 4.49945881164138
16 18 26 6853.1363 1e-05 0.959931088596881 2.99323966717028 0 4.62512251778497
16 18 27 6853.1363 1e-05 0.959931088596881 2.99323966717028 0 4.75078622392857
16 18 28 6853.1363 1e-05 0.959931088596881 2.99323966717028 0 4.87644993007216
16 18 29 6853.1363 1e-05 0.959931088596881 2.99323966717028 0 5.00211363621575
16 18 30 6853.1363 1e-05 0.959931088596881 2.99323966717028 0 5.12777734235934
16 18 31 6853.1363 1e-05 0.959931088596881 2.99323966717028 0 5.25344104850293
16 18 32 6853.1363 1e-05 0.959931088596881 2.99323966717028 0 5.37910475464652
16 18 33 6853.1363 1e-05 0.959931088596881 2.99323966717028 0 5.50476846079012
16 18 34 6853.1363 1e-05 0.959931088596881 2.99323966717028 0 5.63043216693371
16 18 35 6853.1363 1e-05 0.959931088596881 2.99323966717028 0 5.7560958730773
16 18 36 6853.1363 1e-05 0.959931088596881 2.99323966717028 0 5.88175957922089
16 18 37 6853.1363 1e-05 0.959931088596881 2.99323966717028 0 6.00742328536448
16 18 38 6853.1363 1e-05 0.959931088596881 2.99323966717028 0 6.13308699150807
16 18 39 6853.1363 1e-05 0.959931088596881 2.99323966717028 0 6.25875069765167
16 18 40 6853.1363 1e-05 0.959931088596881 2.99323966717028 0 6.38441440379526
16 18 41 6853.1363 1e-05 0.959931088596881 2.99323966717028 0 6.51007810993885
16 18 42 6853.1363 1e-05 0.959931088596881 2.99323966717028 0 6.63574181608244
16 18 43 6853.1363 1e-05 0.959931088596881 2.99323966717028 0 6.76140552222603
16 18 44 6853.1363 1e-05 0.959931088596881 2.99323966717028 0 6.88706922836962
16 18 45 6853.1363 1e-05 0.959931088596881 2.99323966717028 0 7.01273293451322
16 18 46 6853.1363 1e-05 0.959931088596881 2.99323966717028 0 7.13839664065681
16 18 47 6853.1363 1e-05 0.959931088596881 2.99323966717028 0 7.2640603468004
16 18 48 6853.1363 1e-05 0.959931088596881 2.99323966717028 0 7.38972405294399
16 18 49 6853.1363 1e-05 0.959931088596881 2.99323966717028 0 7.51538775908758
16 18 50 6853.1363 1e-05 0.959931088596881 2.99323966717028 0 7.64105146523118
19 28 1 7078.1363 1e-05 0.959931088596881 3.03375623909157 0 1.51469645798079
19 28 2 7078.1363 1e-05 0.959931088596881 3.03375623909157 0 1.71104599883016
19 28 3 7078.1363 1e-05 0.959931088596881 3.03375623909157 0 1.90739553967952
19 28 4 7078.1363 1e-05 0.959931088596881 3.03375623909157 0 2.10374508052888
19 28 5 7078.1363 1e-05 0.959931088596881 3.03375623909157 0 2.30009462137824
19 28 6 7078.1363 1e-05 0.959931088596881 3.03375623909157 0 2.4964441622276
19 28 7 7078.1363 1e-05 0.959931088596881 3.03375623909157 0 2.69279370307697
19 28 8 7078.1363 1e-05 0.959931088596881 3.03375623909157 0 2.88914324392633
19 28 9 7078.1363 1e-05 0.959931088596881 3.03375623909157 0 3.08549278477569
19 28 10 7078.1363 1e-05 0.959931088596881 3.03375623909157 0 3.28184232562505
19 28 11 7078.1363 1e-05 0.959931088596881 3.03375623909157 0 3.47819186647441
19 28 12 7078.1363 1e-05 0.959931088596881 3.03375623909157 0 3.67454140732378
19 28 13 7078.1363 1e-05 0.959931088596881 3.03375623909157 0 3.87089094817314
19 28 14 7078.1363 1e-05 0.959931088596881 3.03375623909157 0 4.0672404890225
19 28 15 7078.1363 1e-05 0.959931088596881 3.03375623909157 0 4.26359002987186
19 28 16 7078.1363 1e-05 0.959931088596881 3.03375623909157 0 4.45993957072122
19 28 17 7078.1363 1e-05 0.959931088596881 3.03375623909157 0 4.65628911157059
19 28 18 7078.1363 1e-05 0.959931088596881 3.03375623909157 0 4.85263865241995
19 28 19 7078.1363 1e-05 0.959931088596881 3.03375623909157 0 5.04898819326931
19 28 20 7078.1363 1e-05 0.959931088596881 3.03375623909157 0 5.24533773411867
19 28 21 7078.1363 1e-05 0.959931088596881 3.03375623909157 0 5.44168727496803
19 28 22 7078.1363 1e-05 0.959931088596881 3.03375623909157 0 5.6380368158174
19 28 23 7078.1363 1e-05 0.959931088596881 3.03375623909157 0 5.83438635666676
19 28 24 7078.1363 1e-05 0.959931088596881 3.03375623909157 0 6.03073589751612
19 28 25 7078.1363 1e-05 0.959931088596881 3.03375623909157 0 6.22708543836548
19 28 26 7078.1363 1e-05 0.959931088596881 3.03375623909157 0 6.42343497921484
19 28 27 7078.1363 1e-05 0.959931088596881 3.03375623909157 0 6.61978452006421
19 28 28 7078.1363 1e-05 0.959931088596881 3.03375623909157 0 6.81613406091357
19 28 29 7078.1363 1e-05 0.959931088596881 3.03375623909157 0 7.01248360176293
19 28 30 7078.1363 1e-05 0.959931088596881 3.03375623909157 0 7.20883314261229
19 28 31 7078.1363 1e-05 0.959931088596881 3.03375623909157 0 7.40518268346166
19 28 32 7078.1363 1e-05 0.959931088596881 3.03375623909157 0 7.60153222431102
19 29 1 7078.1363 1e-05 0.959931088596881 3.14595597671978 0 1.5707963267949
19 29 2 7078.1363 1e-05 0.959931088596881 3.14595597671978 0 1.76714586764426
19 29 3 7078.1363 1e-05 0.959931088596881 3.14595597671978 0 1.96349540849362
19 29 4 7078.1363 1e-05 0.959931088596881 3.14595597671978 0 2.15984494934298
19 29 5 7078.1363 1e-05 0.959931088596881 3.14595597671978 0 2.35619449019234
19 29 6 7078.1363 1e-05 0.959931088596881 3.14595597671978 0 2.55254403104171
19 29 7 7078.1363 1e-05 0.959931088596881 3.14595597671978 0 2.74889357189107
19 29 8 7078.1363 1e-05 0.959931088596881 3.14595597671978 0 2.94524311274043
19 29 9 7078.1363 1e-05 0.959931088596881 3.14595597671978 0 3.14159265358979
19 29 10 7078.1363 1e-05 0.959931088596881 3.14595597671978 0 3.33794219443916
19 29 11 7078.1363 1e-05 0.959931088596881 3.14595597671978 0 3.53429173528852
19 29 12 7078.1363 1e-05 0.959931088596881 3.14595597671978 0 3.73064127613788
19 29 13 7078.1363 1e-05 0.959931088596881 3.14595597671978 0 3.92699081698724
19 29 14 7078.1363 1e-05 0.959931088596881 3.14595597671978 0 4.1233403578366
19 29 15 7078.1363 1e-05 0.959931088596881 3.14595597671978 0 4.31968989868597
19 29 16 7078.1363 1e-05 0.959931088596881 3.14595597671978 0 4.51603943953533
19 29 17 7078.1363 1e-05 0.959931088596881 3.14595597671978 0 4.71238898038469
19 29 18 7078.1363 1e-05 0.959931088596881 3.14595597671978 0 4.90873852123405
19 29 19 7078.1363 1e-05 0.959931088596881 3.14595597671978 0 5.10508806208341
19 29 20 7078.1363 1e-05 0.959931088596881 3.14595597671978 0 5.30143760293278
19 29 21 7078.1363 1e-05 0.959931088596881 3.14595597671978 0 5.49778714378214
19 29 22 7078.1363 1e-05 0.959931088596881 3.14595597671978 0 5.6941366846315
19 29 23 7078.1363 1e-05 0.959931088596881 3.14595597671978 0 5.89048622548086
19 29 24 7078.1363 1e-05 0.959931088596881 3.14595597671978 0 6.08683576633022
19 29 25 7078.1363 1e-05 0.959931088596881 3.14595597671978 0 6.28318530717959
19 29 26 7078.1363 1e-05 0.959931088596881 3.14595597671978 0 6.47953484802895
19 29 27 7078.1363 1e-05 0.959931088596881 3.14595597671978 0 6.67588438887831
19 29 28 7078.1363 1e-05 0.959931088596881 3.14595597671978 0 6.87223392972767
19 29 29 7078.1363 1e-05 0.959931088596881 3.14595597671978 0 7.06858347057703
19 29 30 7078.1363 1e-05 0.959931088596881 3.14595597671978 0 7.2649330114264
19 29 31 7078.1363 1e-05 0.959931088596881 3.14595597671978 0 7.46128255227576
19 29 32 7078.1363 1e-05 0.959931088596881 3.14595597671978 0 7.65763209312512
12 19 1 6863.1363 1e-05 0.959931088596881 3.15904594610974 0 1.43615664164105
12 19 2 6863.1363 1e-05 0.959931088596881 3.15904594610974 0 1.61567622184618
12 19 3 6863.1363 1e-05 0.959931088596881 3.15904594610974 0 1.79519580205131
12 19 4 6863.1363 1e-05 0.959931088596881 3.15904594610974 0 1.97471538225644
12 19 5 6863.1363 1e-05 0.959931088596881 3.15904594610974 0 2.15423496246157
12 19 6 6863.1363 1e-05 0.959931088596881 3.15904594610974 0 2.3337545426667
12 19 7 6863.1363 1e-05 0.959931088596881 3.15904594610974 0 2.51327412287183
12 19 8 6863.1363 1e-05 0.959931088596881 3.15904594610974 0 2.69279370307697
12 19 9 6863.1363 1e-05 0.959931088596881 3.15904594610974 0 2.8723132832821
12 19 10 6863.1363 1e-05 0.959931088596881 3.15904594610974 0 3.05183286348723
12 19 11 6863.1363 1e-05 0.959931088596881 3.15904594610974 0 3.23135244369236
12 19 12 6863.1363 1e-05 0.959931088596881 3.15904594610974 0 3.41087202389749
12 19 13 6863.1363 1e-05 0.959931088596881 3.15904594610974 0 3.59039160410262
12 19 14 6863.1363 1e-05 0.959931088596881 3.15904594610974 0 3.76991118430775
12 19 15 6863.1363 1e-05 0.959931088596881 3.15904594610974 0 3.94943076451288
12 19 16 6863.1363 1e-05 0.959931088596881 3.15904594610974 0 4.12895034471801
12 19 17 6863.1363 1e-05 0.959931088596881 3.15904594610974 0 4.30846992492314
12 19 18 6863.1363 1e-05 0.959931088596881 3.15904594610974 0 4.48798950512828
12 19 19 6863.1363 1e-05 0.959931088596881 3.15904594610974 0 4.66750908533341
12 19 20 6863.1363 1e-05 0.959931088596881 3.15904594610974 0 4.84702866553854
12 19 21 6863.1363 1e-05 0.959931088596881 3.15904594610974 0 5.02654824574367
12 19 22 6863.1363 1e-05 0.959931088596881 3.15904594610974 0 5.2060678259488
12 19 23 6863.1363 1e-05 0.959931088596881 3.15904594610974 0 5.38558740615393
12 19 24 6863.1363 1e-05 0.959931088596881 3.15904594610974 0 5.56510698635906
12 19 25 6863.1363 1e-05 0.959931088596881 3.15904594610974 0 5.74462656656419
12 19 26 6863.1363 1e-05 0.959931088596881 3.15904594610974 0 5.92414614676932
12 19 27 6863.1363 1e-05 0.959931088596881 3.15904594610974 0 6.10366572697446
12 19 28 6863.1363 1e-05 0.959931088596881 3.15904594610974 0 6.28318530717959
12 19 29 6863.1363 1e-05 0.959931088596881 3.15904594610974 0 6.46270488738472
12 19 30 6863.1363 1e-05 0.959931088596881 3.15904594610974 0 6.64222446758985
12 19 31 6863.1363 1e-05 0.959931088596881 3.15904594610974 0 6.82174404779498
12 19 32 6863.1363 1e-05 0.959931088596881 3.15904594610974 0 7.00126362800011
12 19 33 6863.1363 1e-05 0.959931088596881 3.15904594610974 0 7.18078320820524
12 19 34 6863.1363 1e-05 0.959931088596881 3.15904594610974 0 7.36030278841037
12 19 35 6863.1363 1e-05 0.959931088596881 3.15904594610974 0 7.5398223686155
16 19 1 6853.1363 1e-05 0.959931088596881 3.16777259236971 0 1.5707963267949
16 19 2 6853.1363 1e-05 0.959931088596881 3.16777259236971 0 1.69646003293849
16 19 3 6853.1363 1e-05 0.959931088596881 3.16777259236971 0 1.82212373908208
16 19 4 6853.1363 1e-05 0.959931088596881 3.16777259236971 0 1.94778744522567
16 19 5 6853.1363 1e-05 0.959931088596881 3.16777259236971 0 2.07345115136926
16 19 6 6853.1363 1e-05 0.959931088596881 3.16777259236971 0 2.19911485751286
16 19 7 6853.1363 1e-05 0.959931088596881 3.16777259236971 0 2.32477856365645
16 19 8 6853.1363 1e-05 0.959931088596881 3.16777259236971 0 2.45044226980004
16 19 9 6853.1363 1e-05 0.959931088596881 3.16777259236971 0 2.57610597594363
16 19 10 6853.1363 1e-05 0.959931088596881 3.16777259236971 0 2.70176968208722
16 19 11 6853.1363 1e-05 0.959931088596881 3.16777259236971 0 2.82743338823081
16 19 12 6853.1363 1e-05 0.959931088596881 3.16777259236971 0 2.95309709437441
16 19 13 6853.1363 1e-05 0.959931088596881 3.16777259236971 0 3.078760800518
16 19 14 6853.1363 1e-05 0.959931088596881 3.16777259236971 0 3.20442450666159
16 19 15 6853.1363 1e-05 0.959931088596881 3.16777259236971 0 3.33008821280518
16 19 16 6853.1363 1e-05 0.959931088596881 3.16777259236971 0 3.45575191894877
16 19 17 6853.1363 1e-05 0.959931088596881 3.16777259236971 0 3.58141562509236
16 19 18 6853.1363 1e-05 0.959931088596881 3.16777259236971 0 3.70707933123596
16 19 19 6853.1363 1e-05 0.959931088596881 3.16777259236971 0 3.83274303737955
16 19 20 6853.1363 1e-05 0.959931088596881 3.16777259236971 0 3.95840674352314
16 19 21 6853.1363 1e-05 0.959931088596881 3.16777259236971 0 4.08407044966673
16 19 22 6853.1363 1e-05 0.959931088596881 3.16777259236971 0 4.20973415581032
16 19 23 6853.1363 1e-05 0.959931088596881 3.16777259236971 0 4.33539786195391
16 19 24 6853.1363 1e-05 0.959931088596881 3.16777259236971 0 4.46106156809751
16 19 25 6853.1363 1e-05 0.959931088596881 3.16777259236971 0 4.5867252742411
16 19 26 6853.1363 1e-05 0.959931088596881 3.16777259236971 0 4.71238898038469
16 19 27 6853.1363 1e-05 0.959931088596881 3.16777259236971 0 4.83805268652828
16 19 28 6853.1363 1e-05 0.959931088596881 3.16777259236971 0 4.96371639267187
16 19 29 6853.1363 1e-05 0.959931088596881 3.16777259236971 0 5.08938009881547
16 19 30 6853.1363 1e-05 0.959931088596881 3.16777259236971 0 5.21504380495906
16 19 31 6853.1363 1e-05 0.959931088596881 3.16777259236971 0 5.34070751110265
16 19 32 6853.1363 1e-05 0.959931088596881 3.16777259236971 0 5.46637121724624
16 19 33 6853.1363 1e-05 0.959931088596881 3.16777259236971 0 5.59203492338983
16 19 34 6853.1363 1e-05 0.959931088596881 3.16777259236971 0 5.71769862953342
16 19 35 6853.1363 1e-05 0.959931088596881 3.16777259236971 0 5.84336233567702
16 19 36 6853.1363 1e-05 0.959931088596881 3.16777259236971 0 5.96902604182061
16 19 37 6853.1363 1e-05 0.959931088596881 3.16777259236971 0 6.0946897479642
16 19 38 6853.1363 1e-05 0.959931088596881 3.16777259236971 0 6.22035345410779
16 19 39 6853.1363 1e-05 0.959931088596881 3.16777259236971 0 6.34601716025138
16 19 40 6853.1363 1e-05 0.959931088596881 3.16777259236971 0 6.47168086639497
16 19 41 6853.1363 1e-05 0.959931088596881 3.16777259236971 0 6.59734457253857
16 19 42 6853.1363 1e-05 0.959931088596881 3.16777259236971 0 6.72300827868216
16 19 43 6853.1363 1e-05 0.959931088596881 3.16777259236971 0 6.84867198482575
16 19 44 6853.1363 1e-05 0.959931088596881 3.16777259236971 0 6.97433569096934
16 19 45 6853.1363 1e-05 0.959931088596881 3.16777259236971 0 7.09999939711293
16 19 46 6853.1363 1e-05 0.959931088596881 3.16777259236971 0 7.22566310325653
16 19 47 6853.1363 1e-05 0.959931088596881 3.16777259236971 0 7.35132680940012
16 19 48 6853.1363 1e-05 0.959931088596881 3.16777259236971 0 7.47699051554371
16 19 49 6853.1363 1e-05 0.959931088596881 3.16777259236971 0 7.6026542216873
16 19 50 6853.1363 1e-05 0.959931088596881 3.16777259236971 0 7.72831792783089
13 16 1 6978.1363 1e-05 0.959931088596881 3.17649923862968 0 1.5707963267949
13 16 2 6978.1363 1e-05 0.959931088596881 3.17649923862968 0 1.78023583703422
13 16 3 6978.1363 1e-05 0.959931088596881 3.17649923862968 0 1.98967534727354
13 16 4 6978.1363 1e-05 0.959931088596881 3.17649923862968 0 2.19911485751286
13 16 5 6978.1363 1e-05 0.959931088596881 3.17649923862968 0 2.40855436775218
13 16 6 6978.1363 1e-05 0.959931088596881 3.17649923862968 0 2.61799387799149
13 16 7 6978.1363 1e-05 0.959931088596881 3.17649923862968 0 2.82743338823081
13 16 8 6978.1363 1e-05 0.959931088596881 3.17649923862968 0 3.03687289847013
13 16 9 6978.1363 1e-05 0.959931088596881 3.17649923862968 0 3.24631240870945
13 16 10 6978.1363 1e-05 0.959931088596881 3.17649923862968 0 3.45575191894877
13 16 11 6978.1363 1e-05 0.959931088596881 3.17649923862968 0 3.66519142918809
13 16 12 6978.1363 1e-05 0.959931088596881 3.17649923862968 0 3.87463093942741
13 16 13 6978.1363 1e-05 0.959931088596881 3.17649923862968 0 4.08407044966673
13 16 14 6978.1363 1e-05 0.959931088596881 3.17649923862968 0 4.29350995990605
13 16 15 6978.1363 1e-05 0.959931088596881 3.17649923862968 0 4.50294947014537
13 16 16 6978.1363 1e-05 0.959931088596881 3.17649923862968 0 4.71238898038469
13 16 17 6978.1363 1e-05 0.959931088596881 3.17649923862968 0 4.92182849062401
13 16 18 6978.1363 1e-05 0.959931088596881 3.17649923862968 0 5.13126800086333
13 16 19 6978.1363 1e-05 0.959931088596881 3.17649923862968 0 5.34070751110265
13 16 20 6978.1363 1e-05 0.959931088596881 3.17649923862968 0 5.55014702134197
13 16 21 6978.1363 1e-05 0.959931088596881 3.17649923862968 0 5.75958653158129
13 16 22 6978.1363 1e-05 0.959931088596881 3.17649923862968 0 5.96902604182061
13 16 23 6978.1363 1e-05 0.959931088596881 3.17649923862968 0 6.17846555205993
13 16 24 6978.1363 1e-05 0.959931088596881 3.17649923862968 0 6.38790506229925
13 16 25 6978.1363 1e-05 0.959931088596881 3.17649923862968 0 6.59734457253857
13 16 26 6978.1363 1e-05 0.959931088596881 3.17649923862968 0 6.80678408277788
13 16 27 6978.1363 1e-05 0.959931088596881 3.17649923862968 0 7.0162235930172
13 16 28 6978.1363 1e-05 0.959931088596881 3.17649923862968 0 7.22566310325652
13 16 29 6978.1363 1e-05 0.959931088596881 3.17649923862968 0 7.43510261349584
13 16 30 6978.1363 1e-05 0.959931088596881 3.17649923862968 0 7.64454212373516
19 30 1 7078.1363 1e-05 0.959931088596881 3.25815571434799 0 1.626896195609
19 30 2 7078.1363 1e-05 0.959931088596881 3.25815571434799 0 1.82324573645836
19 30 3 7078.1363 1e-05 0.959931088596881 3.25815571434799 0 2.01959527730772
19 30 4 7078.1363 1e-05 0.959931088596881 3.25815571434799 0 2.21594481815709
19 30 5 7078.1363 1e-05 0.959931088596881 3.25815571434799 0 2.41229435900645
19 30 6 7078.1363 1e-05 0.959931088596881 3.25815571434799 0 2.60864389985581
19 30 7 7078.1363 1e-05 0.959931088596881 3.25815571434799 0 2.80499344070517
19 30 8 7078.1363 1e-05 0.959931088596881 3.25815571434799 0 3.00134298155453
19 30 9 7078.1363 1e-05 0.959931088596881 3.25815571434799 0 3.1976925224039
19 30 10 7078.1363 1e-05 0.959931088596881 3.25815571434799 0 3.39404206325326
19 30 11 7078.1363 1e-05 0.959931088596881 3.25815571434799 0 3.59039160410262
19 30 12 7078.1363 1e-05 0.959931088596881 3.25815571434799 0 3.78674114495198
19 30 13 7078.1363 1e-05 0.959931088596881 3.25815571434799 0 3.98309068580134
19 30 14 7078.1363 1e-05 0.959931088596881 3.25815571434799 0 4.17944022665071
19 30 15 7078.1363 1e-05 0.959931088596881 3.25815571434799 0 4.37578976750007
19 30 16 7078.1363 1e-05 0.959931088596881 3.25815571434799 0 4.57213930834943
19 30 17 7078.1363 1e-05 0.959931088596881 3.25815571434799 0 4.76848884919879
19 30 18 7078.1363 1e-05 0.959931088596881 3.25815571434799 0 4.96483839004816
19 30 19 7078.1363 1e-05 0.959931088596881 3.25815571434799 0 5.16118793089752
19 30 20 7078.1363 1e-05 0.959931088596881 3.25815571434799 0 5.35753747174688
19 30 21 7078.1363 1e-05 0.959931088596881 3.25815571434799 0 5.55388701259624
19 30 22 7078.1363 1e-05 0.959931088596881 3.25815571434799 0 5.7502365534456
19 30 23 7078.1363 1e-05 0.959931088596881 3.25815571434799 0 5.94658609429496
19 30 24 7078.1363 1e-05 0.959931088596881 3.25815571434799 0 6.14293563514433
19 30 25 7078.1363 1e-05 0.959931088596881 3.25815571434799 0 6.33928517599369
19 30 26 7078.1363 1e-05 0.959931088596881 3.25815571434799 0 6.53563471684305
19 30 27 7078.1363 1e-05 0.959931088596881 3.25815571434799 0 6.73198425769241
19 30 28 7078.1363 1e-05 0.959931088596881 3.25815571434799 0 6.92833379854178
19 30 29 7078.1363 1e-05 0.959931088596881 3.25815571434799 0 7.12468333939114
19 30 30 7078.1363 1e-05 0.959931088596881 3.25815571434799 0 7.3210328802405
19 30 31 7078.1363 1e-05 0.959931088596881 3.25815571434799 0 7.51738242108986
19 30 32 7078.1363 1e-05 0.959931088596881 3.25815571434799 0 7.71373196193922
12 20 1 6863.1363 1e-05 0.959931088596881 3.33357887130917 0 1.51594312173222
12 20 2 6863.1363 1e-05 0.959931088596881 3.33357887130917 0 1.69546270193735
12 20 3 6863.1363 1e-05 0.959931088596881 3.33357887130917 0 1.87498228214248
12 20 4 6863.1363 1e-05 0.959931088596881 3.33357887130917 0 2.05450186234761
12 20 5 6863.1363 1e-05 0.959931088596881 3.33357887130917 0 2.23402144255274
12 20 6 6863.1363 1e-05 0.959931088596881 3.33357887130917 0 2.41354102275787
12 20 7 6863.1363 1e-05 0.959931088596881 3.33357887130917 0 2.593060602963
12 20 8 6863.1363 1e-05 0.959931088596881 3.33357887130917 0 2.77258018316813
12 20 9 6863.1363 1e-05 0.959931088596881 3.33357887130917 0 2.95209976337327
12 20 10 6863.1363 1e-05 0.959931088596881 3.33357887130917 0 3.1316193435784
12 20 11 6863.1363 1e-05 0.959931088596881 3.33357887130917 0 3.31113892378353
12 20 12 6863.1363 1e-05 0.959931088596881 3.33357887130917 0 3.49065850398866
12 20 13 6863.1363 1e-05 0.959931088596881 3.33357887130917 0 3.67017808419379
12 20 14 6863.1363 1e-05 0.959931088596881 3.33357887130917 0 3.84969766439892
12 20 15 6863.1363 1e-05 0.959931088596881 3.33357887130917 0 4.02921724460405
12 20 16 6863.1363 1e-05 0.959931088596881 3.33357887130917 0 4.20873682480918
12 20 17 6863.1363 1e-05 0.959931088596881 3.33357887130917 0 4.38825640501431
12 20 18 6863.1363 1e-05 0.959931088596881 3.33357887130917 0 4.56777598521944
12 20 19 6863.1363 1e-05 0.959931088596881 3.33357887130917 0 4.74729556542458
12 20 20 6863.1363 1e-05 0.959931088596881 3.33357887130917 0 4.92681514562971
12 20 21 6863.1363 1e-05 0.959931088596881 3.33357887130917 0 5.10633472583484
12 20 22 6863.1363 1e-05 0.959931088596881 3.33357887130917 0 5.28585430603997
12 20 23 6863.1363 1e-05 0.959931088596881 3.33357887130917 0 5.4653738862451
12 20 24 6863.1363 1e-05 0.959931088596881 3.33357887130917 0 5.64489346645023
12 20 25 6863.1363 1e-05 0.959931088596881 3.33357887130917 0 5.82441304665536
12 20 26 6863.1363 1e-05 0.959931088596881 3.33357887130917 0 6.00393262686049
12 20 27 6863.1363 1e-05 0.959931088596881 3.33357887130917 0 6.18345220706562
12 20 28 6863.1363 1e-05 0.959931088596881 3.33357887130917 0 6.36297178727076
12 20 29 6863.1363 1e-05 0.959931088596881 3.33357887130917 0 6.54249136747589
12 20 30 6863.1363 1e-05 0.959931088596881 3.33357887130917 0 6.72201094768102
12 20 31 6863.1363 1e-05 0.959931088596881 3.33357887130917 0 6.90153052788615
12 20 32 6863.1363 1e-05 0.959931088596881 3.33357887130917 0 7.08105010809128
12 20 33 6863.1363 1e-05 0.959931088596881 3.33357887130917 0 7.26056968829641
12 20 34 6863.1363 1e-05 0.959931088596881 3.33357887130917 0 7.44008926850154
12 20 35 6863.1363 1e-05 0.959931088596881 3.33357887130917 0 7.61960884870667
16 20 1 6853.1363 1e-05 0.959931088596881 3.34230551756914 0 1.65806278939461
16 20 2 6853.1363 1e-05 0.959931088596881 3.34230551756914 0 1.7837264955382
16 20 3 6853.1363 1e-05 0.959931088596881 3.34230551756914 0 1.9093902016818
16 20 4 6853.1363 1e-05 0.959931088596881 3.34230551756914 0 2.03505390782539
16 20 5 6853.1363 1e-05 0.959931088596881 3.34230551756914 0 2.16071761396898
16 20 6 6853.1363 1e-05 0.959931088596881 3.34230551756914 0 2.28638132011257
16 20 7 6853.1363 1e-05 0.959931088596881 3.34230551756914 0 2.41204502625616
16 20 8 6853.1363 1e-05 0.959931088596881 3.34230551756914 0 2.53770873239976
16 20 9 6853.1363 1e-05 0.959931088596881 3.34230551756914 0 2.66337243854335
16 20 10 6853.1363 1e-05 0.959931088596881 3.34230551756914 0 2.78903614468694
16 20 11 6853.1363 1e-05 0.959931088596881 3.34230551756914 0 2.91469985083053
16 20 12 6853.1363 1e-05 0.959931088596881 3.34230551756914 0 3.04036355697412
16 20 13 6853.1363 1e-05 0.959931088596881 3.34230551756914 0 3.16602726311771
16 20 14 6853.1363 1e-05 0.959931088596881 3.34230551756914 0 3.29169096926131
16 20 15 6853.1363 1e-05 0.959931088596881 3.34230551756914 0 3.4173546754049
16 20 16 6853.1363 1e-05 0.959931088596881 3.34230551756914 0 3.54301838154849
16 20 17 6853.1363 1e-05 0.959931088596881 3.34230551756914 0 3.66868208769208
16 20 18 6853.1363 1e-05 0.959931088596881 3.34230551756914 0 3.79434579383567
16 20 19 6853.1363 1e-05 0.959931088596881 3.34230551756914 0 3.92000949997926
16 20 20 6853.1363 1e-05 0.959931088596881 3.34230551756914 0 4.04567320612286
16 20 21 6853.1363 1e-05 0.959931088596881 3.34230551756914 0 4.17133691226645
16 20 22 6853.1363 1e-05 0.959931088596881 3.34230551756914 0 4.29700061841004
16 20 23 6853.1363 1e-05 0.959931088596881 3.34230551756914 0 4.42266432455363
16 20 24 6853.1363 1e-05 0.959931088596881 3.34230551756914 0 4.54832803069722
16 20 25 6853.1363 1e-05 0.959931088596881 3.34230551756914 0 4.67399173684082
16 20 26 6853.1363 1e-05 0.959931088596881 3.34230551756914 0 4.79965544298441
16 20 27 6853.1363 1e-05 0.959931088596881 3.34230551756914 0 4.925319149128
16 20 28 6853.1363 1e-05 0.959931088596881 3.34230551756914 0 5.05098285527159
16 20 29 6853.1363 1e-05 0.959931088596881 3.34230551756914 0 5.17664656141518
16 20 30 6853.1363 1e-05 0.959931088596881 3.34230551756914 0 5.30231026755877
16 20 31 6853.1363 1e-05 0.959931088596881 3.34230551756914 0 5.42797397370236
16 20 32 6853.1363 1e-05 0.959931088596881 3.34230551756914 0 5.55363767984596
16 20 33 6853.1363 1e-05 0.959931088596881 3.34230551756914 0 5.67930138598955
16 20 34 6853.1363 1e-05 0.959931088596881 3.34230551756914 0 5.80496509213314
16 20 35 6853.1363 1e-05 0.959931088596881 3.34230551756914 0 5.93062879827673
16 20 36 6853.1363 1e-05 0.959931088596881 3.34230551756914 0 6.05629250442032
16 20 37 6853.1363 1e-05 0.959931088596881 3.34230551756914 0 6.18195621056392
16 20 38 6853.1363 1e-05 0.959931088596881 3.34230551756914 0 6.30761991670751
16 20 39 6853.1363 1e-05 0.959931088596881 3.34230551756914 0 6.4332836228511
16 20 40 6853.1363 1e-05 0.959931088596881 3.34230551756914 0 6.55894732899469
16 20 41 6853.1363 1e-05 0.959931088596881 3.34230551756914 0 6.68461103513828
16 20 42 6853.1363 1e-05 0.959931088596881 3.34230551756914 0 6.81027474128187
16 20 43 6853.1363 1e-05 0.959931088596881 3.34230551756914 0 6.93593844742547
16 20 44 6853.1363 1e-05 0.959931088596881 3.34230551756914 0 7.06160215356906
16 20 45 6853.1363 1e-05 0.959931088596881 3.34230551756914 0 7.18726585971265
16 20 46 6853.1363 1e-05 0.959931088596881 3.34230551756914 0 7.31292956585624
16 20 47 6853.1363 1e-05 0.959931088596881 3.34230551756914 0 7.43859327199983
16 20 48 6853.1363 1e-05 0.959931088596881 3.34230551756914 0 7.56425697814342
16 20 49 6853.1363 1e-05 0.959931088596881 3.34230551756914 0 7.68992068428702
16 20 50 6853.1363 1e-05 0.959931088596881 3.34230551756914 0 7.81558439043061
19 31 1 7078.1363 1e-05 0.959931088596881 3.37035545197619 0 1.6829960644231
19 31 2 7078.1363 1e-05 0.959931088596881 3.37035545197619 0 1.87934560527247
19 31 3 7078.1363 1e-05 0.959931088596881 3.37035545197619 0 2.07569514612183
19 31 4 7078.1363 1e-05 0.959931088596881 3.37035545197619 0 2.27204468697119
19 31 5 7078.1363 1e-05 0.959931088596881 3.37035545197619 0 2.46839422782055
19 31 6 7078.1363 1e-05 0.959931088596881 3.37035545197619 0 2.66474376866991
19 31 7 7078.1363 1e-05 0.959931088596881 3.37035545197619 0 2.86109330951928
19 31 8 7078.1363 1e-05 0.959931088596881 3.37035545197619 0 3.05744285036864
19 31 9 7078.1363 1e-05 0.959931088596881 3.37035545197619 0 3.253792391218
19 31 10 7078.1363 1e-05 0.959931088596881 3.37035545197619 0 3.45014193206736
19 31 11 7078.1363 1e-05 0.959931088596881 3.37035545197619 0 3.64649147291672
19 31 12 7078.1363 1e-05 0.959931088596881 3.37035545197619 0 3.84284101376609
19 31 13 7078.1363 1e-05 0.959931088596881 3.37035545197619 0 4.03919055461545
19 31 14 7078.1363 1e-05 0.959931088596881 3.37035545197619 0 4.23554009546481
19 31 15 7078.1363 1e-05 0.959931088596881 3.37035545197619 0 4.43188963631417
19 31 16 7078.1363 1e-05 0.959931088596881 3.37035545197619 0 4.62823917716353
19 31 17 7078.1363 1e-05 0.959931088596881 3.37035545197619 0 4.8245887180129
19 31 18 7078.1363 1e-05 0.959931088596881 3.37035545197619 0 5.02093825886226
19 31 19 7078.1363 1e-05 0.959931088596881 3.37035545197619 0 5.21728779971162
19 31 20 7078.1363 1e-05 0.959931088596881 3.37035545197619 0 5.41363734056098
19 31 21 7078.1363 1e-05 0.959931088596881 3.37035545197619 0 5.60998688141034
19 31 22 7078.1363 1e-05 0.959931088596881 3.37035545197619 0 5.80633642225971
19 31 23 7078.1363 1e-05 0.959931088596881 3.37035545197619 0 6.00268596310907
19 31 24 7078.1363 1e-05 0.959931088596881 3.37035545197619 0 6.19903550395843
19 31 25 7078.1363 1e-05 0.959931088596881 3.37035545197619 0 6.39538504480779
19 31 26 7078.1363 1e-05 0.959931088596881 3.37035545197619 0 6.59173458565716
19 31 27 7078.1363 1e-05 0.959931088596881 3.37035545197619 0 6.78808412650652
19 31 28 7078.1363 1e-05 0.959931088596881 3.37035545197619 0 6.98443366735588
19 31 29 7078.1363 1e-05 0.959931088596881 3.37035545197619 0 7.18078320820524
19 31 30 7078.1363 1e-05 0.959931088596881 3.37035545197619 0 7.3771327490546
19 31 31 7078.1363 1e-05 0.959931088596881 3.37035545197619 0 7.57348228990397
19 31 32 7078.1363 1e-05 0.959931088596881 3.37035545197619 0 7.76983183075333
13 17 1 6978.1363 1e-05 0.959931088596881 3.385938748869 0 1.67551608191456
13 17 2 6978.1363 1e-05 0.959931088596881 3.385938748869 0 1.88495559215388
13 17 3 6978.1363 1e-05 0.959931088596881 3.385938748869 0 2.0943951023932
13 17 4 6978.1363 1e-05 0.959931088596881 3.385938748869 0 2.30383461263252
13 17 5 6978.1363 1e-05 0.959931088596881 3.385938748869 0 2.51327412287183
13 17 6 6978.1363 1e-05 0.959931088596881 3.385938748869 0 2.72271363311115
13 17 7 6978.1363 1e-05 0.959931088596881 3.385938748869 0 2.93215314335047
13 17 8 6978.1363 1e-05 0.959931088596881 3.385938748869 0 3.14159265358979
13 17 9 6978.1363 1e-05 0.959931088596881 3.385938748869 0 3.35103216382911
13 17 10 6978.1363 1e-05 0.959931088596881 3.385938748869 0 3.56047167406843
13 17 11 6978.1363 1e-05 0.959931088596881 3.385938748869 0 3.76991118430775
13 17 12 6978.1363 1e-05 0.959931088596881 3.385938748869 0 3.97935069454707
13 17 13 6978.1363 1e-05 0.959931088596881 3.385938748869 0 4.18879020478639
13 17 14 6978.1363 1e-05 0.959931088596881 3.385938748869 0 4.39822971502571
13 17 15 6978.1363 1e-05 0.959931088596881 3.385938748869 0 4.60766922526503
13 17 16 6978.1363 1e-05 0.959931088596881 3.385938748869 0 4.81710873550435
13 17 17 6978.1363 1e-05 0.959931088596881 3.385938748869 0 5.02654824574367
13 17 18 6978.1363 1e-05 0.959931088596881 3.385938748869 0 5.23598775598299
13 17 19 6978.1363 1e-05 0.959931088596881 3.385938748869 0 5.44542726622231
13 17 20 6978.1363 1e-05 0.959931088596881 3.385938748869 0 5.65486677646163
13 17 21 6978.1363 1e-05 0.959931088596881 3.385938748869 0 5.86430628670095
13 17 22 6978.1363 1e-05 0.959931088596881 3.385938748869 0 6.07374579694027
13 17 23 6978.1363 1e-05 0.959931088596881 3.385938748869 0 6.28318530717959
13 17 24 6978.1363 1e-05 0.959931088596881 3.385938748869 0 6.49262481741891
13 17 25 6978.1363 1e-05 0.959931088596881 3.385938748869 0 6.70206432765823
13 17 26 6978.1363 1e-05 0.959931088596881 3.385938748869 0 6.91150383789754
13 17 27 6978.1363 1e-05 0.959931088596881 3.385938748869 0 7.12094334813686
13 17 28 6978.1363 1e-05 0.959931088596881 3.385938748869 0 7.33038285837618
13 17 29 6978.1363 1e-05 0.959931088596881 3.385938748869 0 7.5398223686155
13 17 30 6978.1363 1e-05 0.959931088596881 3.385938748869 0 7.74926187885482
19 32 1 7078.1363 1e-05 0.959931088596881 3.4825551896044 0 1.73909593323721
19 32 2 7078.1363 1e-05 0.959931088596881 3.4825551896044 0 1.93544547408657
19 32 3 7078.1363 1e-05 0.959931088596881 3.4825551896044 0 2.13179501493593
19 32 4 7078.1363 1e-05 0.959931088596881 3.4825551896044 0 2.32814455578529
19 32 5 7078.1363 1e-05 0.959931088596881 3.4825551896044 0 2.52449409663466
19 32 6 7078.1363 1e-05 0.959931088596881 3.4825551896044 0 2.72084363748402
19 32 7 7078.1363 1e-05 0.959931088596881 3.4825551896044 0 2.91719317833338
19 32 8 7078.1363 1e-05 0.959931088596881 3.4825551896044 0 3.11354271918274
19 32 9 7078.1363 1e-05 0.959931088596881 3.4825551896044 0 3.3098922600321
19 32 10 7078.1363 1e-05 0.959931088596881 3.4825551896044 0 3.50624180088147
19 32 11 7078.1363 1e-05 0.959931088596881 3.4825551896044 0 3.70259134173083
19 32 12 7078.1363 1e-05 0.959931088596881 3.4825551896044 0 3.89894088258019
19 32 13 7078.1363 1e-05 0.959931088596881 3.4825551896044 0 4.09529042342955
19 32 14 7078.1363 1e-05 0.959931088596881 3.4825551896044 0 4.29163996427891
19 32 15 7078.1363 1e-05 0.959931088596881 3.4825551896044 0 4.48798950512828
19 32 16 7078.1363 1e-05 0.959931088596881 3.4825551896044 0 4.68433904597764
19 32 17 7078.1363 1e-05 0.959931088596881 3.4825551896044 0 4.880688586827
19 32 18 7078.1363 1e-05 0.959931088596881 3.4825551896044 0 5.07703812767636
19 32 19 7078.1363 1e-05 0.959931088596881 3.4825551896044 0 5.27338766852572
19 32 20 7078.1363 1e-05 0.959931088596881 3.4825551896044 0 5.46973720937509
19 32 21 7078.1363 1e-05 0.959931088596881 3.4825551896044 0 5.66608675022445
19 32 22 7078.1363 1e-05 0.959931088596881 3.4825551896044 0 5.86243629107381
19 32 23 7078.1363 1e-05 0.959931088596881 3.4825551896044 0 6.05878583192317
19 32 24 7078.1363 1e-05 0.959931088596881 3.4825551896044 0 6.25513537277253
19 32 25 7078.1363 1e-05 0.959931088596881 3.4825551896044 0 6.4514849136219
19 32 26 7078.1363 1e-05 0.959931088596881 3.4825551896044 0 6.64783445447126
19 32 27 7078.1363 1e-05 0.959931088596881 3.4825551896044 0 6.84418399532062
19 32 28 7078.1363 1e-05 0.959931088596881 3.4825551896044 0 7.04053353616998
19 32 29 7078.1363 1e-05 0.959931088596881 3.4825551896044 0 7.23688307701934
19 32 30 7078.1363 1e-05 0.959931088596881 3.4825551896044 0 7.43323261786871
19 32 31 7078.1363 1e-05 0.959931088596881 3.4825551896044 0 7.62958215871807
19 32 32 7078.1363 1e-05 0.959931088596881 3.4825551896044 0 7.82593169956743
12 21 1 6863.1363 1e-05 0.959931088596881 3.5081117965086 0 1.59572960182339
12 21 2 6863.1363 1e-05 0.959931088596881 3.5081117965086 0 1.77524918202852
12 21 3 6863.1363 1e-05 0.959931088596881 3.5081117965086 0 1.95476876223365
12 21 4 6863.1363 1e-05 0.959931088596881 3.5081117965086 0 2.13428834243878
12 21 5 6863.1363 1e-05 0.959931088596881 3.5081117965086 0 2.31380792264391
12 21 6 6863.1363 1e-05 0.959931088596881 3.5081117965086 0 2.49332750284904
12 21 7 6863.1363 1e-05 0.959931088596881 3.5081117965086 0 2.67284708305417
12 21 8 6863.1363 1e-05 0.959931088596881 3.5081117965086 0 2.8523666632593
12 21 9 6863.1363 1e-05 0.959931088596881 3.5081117965086 0 3.03188624346444
12 21 10 6863.1363 1e-05 0.959931088596881 3.5081117965086 0 3.21140582366957
12 21 11 6863.1363 1e-05 0.959931088596881 3.5081117965086 0 3.3909254038747
12 21 12 6863.1363 1e-05 0.959931088596881 3.5081117965086 0 3.57044498407983
12 21 13 6863.1363 1e-05 0.959931088596881 3.5081117965086 0 3.74996456428496
12 21 14 6863.1363 1e-05 0.959931088596881 3.5081117965086 0 3.92948414449009
12 21 15 6863.1363 1e-05 0.959931088596881 3.5081117965086 0 4.10900372469522
12 21 16 6863.1363 1e-05 0.959931088596881 3.5081117965086 0 4.28852330490035
12 21 17 6863.1363 1e-05 0.959931088596881 3.5081117965086 0 4.46804288510548
12 21 18 6863.1363 1e-05 0.959931088596881 3.5081117965086 0 4.64756246531061
12 21 19 6863.1363 1e-05 0.959931088596881 3.5081117965086 0 4.82708204551575
12 21 20 6863.1363 1e-05 0.959931088596881 3.5081117965086 0 5.00660162572088
12 21 21 6863.1363 1e-05 0.959931088596881 3.5081117965086 0 5.18612120592601
12 21 22 6863.1363 1e-05 0.959931088596881 3.5081117965086 0 5.36564078613114
12 21 23 6863.1363 1e-05 0.959931088596881 3.5081117965086 0 5.54516036633627
12 21 24 6863.1363 1e-05 0.959931088596881 3.5081117965086 0 5.7246799465414
12 21 25 6863.1363 1e-05 0.959931088596881 3.5081117965086 0 5.90419952674653
12 21 26 6863.1363 1e-05 0.959931088596881 3.5081117965086 0 6.08371910695166
12 21 27 6863.1363 1e-05 0.959931088596881 3.5081117965086 0 6.26323868715679
12 21 28 6863.1363 1e-05 0.959931088596881 3.5081117965086 0 6.44275826736193
12 21 29 6863.1363 1e-05 0.959931088596881 3.5081117965086 0 6.62227784756706
12 21 30 6863.1363 1e-05 0.959931088596881 3.5081117965086 0 6.80179742777219
12 21 31 6863.1363 1e-05 0.959931088596881 3.5081117965086 0 6.98131700797732
12 21 32 6863.1363 1e-05 0.959931088596881 3.5081117965086 0 7.16083658818245
12 21 33 6863.1363 1e-05 0.959931088596881 3.5081117965086 0 7.34035616838758
12 21 34 6863.1363 1e-05 0.959931088596881 3.5081117965086 0 7.51987574859271
12 21 35 6863.1363 1e-05 0.959931088596881 3.5081117965086 0 7.69939532879784
16 21 1 6853.1363 1e-05 0.959931088596881 3.51683844276857 0 1.74532925199433
16 21 2 6853.1363 1e-05 0.959931088596881 3.51683844276857 0 1.87099295813792
16 21 3 6853.1363 1e-05 0.959931088596881 3.51683844276857 0 1.99665666428151
16 21 4 6853.1363 1e-05 0.959931088596881 3.51683844276857 0 2.1223203704251
16 21 5 6853.1363 1e-05 0.959931088596881 3.51683844276857 0 2.2479840765687
16 21 6 6853.1363 1e-05 0.959931088596881 3.51683844276857 0 2.37364778271229
16 21 7 6853.1363 1e-05 0.959931088596881 3.51683844276857 0 2.49931148885588
16 21 8 6853.1363 1e-05 0.959931088596881 3.51683844276857 0 2.62497519499947
16 21 9 6853.1363 1e-05 0.959931088596881 3.51683844276857 0 2.75063890114306
16 21 10 6853.1363 1e-05 0.959931088596881 3.51683844276857 0 2.87630260728666
16 21 11 6853.1363 1e-05 0.959931088596881 3.51683844276857 0 3.00196631343025
16 21 12 6853.1363 1e-05 0.959931088596881 3.51683844276857 0 3.12763001957384
16 21 13 6853.1363 1e-05 0.959931088596881 3.51683844276857 0 3.25329372571743
16 21 14 6853.1363 1e-05 0.959931088596881 3.51683844276857 0 3.37895743186102
16 21 15 6853.1363 1e-05 0.959931088596881 3.51683844276857 0 3.50462113800461
16 21 16 6853.1363 1e-05 0.959931088596881 3.51683844276857 0 3.63028484414821
16 21 17 6853.1363 1e-05 0.959931088596881 3.51683844276857 0 3.7559485502918
16 21 18 6853.1363 1e-05 0.959931088596881 3.51683844276857 0 3.88161225643539
16 21 19 6853.1363 1e-05 0.959931088596881 3.51683844276857 0 4.00727596257898
16 21 20 6853.1363 1e-05 0.959931088596881 3.51683844276857 0 4.13293966872257
16 21 21 6853.1363 1e-05 0.959931088596881 3.51683844276857 0 4.25860337486616
16 21 22 6853.1363 1e-05 0.959931088596881 3.51683844276857 0 4.38426708100976
16 21 23 6853.1363 1e-05 0.959931088596881 3.51683844276857 0 4.50993078715335
16 21 24 6853.1363 1e-05 0.959931088596881 3.51683844276857 0 4.63559449329694
16 21 25 6853.1363 1e-05 0.959931088596881 3.51683844276857 0 4.76125819944053
16 21 26 6853.1363 1e-05 0.959931088596881 3.51683844276857 0 4.88692190558412
16 21 27 6853.1363 1e-05 0.959931088596881 3.51683844276857 0 5.01258561172771
16 21 28 6853.1363 1e-05 0.959931088596881 3.51683844276857 0 5.13824931787131
16 21 29 6853.1363 1e-05 0.959931088596881 3.51683844276857 0 5.2639130240149
16 21 30 6853.1363 1e-05 0.959931088596881 3.51683844276857 0 5.38957673015849
16 21 31 6853.1363 1e-05 0.959931088596881 3.51683844276857 0 5.51524043630208
16 21 32 6853.1363 1e-05 0.959931088596881 3.51683844276857 0 5.64090414244567
16 21 33 6853.1363 1e-05 0.959931088596881 3.51683844276857 0 5.76656784858926
16 21 34 6853.1363 1e-05 0.959931088596881 3.51683844276857 0 5.89223155473286
16 21 35 6853.1363 1e-05 0.959931088596881 3.51683844276857 0 6.01789526087645
16 21 36 6853.1363 1e-05 0.959931088596881 3.51683844276857 0 6.14355896702004
16 21 37 6853.1363 1e-05 0.959931088596881 3.51683844276857 0 6.26922267316363
16 21 38 6853.1363 1e-05 0.959931088596881 3.51683844276857 0 6.39488637930722
16 21 39 6853.1363 1e-05 0.959931088596881 3.51683844276857 0 6.52055008545082
16 21 40 6853.1363 1e-05 0.959931088596881 3.51683844276857 0 6.64621379159441
16 21 41 6853.1363 1e-05 0.959931088596881 3.51683844276857 0 6.771877497738
16 21 42 6853.1363 1e-05 0.959931088596881 3.51683844276857 0 6.89754120388159
16 21 43 6853.1363 1e-05 0.959931088596881 3.51683844276857 0 7.02320491002518
16 21 44 6853.1363 1e-05 0.959931088596881 3.51683844276857 0 7.14886861616877
16 21 45 6853.1363 1e-05 0.959931088596881 3.51683844276857 0 7.27453232231237
16 21 46 6853.1363 1e-05 0.959931088596881 3.51683844276857 0 7.40019602845596
16 21 47 6853.1363 1e-05 0.959931088596881 3.51683844276857 0 7.52585973459955
16 21 48 6853.1363 1e-05 0.959931088596881 3.51683844276857 0 7.65152344074314
16 21 49 6853.1363 1e-05 0.959931088596881 3.51683844276857 0 7.77718714688673
16 21 50 6853.1363 1e-05 0.959931088596881 3.51683844276857 0 7.90285085303032
19 33 1 7078.1363 1e-05 0.959931088596881 3.59475492723261 0 1.79519580205131
19 33 2 7078.1363 1e-05 0.959931088596881 3.59475492723261 0 1.99154534290067
19 33 3 7078.1363 1e-05 0.959931088596881 3.59475492723261 0 2.18789488375003
19 33 4 7078.1363 1e-05 0.959931088596881 3.59475492723261 0 2.3842444245994
19 33 5 7078.1363 1e-05 0.959931088596881 3.59475492723261 0 2.58059396544876
19 33 6 7078.1363 1e-05 0.959931088596881 3.59475492723261 0 2.77694350629812
19 33 7 7078.1363 1e-05 0.959931088596881 3.59475492723261 0 2.97329304714748
19 33 8 7078.1363 1e-05 0.959931088596881 3.59475492723261 0 3.16964258799684
19 33 9 7078.1363 1e-05 0.959931088596881 3.59475492723261 0 3.36599212884621
19 33 10 7078.1363 1e-05 0.959931088596881 3.59475492723261 0 3.56234166969557
19 33 11 7078.1363 1e-05 0.959931088596881 3.59475492723261 0 3.75869121054493
19 33 12 7078.1363 1e-05 0.959931088596881 3.59475492723261 0 3.95504075139429
19 33 13 7078.1363 1e-05 0.959931088596881 3.59475492723261 0 4.15139029224366
19 33 14 7078.1363 1e-05 0.959931088596881 3.59475492723261 0 4.34773983309302
19 33 15 7078.1363 1e-05 0.959931088596881 3.59475492723261 0 4.54408937394238
19 33 16 7078.1363 1e-05 0.959931088596881 3.59475492723261 0 4.74043891479174
19 33 17 7078.1363 1e-05 0.959931088596881 3.59475492723261 0 4.9367884556411
19 33 18 7078.1363 1e-05 0.959931088596881 3.59475492723261 0 5.13313799649047
19 33 19 7078.1363 1e-05 0.959931088596881 3.59475492723261 0 5.32948753733983
19 33 20 7078.1363 1e-05 0.959931088596881 3.59475492723261 0 5.52583707818919
19 33 21 7078.1363 1e-05 0.959931088596881 3.59475492723261 0 5.72218661903855
19 33 22 7078.1363 1e-05 0.959931088596881 3.59475492723261 0 5.91853615988791
19 33 23 7078.1363 1e-05 0.959931088596881 3.59475492723261 0 6.11488570073728
19 33 24 7078.1363 1e-05 0.959931088596881 3.59475492723261 0 6.31123524158664
19 33 25 7078.1363 1e-05 0.959931088596881 3.59475492723261 0 6.507584782436
19 33 26 7078.1363 1e-05 0.959931088596881 3.59475492723261 0 6.70393432328536
19 33 27 7078.1363 1e-05 0.959931088596881 3.59475492723261 0 6.90028386413472
19 33 28 7078.1363 1e-05 0.959931088596881 3.59475492723261 0 7.09663340498409
19 33 29 7078.1363 1e-05 0.959931088596881 3.59475492723261 0 7.29298294583345
19 33 30 7078.1363 1e-05 0.959931088596881 3.59475492723261 0 7.48933248668281
19 33 31 7078.1363 1e-05 0.959931088596881 3.59475492723261 0 7.68568202753217
19 33 32 7078.1363 1e-05 0.959931088596881 3.59475492723261 0 7.88203156838153
13 18 1 6978.1363 1e-05 0.959931088596881 3.59537825910832 0 1.78023583703422
13 18 2 6978.1363 1e-05 0.959931088596881 3.59537825910832 0 1.98967534727354
13 18 3 6978.1363 1e-05 0.959931088596881 3.59537825910832 0 2.19911485751286
13 18 4 6978.1363 1e-05 0.959931088596881 3.59537825910832 0 2.40855436775218
13 18 5 6978.1363 1e-05 0.959931088596881 3.59537825910832 0 2.61799387799149
13 18 6 6978.1363 1e-05 0.959931088596881 3.59537825910832 0 2.82743338823081
13 18 7 6978.1363 1e-05 0.959931088596881 3.59537825910832 0 3.03687289847013
13 18 8 6978.1363 1e-05 0.959931088596881 3.59537825910832 0 3.24631240870945
13 18 9 6978.1363 1e-05 0.959931088596881 3.59537825910832 0 3.45575191894877
13 18 10 6978.1363 1e-05 0.959931088596881 3.59537825910832 0 3.66519142918809
13 18 11 6978.1363 1e-05 0.959931088596881 3.59537825910832 0 3.87463093942741
13 18 12 6978.1363 1e-05 0.959931088596881 3.59537825910832 0 4.08407044966673
13 18 13 6978.1363 1e-05 0.959931088596881 3.59537825910832 0 4.29350995990605
13 18 14 6978.1363 1e-05 0.959931088596881 3.59537825910832 0 4.50294947014537
13 18 15 6978.1363 1e-05 0.959931088596881 3.59537825910832 0 4.71238898038469
13 18 16 6978.1363 1e-05 0.959931088596881 3.59537825910832 0 4.92182849062401
13 18 17 6978.1363 1e-05 0.959931088596881 3.59537825910832 0 5.13126800086333
13 18 18 6978.1363 1e-05 0.959931088596881 3.59537825910832 0 5.34070751110265
13 18 19 6978.1363 1e-05 0.959931088596881 3.59537825910832 0 5.55014702134197
13 18 20 6978.1363 1e-05 0.959931088596881 3.59537825910832 0 5.75958653158129
13 18 21 6978.1363 1e-05 0.959931088596881 3.59537825910832 0 5.96902604182061
13 18 22 6978.1363 1e-05 0.959931088596881 3.59537825910832 0 6.17846555205993
13 18 23 6978.1363 1e-05 0.959931088596881 3.59537825910832 0 6.38790506229925
13 18 24 6978.1363 1e-05 0.959931088596881 3.59537825910832 0 6.59734457253857
13 18 25 6978.1363 1e-05 0.959931088596881 3.59537825910832 0 6.80678408277789
13 18 26 6978.1363 1e-05 0.959931088596881 3.59537825910832 0 7.0162235930172
13 18 27 6978.1363 1e-05 0.959931088596881 3.59537825910832 0 7.22566310325652
13 18 28 6978.1363 1e-05 0.959931088596881 3.59537825910832 0 7.43510261349584
13 18 29 6978.1363 1e-05 0.959931088596881 3.59537825910832 0 7.64454212373516
13 18 30 6978.1363 1e-05 0.959931088596881 3.59537825910832 0 7.85398163397448
12 22 1 6863.1363 1e-05 0.959931088596881 3.68264472170803 0 1.67551608191456
12 22 2 6863.1363 1e-05 0.959931088596881 3.68264472170803 0 1.85503566211969
12 22 3 6863.1363 1e-05 0.959931088596881 3.68264472170803 0 2.03455524232482
12 22 4 6863.1363 1e-05 0.959931088596881 3.68264472170803 0 2.21407482252995
12 22 5 6863.1363 1e-05 0.959931088596881 3.68264472170803 0 2.39359440273508
12 22 6 6863.1363 1e-05 0.959931088596881 3.68264472170803 0 2.57311398294021
12 22 7 6863.1363 1e-05 0.959931088596881 3.68264472170803 0 2.75263356314534
12 22 8 6863.1363 1e-05 0.959931088596881 3.68264472170803 0 2.93215314335047
12 22 9 6863.1363 1e-05 0.959931088596881 3.68264472170803 0 3.1116727235556
12 22 10 6863.1363 1e-05 0.959931088596881 3.68264472170803 0 3.29119230376074
12 22 11 6863.1363 1e-05 0.959931088596881 3.68264472170803 0 3.47071188396587
12 22 12 6863.1363 1e-05 0.959931088596881 3.68264472170803 0 3.650231464171
12 22 13 6863.1363 1e-05 0.959931088596881 3.68264472170803 0 3.82975104437613
12 22 14 6863.1363 1e-05 0.959931088596881 3.68264472170803 0 4.00927062458126
12 22 15 6863.1363 1e-05 0.959931088596881 3.68264472170803 0 4.18879020478639
12 22 16 6863.1363 1e-05 0.959931088596881 3.68264472170803 0 4.36830978499152
12 22 17 6863.1363 1e-05 0.959931088596881 3.68264472170803 0 4.54782936519665
12 22 18 6863.1363 1e-05 0.959931088596881 3.68264472170803 0 4.72734894540178
12 22 19 6863.1363 1e-05 0.959931088596881 3.68264472170803 0 4.90686852560691
12 22 20 6863.1363 1e-05 0.959931088596881 3.68264472170803 0 5.08638810581205
12 22 21 6863.1363 1e-05 0.959931088596881 3.68264472170803 0 5.26590768601718
12 22 22 6863.1363 1e-05 0.959931088596881 3.68264472170803 0 5.44542726622231
12 22 23 6863.1363 1e-05 0.959931088596881 3.68264472170803 0 5.62494684642744
12 22 24 6863.1363 1e-05 0.959931088596881 3.68264472170803 0 5.80446642663257
12 22 25 6863.1363 1e-05 0.959931088596881 3.68264472170803 0 5.9839860068377
12 22 26 6863.1363 1e-05 0.959931088596881 3.68264472170803 0 6.16350558704283
12 22 27 6863.1363 1e-05 0.959931088596881 3.68264472170803 0 6.34302516724796
12 22 28 6863.1363 1e-05 0.959931088596881 3.68264472170803 0 6.52254474745309
12 22 29 6863.1363 1e-05 0.959931088596881 3.68264472170803 0 6.70206432765823
12 22 30 6863.1363 1e-05 0.959931088596881 3.68264472170803 0 6.88158390786336
12 22 31 6863.1363 1e-05 0.959931088596881 3.68264472170803 0 7.06110348806849
12 22 32 6863.1363 1e-05 0.959931088596881 3.68264472170803 0 7.24062306827362
12 22 33 6863.1363 1e-05 0.959931088596881 3.68264472170803 0 7.42014264847875
12 22 34 6863.1363 1e-05 0.959931088596881 3.68264472170803 0 7.59966222868388
12 22 35 6863.1363 1e-05 0.959931088596881 3.68264472170803 0 7.77918180888901
16 22 1 6853.1363 1e-05 0.959931088596881 3.69137136796801 0 1.83259571459405
16 22 2 6853.1363 1e-05 0.959931088596881 3.69137136796801 0 1.95825942073764
16 22 3 6853.1363 1e-05 0.959931088596881 3.69137136796801 0 2.08392312688123
16 22 4 6853.1363 1e-05 0.959931088596881 3.69137136796801 0 2.20958683302482
16 22 5 6853.1363 1e-05 0.959931088596881 3.69137136796801 0 2.33525053916841
16 22 6 6853.1363 1e-05 0.959931088596881 3.69137136796801 0 2.460914245312
16 22 7 6853.1363 1e-05 0.959931088596881 3.69137136796801 0 2.5865779514556
16 22 8 6853.1363 1e-05 0.959931088596881 3.69137136796801 0 2.71224165759919
16 22 9 6853.1363 1e-05 0.959931088596881 3.69137136796801 0 2.83790536374278
16 22 10 6853.1363 1e-05 0.959931088596881 3.69137136796801 0 2.96356906988637
16 22 11 6853.1363 1e-05 0.959931088596881 3.69137136796801 0 3.08923277602996
16 22 12 6853.1363 1e-05 0.959931088596881 3.69137136796801 0 3.21489648217356
16 22 13 6853.1363 1e-05 0.959931088596881 3.69137136796801 0 3.34056018831715
16 22 14 6853.1363 1e-05 0.959931088596881 3.69137136796801 0 3.46622389446074
16 22 15 6853.1363 1e-05 0.959931088596881 3.69137136796801 0 3.59188760060433
16 22 16 6853.1363 1e-05 0.959931088596881 3.69137136796801 0 3.71755130674792
16 22 17 6853.1363 1e-05 0.959931088596881 3.69137136796801 0 3.84321501289151
16 22 18 6853.1363 1e-05 0.959931088596881 3.69137136796801 0 3.96887871903511
16 22 19 6853.1363 1e-05 0.959931088596881 3.69137136796801 0 4.0945424251787
16 22 20 6853.1363 1e-05 0.959931088596881 3.69137136796801 0 4.22020613132229
16 22 21 6853.1363 1e-05 0.959931088596881 3.69137136796801 0 4.34586983746588
16 22 22 6853.1363 1e-05 0.959931088596881 3.69137136796801 0 4.47153354360947
16 22 23 6853.1363 1e-05 0.959931088596881 3.69137136796801 0 4.59719724975306
16 22 24 6853.1363 1e-05 0.959931088596881 3.69137136796801 0 4.72286095589666
16 22 25 6853.1363 1e-05 0.959931088596881 3.69137136796801 0 4.84852466204025
16 22 26 6853.1363 1e-05 0.959931088596881 3.69137136796801 0 4.97418836818384
16 22 27 6853.1363 1e-05 0.959931088596881 3.69137136796801 0 5.09985207432743
16 22 28 6853.1363 1e-05 0.959931088596881 3.69137136796801 0 5.22551578047102
16 22 29 6853.1363 1e-05 0.959931088596881 3.69137136796801 0 5.35117948661462
16 22 30 6853.1363 1e-05 0.959931088596881 3.69137136796801 0 5.47684319275821
16 22 31 6853.1363 1e-05 0.959931088596881 3.69137136796801 0 5.6025068989018
16 22 32 6853.1363 1e-05 0.959931088596881 3.69137136796801 0 5.72817060504539
16 22 33 6853.1363 1e-05 0.959931088596881 3.69137136796801 0 5.85383431118898
16 22 34 6853.1363 1e-05 0.959931088596881 3.69137136796801 0 5.97949801733257
16 22 35 6853.1363 1e-05 0.959931088596881 3.69137136796801 0 6.10516172347617
16 22 36 6853.1363 1e-05 0.959931088596881 3.69137136796801 0 6.23082542961976
16 22 37 6853.1363 1e-05 0.959931088596881 3.69137136796801 0 6.35648913576335
16 22 38 6853.1363 1e-05 0.959931088596881 3.69137136796801 0 6.48215284190694
16 22 39 6853.1363 1e-05 0.959931088596881 3.69137136796801 0 6.60781654805053
16 22 40 6853.1363 1e-05 0.959931088596881 3.69137136796801 0 6.73348025419412
16 22 41 6853.1363 1e-05 0.959931088596881 3.69137136796801 0 6.85914396033771
16 22 42 6853.1363 1e-05 0.959931088596881 3.69137136796801 0 6.98480766648131
16 22 43 6853.1363 1e-05 0.959931088596881 3.69137136796801 0 7.1104713726249
16 22 44 6853.1363 1e-05 0.959931088596881 3.69137136796801 0 7.23613507876849
16 22 45 6853.1363 1e-05 0.959931088596881 3.69137136796801 0 7.36179878491208
16 22 46 6853.1363 1e-05 0.959931088596881 3.69137136796801 0 7.48746249105568
16 22 47 6853.1363 1e-05 0.959931088596881 3.69137136796801 0 7.61312619719927
16 22 48 6853.1363 1e-05 0.959931088596881 3.69137136796801 0 7.73878990334286
16 22 49 6853.1363 1e-05 0.959931088596881 3.69137136796801 0 7.86445360948645
16 22 50 6853.1363 1e-05 0.959931088596881 3.69137136796801 0 7.99011731563004
19 34 1 7078.1363 1e-05 0.959931088596881 3.70695466486081 0 1.85129567086541
19 34 2 7078.1363 1e-05 0.959931088596881 3.70695466486081 0 2.04764521171478
19 34 3 7078.1363 1e-05 0.959931088596881 3.70695466486081 0 2.24399475256414
19 34 4 7078.1363 1e-05 0.959931088596881 3.70695466486081 0 2.4403442934135
19 34 5 7078.1363 1e-05 0.959931088596881 3.70695466486081 0 2.63669383426286
19 34 6 7078.1363 1e-05 0.959931088596881 3.70695466486081 0 2.83304337511222
19 34 7 7078.1363 1e-05 0.959931088596881 3.70695466486081 0 3.02939291596159
19 34 8 7078.1363 1e-05 0.959931088596881 3.70695466486081 0 3.22574245681095
19 34 9 7078.1363 1e-05 0.959931088596881 3.70695466486081 0 3.42209199766031
19 34 10 7078.1363 1e-05 0.959931088596881 3.70695466486081 0 3.61844153850967
19 34 11 7078.1363 1e-05 0.959931088596881 3.70695466486081 0 3.81479107935903
19 34 12 7078.1363 1e-05 0.959931088596881 3.70695466486081 0 4.0111406202084
19 34 13 7078.1363 1e-05 0.959931088596881 3.70695466486081 0 4.20749016105776
19 34 14 7078.1363 1e-05 0.959931088596881 3.70695466486081 0 4.40383970190712
19 34 15 7078.1363 1e-05 0.959931088596881 3.70695466486081 0 4.60018924275648
19 34 16 7078.1363 1e-05 0.959931088596881 3.70695466486081 0 4.79653878360585
19 34 17 7078.1363 1e-05 0.959931088596881 3.70695466486081 0 4.99288832445521
19 34 18 7078.1363 1e-05 0.959931088596881 3.70695466486081 0 5.18923786530457
19 34 19 7078.1363 1e-05 0.959931088596881 3.70695466486081 0 5.38558740615393
19 34 20 7078.1363 1e-05 0.959931088596881 3.70695466486081 0 5.58193694700329
19 34 21 7078.1363 1e-05 0.959931088596881 3.70695466486081 0 5.77828648785266
19 34 22 7078.1363 1e-05 0.959931088596881 3.70695466486081 0 5.97463602870202
19 34 23 7078.1363 1e-05 0.959931088596881 3.70695466486081 0 6.17098556955138
19 34 24 7078.1363 1e-05 0.959931088596881 3.70695466486081 0 6.36733511040074
19 34 25 7078.1363 1e-05 0.959931088596881 3.70695466486081 0 6.5636846512501
19 34 26 7078.1363 1e-05 0.959931088596881 3.70695466486081 0 6.76003419209947
19 34 27 7078.1363 1e-05 0.959931088596881 3.70695466486081 0 6.95638373294883
19 34 28 7078.1363 1e-05 0.959931088596881 3.70695466486081 0 7.15273327379819
19 34 29 7078.1363 1e-05 0.959931088596881 3.70695466486081 0 7.34908281464755
19 34 30 7078.1363 1e-05 0.959931088596881 3.70695466486081 0 7.54543235549691
19 34 31 7078.1363 1e-05 0.959931088596881 3.70695466486081 0 7.74178189634628
19 34 32 7078.1363 1e-05 0.959931088596881 3.70695466486081 0 7.93813143719564
13 19 1 6978.1363 1e-05 0.959931088596881 3.80481776934764 0 1.88495559215388
13 19 2 6978.1363 1e-05 0.959931088596881 3.80481776934764 0 2.0943951023932
13 19 3 6978.1363 1e-05 0.959931088596881 3.80481776934764 0 2.30383461263252
13 19 4 6978.1363 1e-05 0.959931088596881 3.80481776934764 0 2.51327412287183
13 19 5 6978.1363 1e-05 0.959931088596881 3.80481776934764 0 2.72271363311115
13 19 6 6978.1363 1e-05 0.959931088596881 3.80481776934764 0 2.93215314335047
13 19 7 6978.1363 1e-05 0.959931088596881 3.80481776934764 0 3.14159265358979
13 19 8 6978.1363 1e-05 0.959931088596881 3.80481776934764 0 3.35103216382911
13 19 9 6978.1363 1e-05 0.959931088596881 3.80481776934764 0 3.56047167406843
13 19 10 6978.1363 1e-05 0.959931088596881 3.80481776934764 0 3.76991118430775
13 19 11 6978.1363 1e-05 0.959931088596881 3.80481776934764 0 3.97935069454707
13 19 12 6978.1363 1e-05 0.959931088596881 3.80481776934764 0 4.18879020478639
13 19 13 6978.1363 1e-05 0.959931088596881 3.80481776934764 0 4.39822971502571
13 19 14 6978.1363 1e-05 0.959931088596881 3.80481776934764 0 4.60766922526503
13 19 15 6978.1363 1e-05 0.959931088596881 3.80481776934764 0 4.81710873550435
13 19 16 6978.1363 1e-05 0.959931088596881 3.80481776934764 0 5.02654824574367
13 19 17 6978.1363 1e-05 0.959931088596881 3.80481776934764 0 5.23598775598299
13 19 18 6978.1363 1e-05 0.959931088596881 3.80481776934764 0 5.44542726622231
13 19 19 6978.1363 1e-05 0.959931088596881 3.80481776934764 0 5.65486677646163
13 19 20 6978.1363 1e-05 0.959931088596881 3.80481776934764 0 5.86430628670095
13 19 21 6978.1363 1e-05 0.959931088596881 3.80481776934764 0 6.07374579694027
13 19 22 6978.1363 1e-05 0.959931088596881 3.80481776934764 0 6.28318530717959
13 19 23 6978.1363 1e-05 0.959931088596881 3.80481776934764 0 6.49262481741891
13 19 24 6978.1363 1e-05 0.959931088596881 3.80481776934764 0 6.70206432765823
13 19 25 6978.1363 1e-05 0.959931088596881 3.80481776934764 0 6.91150383789754
13 19 26 6978.1363 1e-05 0.959931088596881 3.80481776934764 0 7.12094334813686
13 19 27 6978.1363 1e-05 0.959931088596881 3.80481776934764 0 7.33038285837618
13 19 28 6978.1363 1e-05 0.959931088596881 3.80481776934764 0 7.5398223686155
13 19 29 6978.1363 1e-05 0.959931088596881 3.80481776934764 0 7.74926187885482
13 19 30 6978.1363 1e-05 0.959931088596881 3.80481776934764 0 7.95870138909414
19 35 1 7078.1363 1e-05 0.959931088596881 3.81915440248902 0 1.90739553967952
19 35 2 7078.1363 1e-05 0.959931088596881 3.81915440248902 0 2.10374508052888
19 35 3 7078.1363 1e-05 0.959931088596881 3.81915440248902 0 2.30009462137824
19 35 4 7078.1363 1e-05 0.959931088596881 3.81915440248902 0 2.4964441622276
19 35 5 7078.1363 1e-05 0.959931088596881 3.81915440248902 0 2.69279370307697
19 35 6 7078.1363 1e-05 0.959931088596881 3.81915440248902 0 2.88914324392633
19 35 7 7078.1363 1e-05 0.959931088596881 3.81915440248902 0 3.08549278477569
19 35 8 7078.1363 1e-05 0.959931088596881 3.81915440248902 0 3.28184232562505
19 35 9 7078.1363 1e-05 0.959931088596881 3.81915440248902 0 3.47819186647441
19 35 10 7078.1363 1e-05 0.959931088596881 3.81915440248902 0 3.67454140732378
19 35 11 7078.1363 1e-05 0.959931088596881 3.81915440248902 0 3.87089094817314
19 35 12 7078.1363 1e-05 0.959931088596881 3.81915440248902 0 4.0672404890225
19 35 13 7078.1363 1e-05 0.959931088596881 3.81915440248902 0 4.26359002987186
19 35 14 7078.1363 1e-05 0.959931088596881 3.81915440248902 0 4.45993957072122
19 35 15 7078.1363 1e-05 0.959931088596881 3.81915440248902 0 4.65628911157059
19 35 16 7078.1363 1e-05 0.959931088596881 3.81915440248902 0 4.85263865241995
19 35 17 7078.1363 1e-05 0.959931088596881 3.81915440248902 0 5.04898819326931
19 35 18 7078.1363 1e-05 0.959931088596881 3.81915440248902 0 5.24533773411867
19 35 19 7078.1363 1e-05 0.959931088596881 3.81915440248902 0 5.44168727496803
19 35 20 7078.1363 1e-05 0.959931088596881 3.81915440248902 0 5.6380368158174
19 35 21 7078.1363 1e-05 0.959931088596881 3.81915440248902 0 5.83438635666676
19 35 22 7078.1363 1e-05 0.959931088596881 3.81915440248902 0 6.03073589751612
19 35 23 7078.1363 1e-05 0.959931088596881 3.81915440248902 0 6.22708543836548
19 35 24 7078.1363 1e-05 0.959931088596881 3.81915440248902 0 6.42343497921484
19 35 25 7078.1363 1e-05 0.959931088596881 3.81915440248902 0 6.61978452006421
19 35 26 7078.1363 1e-05 0.959931088596881 3.81915440248902 0 6.81613406091357
19 35 27 7078.1363 1e-05 0.959931088596881 3.81915440248902 0 7.01248360176293
19 35 28 7078.1363 1e-05 0.959931088596881 3.81915440248902 0 7.20883314261229
19 35 29 7078.1363 1e-05 0.959931088596881 3.81915440248902 0 7.40518268346166
19 35 30 7078.1363 1e-05 0.959931088596881 3.81915440248902 0 7.60153222431102
19 35 31 7078.1363 1e-05 0.959931088596881 3.81915440248902 0 7.79788176516038
19 35 32 7078.1363 1e-05 0.959931088596881 3.81915440248902 0 7.99423130600974
12 23 1 6863.1363 1e-05 0.959931088596881 3.85717764690747 0 1.75530256200573
12 23 2 6863.1363 1e-05 0.959931088596881 3.85717764690747 0 1.93482214221086
12 23 3 6863.1363 1e-05 0.959931088596881 3.85717764690747 0 2.11434172241599
12 23 4 6863.1363 1e-05 0.959931088596881 3.85717764690747 0 2.29386130262112
12 23 5 6863.1363 1e-05 0.959931088596881 3.85717764690747 0 2.47338088282625
12 23 6 6863.1363 1e-05 0.959931088596881 3.85717764690747 0 2.65290046303138
12 23 7 6863.1363 1e-05 0.959931088596881 3.85717764690747 0 2.83242004323651
12 23 8 6863.1363 1e-05 0.959931088596881 3.85717764690747 0 3.01193962344164
12 23 9 6863.1363 1e-05 0.959931088596881 3.85717764690747 0 3.19145920364677
12 23 10 6863.1363 1e-05 0.959931088596881 3.85717764690747 0 3.3709787838519
12 23 11 6863.1363 1e-05 0.959931088596881 3.85717764690747 0 3.55049836405704
12 23 12 6863.1363 1e-05 0.959931088596881 3.85717764690747 0 3.73001794426217
12 23 13 6863.1363 1e-05 0.959931088596881 3.85717764690747 0 3.9095375244673
12 23 14 6863.1363 1e-05 0.959931088596881 3.85717764690747 0 4.08905710467243
12 23 15 6863.1363 1e-05 0.959931088596881 3.85717764690747 0 4.26857668487756
12 23 16 6863.1363 1e-05 0.959931088596881 3.85717764690747 0 4.44809626508269
12 23 17 6863.1363 1e-05 0.959931088596881 3.85717764690747 0 4.62761584528782
12 23 18 6863.1363 1e-05 0.959931088596881 3.85717764690747 0 4.80713542549295
12 23 19 6863.1363 1e-05 0.959931088596881 3.85717764690747 0 4.98665500569808
12 23 20 6863.1363 1e-05 0.959931088596881 3.85717764690747 0 5.16617458590322
12 23 21 6863.1363 1e-05 0.959931088596881 3.85717764690747 0 5.34569416610835
12 23 22 6863.1363 1e-05 0.959931088596881 3.85717764690747 0 5.52521374631348
12 23 23 6863.1363 1e-05 0.959931088596881 3.85717764690747 0 5.70473332651861
12 23 24 6863.1363 1e-05 0.959931088596881 3.85717764690747 0 5.88425290672374
12 23 25 6863.1363 1e-05 0.959931088596881 3.85717764690747 0 6.06377248692887
12 23 26 6863.1363 1e-05 0.959931088596881 3.85717764690747 0 6.243292067134
12 23 27 6863.1363 1e-05 0.959931088596881 3.85717764690747 0 6.42281164733913
12 23 28 6863.1363 1e-05 0.959931088596881 3.85717764690747 0 6.60233122754426
12 23 29 6863.1363 1e-05 0.959931088596881 3.85717764690747 0 6.78185080774939
12 23 30 6863.1363 1e-05 0.959931088596881 3.85717764690747 0 6.96137038795453
12 23 31 6863.1363 1e-05 0.959931088596881 3.85717764690747 0 7.14088996815966
12 23 32 6863.1363 1e-05 0.959931088596881 3.85717764690747 0 7.32040954836479
12 23 33 6863.1363 1e-05 0.959931088596881 3.85717764690747 0 7.49992912856992
12 23 34 6863.1363 1e-05 0.959931088596881 3.85717764690747 0 7.67944870877505
12 23 35 6863.1363 1e-05 0.959931088596881 3.85717764690747 0 7.85896828898018
16 23 1 6853.1363 1e-05 0.959931088596881 3.86590429316744 0 1.91986217719376
16 23 2 6853.1363 1e-05 0.959931088596881 3.86590429316744 0 2.04552588333735
16 23 3 6853.1363 1e-05 0.959931088596881 3.86590429316744 0 2.17118958948095
16 23 4 6853.1363 1e-05 0.959931088596881 3.86590429316744 0 2.29685329562454
16 23 5 6853.1363 1e-05 0.959931088596881 3.86590429316744 0 2.42251700176813
16 23 6 6853.1363 1e-05 0.959931088596881 3.86590429316744 0 2.54818070791172
16 23 7 6853.1363 1e-05 0.959931088596881 3.86590429316744 0 2.67384441405531
16 23 8 6853.1363 1e-05 0.959931088596881 3.86590429316744 0 2.7995081201989
16 23 9 6853.1363 1e-05 0.959931088596881 3.86590429316744 0 2.9251718263425
16 23 10 6853.1363 1e-05 0.959931088596881 3.86590429316744 0 3.05083553248609
16 23 11 6853.1363 1e-05 0.959931088596881 3.86590429316744 0 3.17649923862968
16 23 12 6853.1363 1e-05 0.959931088596881 3.86590429316744 0 3.30216294477327
16 23 13 6853.1363 1e-05 0.959931088596881 3.86590429316744 0 3.42782665091686
16 23 14 6853.1363 1e-05 0.959931088596881 3.86590429316744 0 3.55349035706046
16 23 15 6853.1363 1e-05 0.959931088596881 3.86590429316744 0 3.67915406320405
16 23 16 6853.1363 1e-05 0.959931088596881 3.86590429316744 0 3.80481776934764
16 23 17 6853.1363 1e-05 0.959931088596881 3.86590429316744 0 3.93048147549123
16 23 18 6853.1363 1e-05 0.959931088596881 3.86590429316744 0 4.05614518163482
16 23 19 6853.1363 1e-05 0.959931088596881 3.86590429316744 0 4.18180888777841
16 23 20 6853.1363 1e-05 0.959931088596881 3.86590429316744 0 4.30747259392201
16 23 21 6853.1363 1e-05 0.959931088596881 3.86590429316744 0 4.4331363000656
16 23 22 6853.1363 1e-05 0.959931088596881 3.86590429316744 0 4.55880000620919
16 23 23 6853.1363 1e-05 0.959931088596881 3.86590429316744 0 4.68446371235278
16 23 24 6853.1363 1e-05 0.959931088596881 3.86590429316744 0 4.81012741849637
16 23 25 6853.1363 1e-05 0.959931088596881 3.86590429316744 0 4.93579112463996
16 23 26 6853.1363 1e-05 0.959931088596881 3.86590429316744 0 5.06145483078356
16 23 27 6853.1363 1e-05 0.959931088596881 3.86590429316744 0 5.18711853692715
16 23 28 6853.1363 1e-05 0.959931088596881 3.86590429316744 0 5.31278224307074
16 23 29 6853.1363 1e-05 0.959931088596881 3.86590429316744 0 5.43844594921433
16 23 30 6853.1363 1e-05 0.959931088596881 3.86590429316744 0 5.56410965535792
16 23 31 6853.1363 1e-05 0.959931088596881 3.86590429316744 0 5.68977336150151
16 23 32 6853.1363 1e-05 0.959931088596881 3.86590429316744 0 5.81543706764511
16 23 33 6853.1363 1e-05 0.959931088596881 3.86590429316744 0 5.9411007737887
16 23 34 6853.1363 1e-05 0.959931088596881 3.86590429316744 0 6.06676447993229
16 23 35 6853.1363 1e-05 0.959931088596881 3.86590429316744 0 6.19242818607588
16 23 36 6853.1363 1e-05 0.959931088596881 3.86590429316744 0 6.31809189221947
16 23 37 6853.1363 1e-05 0.959931088596881 3.86590429316744 0 6.44375559836307
16 23 38 6853.1363 1e-05 0.959931088596881 3.86590429316744 0 6.56941930450666
16 23 39 6853.1363 1e-05 0.959931088596881 3.86590429316744 0 6.69508301065025
16 23 40 6853.1363 1e-05 0.959931088596881 3.86590429316744 0 6.82074671679384
16 23 41 6853.1363 1e-05 0.959931088596881 3.86590429316744 0 6.94641042293743
16 23 42 6853.1363 1e-05 0.959931088596881 3.86590429316744 0 7.07207412908102
16 23 43 6853.1363 1e-05 0.959931088596881 3.86590429316744 0 7.19773783522461
16 23 44 6853.1363 1e-05 0.959931088596881 3.86590429316744 0 7.32340154136821
16 23 45 6853.1363 1e-05 0.959931088596881 3.86590429316744 0 7.4490652475118
16 23 46 6853.1363 1e-05 0.959931088596881 3.86590429316744 0 7.57472895365539
16 23 47 6853.1363 1e-05 0.959931088596881 3.86590429316744 0 7.70039265979898
16 23 48 6853.1363 1e-05 0.959931088596881 3.86590429316744 0 7.82605636594257
16 23 49 6853.1363 1e-05 0.959931088596881 3.86590429316744 0 7.95172007208617
16 23 50 6853.1363 1e-05 0.959931088596881 3.86590429316744 0 8.07738377822976
19 36 1 7078.1363 1e-05 0.959931088596881 3.93135414011723 0 1.96349540849362
19 36 2 7078.1363 1e-05 0.959931088596881 3.93135414011723 0 2.15984494934298
19 36 3 7078.1363 1e-05 0.959931088596881 3.93135414011723 0 2.35619449019234
19 36 4 7078.1363 1e-05 0.959931088596881 3.93135414011723 0 2.55254403104171
19 36 5 7078.1363 1e-05 0.959931088596881 3.93135414011723 0 2.74889357189107
19 36 6 7078.1363 1e-05 0.959931088596881 3.93135414011723 0 2.94524311274043
19 36 7 7078.1363 1e-05 0.959931088596881 3.93135414011723 0 3.14159265358979
19 36 8 7078.1363 1e-05 0.959931088596881 3.93135414011723 0 3.33794219443916
19 36 9 7078.1363 1e-05 0.959931088596881 3.93135414011723 0 3.53429173528852
19 36 10 7078.1363 1e-05 0.959931088596881 3.93135414011723 0 3.73064127613788
19 36 11 7078.1363 1e-05 0.959931088596881 3.93135414011723 0 3.92699081698724
19 36 12 7078.1363 1e-05 0.959931088596881 3.93135414011723 0 4.1233403578366
19 36 13 7078.1363 1e-05 0.959931088596881 3.93135414011723 0 4.31968989868597
19 36 14 7078.1363 1e-05 0.959931088596881 3.93135414011723 0 4.51603943953533
19 36 15 7078.1363 1e-05 0.959931088596881 3.93135414011723 0 4.71238898038469
19 36 16 7078.1363 1e-05 0.959931088596881 3.93135414011723 0 4.90873852123405
19 36 17 7078.1363 1e-05 0.959931088596881 3.93135414011723 0 5.10508806208341
19 36 18 7078.1363 1e-05 0.959931088596881 3.93135414011723 0 5.30143760293278
19 36 19 7078.1363 1e-05 0.959931088596881 3.93135414011723 0 5.49778714378214
19 36 20 7078.1363 1e-05 0.959931088596881 3.93135414011723 0 5.6941366846315
19 36 21 7078.1363 1e-05 0.959931088596881 3.93135414011723 0 5.89048622548086
19 36 22 7078.1363 1e-05 0.959931088596881 3.93135414011723 0 6.08683576633022
19 36 23 7078.1363 1e-05 0.959931088596881 3.93135414011723 0 6.28318530717959
19 36 24 7078.1363 1e-05 0.959931088596881 3.93135414011723 0 6.47953484802895
19 36 25 7078.1363 1e-05 0.959931088596881 3.93135414011723 0 6.67588438887831
19 36 26 7078.1363 1e-05 0.959931088596881 3.93135414011723 0 6.87223392972767
19 36 27 7078.1363 1e-05 0.959931088596881 3.93135414011723 0 7.06858347057704
19 36 28 7078.1363 1e-05 0.959931088596881 3.93135414011723 0 7.2649330114264
19 36 29 7078.1363 1e-05 0.959931088596881 3.93135414011723 0 7.46128255227576
19 36 30 7078.1363 1e-05 0.959931088596881 3.93135414011723 0 7.65763209312512
19 36 31 7078.1363 1e-05 0.959931088596881 3.93135414011723 0 7.85398163397448
19 36 32 7078.1363 1e-05 0.959931088596881 3.93135414011723 0 8.05033117482384
13 20 1 6978.1363 1e-05 0.959931088596881 4.01425727958696 0 1.98967534727354
13 20 2 6978.1363 1e-05 0.959931088596881 4.01425727958696 0 2.19911485751286
13 20 3 6978.1363 1e-05 0.959931088596881 4.01425727958696 0 2.40855436775217
13 20 4 6978.1363 1e-05 0.959931088596881 4.01425727958696 0 2.61799387799149
13 20 5 6978.1363 1e-05 0.959931088596881 4.01425727958696 0 2.82743338823081
13 20 6 6978.1363 1e-05 0.959931088596881 4.01425727958696 0 3.03687289847013
13 20 7 6978.1363 1e-05 0.959931088596881 4.01425727958696 0 3.24631240870945
13 20 8 6978.1363 1e-05 0.959931088596881 4.01425727958696 0 3.45575191894877
13 20 9 6978.1363 1e-05 0.959931088596881 4.01425727958696 0 3.66519142918809
13 20 10 6978.1363 1e-05 0.959931088596881 4.01425727958696 0 3.87463093942741
13 20 11 6978.1363 1e-05 0.959931088596881 4.01425727958696 0 4.08407044966673
13 20 12 6978.1363 1e-05 0.959931088596881 4.01425727958696 0 4.29350995990605
13 20 13 6978.1363 1e-05 0.959931088596881 4.01425727958696 0 4.50294947014537
13 20 14 6978.1363 1e-05 0.959931088596881 4.01425727958696 0 4.71238898038469
13 20 15 6978.1363 1e-05 0.959931088596881 4.01425727958696 0 4.92182849062401
13 20 16 6978.1363 1e-05 0.959931088596881 4.01425727958696 0 5.13126800086333
13 20 17 6978.1363 1e-05 0.959931088596881 4.01425727958696 0 5.34070751110265
13 20 18 6978.1363 1e-05 0.959931088596881 4.01425727958696 0 5.55014702134197
13 20 19 6978.1363 1e-05 0.959931088596881 4.01425727958696 0 5.75958653158129
13 20 20 6978.1363 1e-05 0.959931088596881 4.01425727958696 0 5.96902604182061
13 20 21 6978.1363 1e-05 0.959931088596881 4.01425727958696 0 6.17846555205993
13 20 22 6978.1363 1e-05 0.959931088596881 4.01425727958696 0 6.38790506229925
13 20 23 6978.1363 1e-05 0.959931088596881 4.01425727958696 0 6.59734457253856
13 20 24 6978.1363 1e-05 0.959931088596881 4.01425727958696 0 6.80678408277788
13 20 25 6978.1363 1e-05 0.959931088596881 4.01425727958696 0 7.0162235930172
13 20 26 6978.1363 1e-05 0.959931088596881 4.01425727958696 0 7.22566310325652
13 20 27 6978.1363 1e-05 0.959931088596881 4.01425727958696 0 7.43510261349584
13 20 28 6978.1363 1e-05 0.959931088596881 4.01425727958696 0 7.64454212373516
13 20 29 6978.1363 1e-05 0.959931088596881 4.01425727958696 0 7.85398163397448
13 20 30 6978.1363 1e-05 0.959931088596881 4.01425727958696 0 8.0634211442138
12 24 1 6863.1363 1e-05 0.959931088596881 4.0317105721069 0 1.83508904209689
12 24 2 6863.1363 1e-05 0.959931088596881 4.0317105721069 0 2.01460862230203
12 24 3 6863.1363 1e-05 0.959931088596881 4.0317105721069 0 2.19412820250716
12 24 4 6863.1363 1e-05 0.959931088596881 4.0317105721069 0 2.37364778271229
12 24 5 6863.1363 1e-05 0.959931088596881 4.0317105721069 0 2.55316736291742
12 24 6 6863.1363 1e-05 0.959931088596881 4.0317105721069 0 2.73268694312255
12 24 7 6863.1363 1e-05 0.959931088596881 4.0317105721069 0 2.91220652332768
12 24 8 6863.1363 1e-05 0.959931088596881 4.0317105721069 0 3.09172610353281
12 24 9 6863.1363 1e-05 0.959931088596881 4.0317105721069 0 3.27124568373794
12 24 10 6863.1363 1e-05 0.959931088596881 4.0317105721069 0 3.45076526394307
12 24 11 6863.1363 1e-05 0.959931088596881 4.0317105721069 0 3.63028484414821
12 24 12 6863.1363 1e-05 0.959931088596881 4.0317105721069 0 3.80980442435334
12 24 13 6863.1363 1e-05 0.959931088596881 4.0317105721069 0 3.98932400455847
12 24 14 6863.1363 1e-05 0.959931088596881 4.0317105721069 0 4.1688435847636
12 24 15 6863.1363 1e-05 0.959931088596881 4.0317105721069 0 4.34836316496873
12 24 16 6863.1363 1e-05 0.959931088596881 4.0317105721069 0 4.52788274517386
12 24 17 6863.1363 1e-05 0.959931088596881 4.0317105721069 0 4.70740232537899
12 24 18 6863.1363 1e-05 0.959931088596881 4.0317105721069 0 4.88692190558412
12 24 19 6863.1363 1e-05 0.959931088596881 4.0317105721069 0 5.06644148578925
12 24 20 6863.1363 1e-05 0.959931088596881 4.0317105721069 0 5.24596106599438
12 24 21 6863.1363 1e-05 0.959931088596881 4.0317105721069 0 5.42548064619952
12 24 22 6863.1363 1e-05 0.959931088596881 4.0317105721069 0 5.60500022640465
12 24 23 6863.1363 1e-05 0.959931088596881 4.0317105721069 0 5.78451980660978
12 24 24 6863.1363 1e-05 0.959931088596881 4.0317105721069 0 5.96403938681491
12 24 25 6863.1363 1e-05 0.959931088596881 4.0317105721069 0 6.14355896702004
12 24 26 6863.1363 1e-05 0.959931088596881 4.0317105721069 0 6.32307854722517
12 24 27 6863.1363 1e-05 0.959931088596881 4.0317105721069 0 6.5025981274303
12 24 28 6863.1363 1e-05 0.959931088596881 4.0317105721069 0 6.68211770763543
12 24 29 6863.1363 1e-05 0.959931088596881 4.0317105721069 0 6.86163728784056
12 24 30 6863.1363 1e-05 0.959931088596881 4.0317105721069 0 7.04115686804569
12 24 31 6863.1363 1e-05 0.959931088596881 4.0317105721069 0 7.22067644825083
12 24 32 6863.1363 1e-05 0.959931088596881 4.0317105721069 0 7.40019602845596
12 24 33 6863.1363 1e-05 0.959931088596881 4.0317105721069 0 7.57971560866109
12 24 34 6863.1363 1e-05 0.959931088596881 4.0317105721069 0 7.75923518886622
12 24 35 6863.1363 1e-05 0.959931088596881 4.0317105721069 0 7.93875476907135
16 24 1 6853.1363 1e-05 0.959931088596881 4.04043721836687 0 2.00712863979348
16 24 2 6853.1363 1e-05 0.959931088596881 4.04043721836687 0 2.13279234593707
16 24 3 6853.1363 1e-05 0.959931088596881 4.04043721836687 0 2.25845605208066
16 24 4 6853.1363 1e-05 0.959931088596881 4.04043721836687 0 2.38411975822425
16 24 5 6853.1363 1e-05 0.959931088596881 4.04043721836687 0 2.50978346436785
16 24 6 6853.1363 1e-05 0.959931088596881 4.04043721836687 0 2.63544717051144
16 24 7 6853.1363 1e-05 0.959931088596881 4.04043721836687 0 2.76111087665503
16 24 8 6853.1363 1e-05 0.959931088596881 4.04043721836687 0 2.88677458279862
16 24 9 6853.1363 1e-05 0.959931088596881 4.04043721836687 0 3.01243828894221
16 24 10 6853.1363 1e-05 0.959931088596881 4.04043721836687 0 3.1381019950858
16 24 11 6853.1363 1e-05 0.959931088596881 4.04043721836687 0 3.2637657012294
16 24 12 6853.1363 1e-05 0.959931088596881 4.04043721836687 0 3.38942940737299
16 24 13 6853.1363 1e-05 0.959931088596881 4.04043721836687 0 3.51509311351658
16 24 14 6853.1363 1e-05 0.959931088596881 4.04043721836687 0 3.64075681966017
16 24 15 6853.1363 1e-05 0.959931088596881 4.04043721836687 0 3.76642052580376
16 24 16 6853.1363 1e-05 0.959931088596881 4.04043721836687 0 3.89208423194736
16 24 17 6853.1363 1e-05 0.959931088596881 4.04043721836687 0 4.01774793809095
16 24 18 6853.1363 1e-05 0.959931088596881 4.04043721836687 0 4.14341164423454
16 24 19 6853.1363 1e-05 0.959931088596881 4.04043721836687 0 4.26907535037813
16 24 20 6853.1363 1e-05 0.959931088596881 4.04043721836687 0 4.39473905652172
16 24 21 6853.1363 1e-05 0.959931088596881 4.04043721836687 0 4.52040276266531
16 24 22 6853.1363 1e-05 0.959931088596881 4.04043721836687 0 4.64606646880891
16 24 23 6853.1363 1e-05 0.959931088596881 4.04043721836687 0 4.7717301749525
16 24 24 6853.1363 1e-05 0.959931088596881 4.04043721836687 0 4.89739388109609
16 24 25 6853.1363 1e-05 0.959931088596881 4.04043721836687 0 5.02305758723968
16 24 26 6853.1363 1e-05 0.959931088596881 4.04043721836687 0 5.14872129338327
16 24 27 6853.1363 1e-05 0.959931088596881 4.04043721836687 0 5.27438499952686
16 24 28 6853.1363 1e-05 0.959931088596881 4.04043721836687 0 5.40004870567046
16 24 29 6853.1363 1e-05 0.959931088596881 4.04043721836687 0 5.52571241181405
16 24 30 6853.1363 1e-05 0.959931088596881 4.04043721836687 0 5.65137611795764
16 24 31 6853.1363 1e-05 0.959931088596881 4.04043721836687 0 5.77703982410123
16 24 32 6853.1363 1e-05 0.959931088596881 4.04043721836687 0 5.90270353024482
16 24 33 6853.1363 1e-05 0.959931088596881 4.04043721836687 0 6.02836723638841
16 24 34 6853.1363 1e-05 0.959931088596881 4.04043721836687 0 6.15403094253201
16 24 35 6853.1363 1e-05 0.959931088596881 4.04043721836687 0 6.2796946486756
16 24 36 6853.1363 1e-05 0.959931088596881 4.04043721836687 0 6.40535835481919
16 24 37 6853.1363 1e-05 0.959931088596881 4.04043721836687 0 6.53102206096278
16 24 38 6853.1363 1e-05 0.959931088596881 4.04043721836687 0 6.65668576710637
16 24 39 6853.1363 1e-05 0.959931088596881 4.04043721836687 0 6.78234947324997
16 24 40 6853.1363 1e-05 0.959931088596881 4.04043721836687 0 6.90801317939356
16 24 41 6853.1363 1e-05 0.959931088596881 4.04043721836687 0 7.03367688553715
16 24 42 6853.1363 1e-05 0.959931088596881 4.04043721836687 0 7.15934059168074
16 24 43 6853.1363 1e-05 0.959931088596881 4.04043721836687 0 7.28500429782433
16 24 44 6853.1363 1e-05 0.959931088596881 4.04043721836687 0 7.41066800396792
16 24 45 6853.1363 1e-05 0.959931088596881 4.04043721836687 0 7.53633171011152
16 24 46 6853.1363 1e-05 0.959931088596881 4.04043721836687 0 7.66199541625511
16 24 47 6853.1363 1e-05 0.959931088596881 4.04043721836687 0 7.7876591223987
16 24 48 6853.1363 1e-05 0.959931088596881 4.04043721836687 0 7.91332282854229
16 24 49 6853.1363 1e-05 0.959931088596881 4.04043721836687 0 8.03898653468588
16 24 50 6853.1363 1e-05 0.959931088596881 4.04043721836687 0 8.16465024082947
19 37 1 7078.1363 1e-05 0.959931088596881 4.04355387774543 0 2.01959527730772
19 37 2 7078.1363 1e-05 0.959931088596881 4.04355387774543 0 2.21594481815709
19 37 3 7078.1363 1e-05 0.959931088596881 4.04355387774543 0 2.41229435900645
19 37 4 7078.1363 1e-05 0.959931088596881 4.04355387774543 0 2.60864389985581
19 37 5 7078.1363 1e-05 0.959931088596881 4.04355387774543 0 2.80499344070517
19 37 6 7078.1363 1e-05 0.959931088596881 4.04355387774543 0 3.00134298155453
19 37 7 7078.1363 1e-05 0.959931088596881 4.04355387774543 0 3.1976925224039
19 37 8 7078.1363 1e-05 0.959931088596881 4.04355387774543 0 3.39404206325326
19 37 9 7078.1363 1e-05 0.959931088596881 4.04355387774543 0 3.59039160410262
19 37 10 7078.1363 1e-05 0.959931088596881 4.04355387774543 0 3.78674114495198
19 37 11 7078.1363 1e-05 0.959931088596881 4.04355387774543 0 3.98309068580134
19 37 12 7078.1363 1e-05 0.959931088596881 4.04355387774543 0 4.17944022665071
19 37 13 7078.1363 1e-05 0.959931088596881 4.04355387774543 0 4.37578976750007
19 37 14 7078.1363 1e-05 0.959931088596881 4.04355387774543 0 4.57213930834943
19 37 15 7078.1363 1e-05 0.959931088596881 4.04355387774543 0 4.76848884919879
19 37 16 7078.1363 1e-05 0.959931088596881 4.04355387774543 0 4.96483839004815
19 37 17 7078.1363 1e-05 0.959931088596881 4.04355387774543 0 5.16118793089752
19 37 18 7078.1363 1e-05 0.959931088596881 4.04355387774543 0 5.35753747174688
19 37 19 7078.1363 1e-05 0.959931088596881 4.04355387774543 0 5.55388701259624
19 37 20 7078.1363 1e-05 0.959931088596881 4.04355387774543 0 5.7502365534456
19 37 21 7078.1363 1e-05 0.959931088596881 4.04355387774543 0 5.94658609429497
19 37 22 7078.1363 1e-05 0.959931088596881 4.04355387774543 0 6.14293563514433
19 37 23 7078.1363 1e-05 0.959931088596881 4.04355387774543 0 6.33928517599369
19 37 24 7078.1363 1e-05 0.959931088596881 4.04355387774543 0 6.53563471684305
19 37 25 7078.1363 1e-05 0.959931088596881 4.04355387774543 0 6.73198425769241
19 37 26 7078.1363 1e-05 0.959931088596881 4.04355387774543 0 6.92833379854178
19 37 27 7078.1363 1e-05 0.959931088596881 4.04355387774543 0 7.12468333939114
19 37 28 7078.1363 1e-05 0.959931088596881 4.04355387774543 0 7.3210328802405
19 37 29 7078.1363 1e-05 0.959931088596881 4.04355387774543 0 7.51738242108986
19 37 30 7078.1363 1e-05 0.959931088596881 4.04355387774543 0 7.71373196193922
19 37 31 7078.1363 1e-05 0.959931088596881 4.04355387774543 0 7.91008150278859
19 37 32 7078.1363 1e-05 0.959931088596881 4.04355387774543 0 8.10643104363795
19 38 1 7078.1363 1e-05 0.959931088596881 4.15575361537364 0 2.07569514612183
19 38 2 7078.1363 1e-05 0.959931088596881 4.15575361537364 0 2.27204468697119
19 38 3 7078.1363 1e-05 0.959931088596881 4.15575361537364 0 2.46839422782055
19 38 4 7078.1363 1e-05 0.959931088596881 4.15575361537364 0 2.66474376866991
19 38 5 7078.1363 1e-05 0.959931088596881 4.15575361537364 0 2.86109330951928
19 38 6 7078.1363 1e-05 0.959931088596881 4.15575361537364 0 3.05744285036864
19 38 7 7078.1363 1e-05 0.959931088596881 4.15575361537364 0 3.253792391218
19 38 8 7078.1363 1e-05 0.959931088596881 4.15575361537364 0 3.45014193206736
19 38 9 7078.1363 1e-05 0.959931088596881 4.15575361537364 0 3.64649147291672
19 38 10 7078.1363 1e-05 0.959931088596881 4.15575361537364 0 3.84284101376609
19 38 11 7078.1363 1e-05 0.959931088596881 4.15575361537364 0 4.03919055461545
19 38 12 7078.1363 1e-05 0.959931088596881 4.15575361537364 0 4.23554009546481
19 38 13 7078.1363 1e-05 0.959931088596881 4.15575361537364 0 4.43188963631417
19 38 14 7078.1363 1e-05 0.959931088596881 4.15575361537364 0 4.62823917716353
19 38 15 7078.1363 1e-05 0.959931088596881 4.15575361537364 0 4.8245887180129
19 38 16 7078.1363 1e-05 0.959931088596881 4.15575361537364 0 5.02093825886226
19 38 17 7078.1363 1e-05 0.959931088596881 4.15575361537364 0 5.21728779971162
19 38 18 7078.1363 1e-05 0.959931088596881 4.15575361537364 0 5.41363734056098
19 38 19 7078.1363 1e-05 0.959931088596881 4.15575361537364 0 5.60998688141034
19 38 20 7078.1363 1e-05 0.959931088596881 4.15575361537364 0 5.80633642225971
19 38 21 7078.1363 1e-05 0.959931088596881 4.15575361537364 0 6.00268596310907
19 38 22 7078.1363 1e-05 0.959931088596881 4.15575361537364 0 6.19903550395843
19 38 23 7078.1363 1e-05 0.959931088596881 4.15575361537364 0 6.39538504480779
19 38 24 7078.1363 1e-05 0.959931088596881 4.15575361537364 0 6.59173458565716
19 38 25 7078.1363 1e-05 0.959931088596881 4.15575361537364 0 6.78808412650652
19 38 26 7078.1363 1e-05 0.959931088596881 4.15575361537364 0 6.98443366735588
19 38 27 7078.1363 1e-05 0.959931088596881 4.15575361537364 0 7.18078320820524
19 38 28 7078.1363 1e-05 0.959931088596881 4.15575361537364 0 7.3771327490546
19 38 29 7078.1363 1e-05 0.959931088596881 4.15575361537364 0 7.57348228990397
19 38 30 7078.1363 1e-05 0.959931088596881 4.15575361537364 0 7.76983183075333
19 38 31 7078.1363 1e-05 0.959931088596881 4.15575361537364 0 7.96618137160269
19 38 32 7078.1363 1e-05 0.959931088596881 4.15575361537364 0 8.16253091245205
12 25 1 6863.1363 1e-05 0.959931088596881 4.20624349730633 0 1.91487552218806
12 25 2 6863.1363 1e-05 0.959931088596881 4.20624349730633 0 2.0943951023932
12 25 3 6863.1363 1e-05 0.959931088596881 4.20624349730633 0 2.27391468259833
12 25 4 6863.1363 1e-05 0.959931088596881 4.20624349730633 0 2.45343426280346
12 25 5 6863.1363 1e-05 0.959931088596881 4.20624349730633 0 2.63295384300859
12 25 6 6863.1363 1e-05 0.959931088596881 4.20624349730633 0 2.81247342321372
12 25 7 6863.1363 1e-05 0.959931088596881 4.20624349730633 0 2.99199300341885
12 25 8 6863.1363 1e-05 0.959931088596881 4.20624349730633 0 3.17151258362398
12 25 9 6863.1363 1e-05 0.959931088596881 4.20624349730633 0 3.35103216382911
12 25 10 6863.1363 1e-05 0.959931088596881 4.20624349730633 0 3.53055174403424
12 25 11 6863.1363 1e-05 0.959931088596881 4.20624349730633 0 3.71007132423937
12 25 12 6863.1363 1e-05 0.959931088596881 4.20624349730633 0 3.88959090444451
12 25 13 6863.1363 1e-05 0.959931088596881 4.20624349730633 0 4.06911048464964
12 25 14 6863.1363 1e-05 0.959931088596881 4.20624349730633 0 4.24863006485477
12 25 15 6863.1363 1e-05 0.959931088596881 4.20624349730633 0 4.4281496450599
12 25 16 6863.1363 1e-05 0.959931088596881 4.20624349730633 0 4.60766922526503
12 25 17 6863.1363 1e-05 0.959931088596881 4.20624349730633 0 4.78718880547016
12 25 18 6863.1363 1e-05 0.959931088596881 4.20624349730633 0 4.96670838567529
12 25 19 6863.1363 1e-05 0.959931088596881 4.20624349730633 0 5.14622796588042
12 25 20 6863.1363 1e-05 0.959931088596881 4.20624349730633 0 5.32574754608555
12 25 21 6863.1363 1e-05 0.959931088596881 4.20624349730633 0 5.50526712629068
12 25 22 6863.1363 1e-05 0.959931088596881 4.20624349730633 0 5.68478670649582
12 25 23 6863.1363 1e-05 0.959931088596881 4.20624349730633 0 5.86430628670095
12 25 24 6863.1363 1e-05 0.959931088596881 4.20624349730633 0 6.04382586690608
12 25 25 6863.1363 1e-05 0.959931088596881 4.20624349730633 0 6.22334544711121
12 25 26 6863.1363 1e-05 0.959931088596881 4.20624349730633 0 6.40286502731634
12 25 27 6863.1363 1e-05 0.959931088596881 4.20624349730633 0 6.58238460752147
12 25 28 6863.1363 1e-05 0.959931088596881 4.20624349730633 0 6.7619041877266
12 25 29 6863.1363 1e-05 0.959931088596881 4.20624349730633 0 6.94142376793173
12 25 30 6863.1363 1e-05 0.959931088596881 4.20624349730633 0 7.12094334813686
12 25 31 6863.1363 1e-05 0.959931088596881 4.20624349730633 0 7.30046292834199
12 25 32 6863.1363 1e-05 0.959931088596881 4.20624349730633 0 7.47998250854713
12 25 33 6863.1363 1e-05 0.959931088596881 4.20624349730633 0 7.65950208875226
12 25 34 6863.1363 1e-05 0.959931088596881 4.20624349730633 0 7.83902166895739
12 25 35 6863.1363 1e-05 0.959931088596881 4.20624349730633 0 8.01854124916252
16 25 1 6853.1363 1e-05 0.959931088596881 4.21497014356631 0 2.0943951023932
16 25 2 6853.1363 1e-05 0.959931088596881 4.21497014356631 0 2.22005880853679
16 25 3 6853.1363 1e-05 0.959931088596881 4.21497014356631 0 2.34572251468038
16 25 4 6853.1363 1e-05 0.959931088596881 4.21497014356631 0 2.47138622082397
16 25 5 6853.1363 1e-05 0.959931088596881 4.21497014356631 0 2.59704992696756
16 25 6 6853.1363 1e-05 0.959931088596881 4.21497014356631 0 2.72271363311115
16 25 7 6853.1363 1e-05 0.959931088596881 4.21497014356631 0 2.84837733925475
16 25 8 6853.1363 1e-05 0.959931088596881 4.21497014356631 0 2.97404104539834
16 25 9 6853.1363 1e-05 0.959931088596881 4.21497014356631 0 3.09970475154193
16 25 10 6853.1363 1e-05 0.959931088596881 4.21497014356631 0 3.22536845768552
16 25 11 6853.1363 1e-05 0.959931088596881 4.21497014356631 0 3.35103216382911
16 25 12 6853.1363 1e-05 0.959931088596881 4.21497014356631 0 3.4766958699727
16 25 13 6853.1363 1e-05 0.959931088596881 4.21497014356631 0 3.6023595761163
16 25 14 6853.1363 1e-05 0.959931088596881 4.21497014356631 0 3.72802328225989
16 25 15 6853.1363 1e-05 0.959931088596881 4.21497014356631 0 3.85368698840348
16 25 16 6853.1363 1e-05 0.959931088596881 4.21497014356631 0 3.97935069454707
16 25 17 6853.1363 1e-05 0.959931088596881 4.21497014356631 0 4.10501440069066
16 25 18 6853.1363 1e-05 0.959931088596881 4.21497014356631 0 4.23067810683426
16 25 19 6853.1363 1e-05 0.959931088596881 4.21497014356631 0 4.35634181297785
16 25 20 6853.1363 1e-05 0.959931088596881 4.21497014356631 0 4.48200551912144
16 25 21 6853.1363 1e-05 0.959931088596881 4.21497014356631 0 4.60766922526503
16 25 22 6853.1363 1e-05 0.959931088596881 4.21497014356631 0 4.73333293140862
16 25 23 6853.1363 1e-05 0.959931088596881 4.21497014356631 0 4.85899663755221
16 25 24 6853.1363 1e-05 0.959931088596881 4.21497014356631 0 4.98466034369581
16 25 25 6853.1363 1e-05 0.959931088596881 4.21497014356631 0 5.1103240498394
16 25 26 6853.1363 1e-05 0.959931088596881 4.21497014356631 0 5.23598775598299
16 25 27 6853.1363 1e-05 0.959931088596881 4.21497014356631 0 5.36165146212658
16 25 28 6853.1363 1e-05 0.959931088596881 4.21497014356631 0 5.48731516827017
16 25 29 6853.1363 1e-05 0.959931088596881 4.21497014356631 0 5.61297887441376
16 25 30 6853.1363 1e-05 0.959931088596881 4.21497014356631 0 5.73864258055736
16 25 31 6853.1363 1e-05 0.959931088596881 4.21497014356631 0 5.86430628670095
16 25 32 6853.1363 1e-05 0.959931088596881 4.21497014356631 0 5.98996999284454
16 25 33 6853.1363 1e-05 0.959931088596881 4.21497014356631 0 6.11563369898813
16 25 34 6853.1363 1e-05 0.959931088596881 4.21497014356631 0 6.24129740513172
16 25 35 6853.1363 1e-05 0.959931088596881 4.21497014356631 0 6.36696111127532
16 25 36 6853.1363 1e-05 0.959931088596881 4.21497014356631 0 6.49262481741891
16 25 37 6853.1363 1e-05 0.959931088596881 4.21497014356631 0 6.6182885235625
16 25 38 6853.1363 1e-05 0.959931088596881 4.21497014356631 0 6.74395222970609
16 25 39 6853.1363 1e-05 0.959931088596881 4.21497014356631 0 6.86961593584968
16 25 40 6853.1363 1e-05 0.959931088596881 4.21497014356631 0 6.99527964199327
16 25 41 6853.1363 1e-05 0.959931088596881 4.21497014356631 0 7.12094334813686
16 25 42 6853.1363 1e-05 0.959931088596881 4.21497014356631 0 7.24660705428046
16 25 43 6853.1363 1e-05 0.959931088596881 4.21497014356631 0 7.37227076042405
16 25 44 6853.1363 1e-05 0.959931088596881 4.21497014356631 0 7.49793446656764
16 25 45 6853.1363 1e-05 0.959931088596881 4.21497014356631 0 7.62359817271123
16 25 46 6853.1363 1e-05 0.959931088596881 4.21497014356631 0 7.74926187885482
16 25 47 6853.1363 1e-05 0.959931088596881 4.21497014356631 0 7.87492558499842
16 25 48 6853.1363 1e-05 0.959931088596881 4.21497014356631 0 8.00058929114201
16 25 49 6853.1363 1e-05 0.959931088596881 4.21497014356631 0 8.1262529972856
16 25 50 6853.1363 1e-05 0.959931088596881 4.21497014356631 0 8.25191670342919
13 21 1 6978.1363 1e-05 0.959931088596881 4.22369678982628 0 2.0943951023932
13 21 2 6978.1363 1e-05 0.959931088596881 4.22369678982628 0 2.30383461263251
13 21 3 6978.1363 1e-05 0.959931088596881 4.22369678982628 0 2.51327412287183
13 21 4 6978.1363 1e-05 0.959931088596881 4.22369678982628 0 2.72271363311115
13 21 5 6978.1363 1e-05 0.959931088596881 4.22369678982628 0 2.93215314335047
13 21 6 6978.1363 1e-05 0.959931088596881 4.22369678982628 0 3.14159265358979
13 21 7 6978.1363 1e-05 0.959931088596881 4.22369678982628 0 3.35103216382911
13 21 8 6978.1363 1e-05 0.959931088596881 4.22369678982628 0 3.56047167406843
13 21 9 6978.1363 1e-05 0.959931088596881 4.22369678982628 0 3.76991118430775
13 21 10 6978.1363 1e-05 0.959931088596881 4.22369678982628 0 3.97935069454707
13 21 11 6978.1363 1e-05 0.959931088596881 4.22369678982628 0 4.18879020478639
13 21 12 6978.1363 1e-05 0.959931088596881 4.22369678982628 0 4.39822971502571
13 21 13 6978.1363 1e-05 0.959931088596881 4.22369678982628 0 4.60766922526503
13 21 14 6978.1363 1e-05 0.959931088596881 4.22369678982628 0 4.81710873550435
13 21 15 6978.1363 1e-05 0.959931088596881 4.22369678982628 0 5.02654824574367
13 21 16 6978.1363 1e-05 0.959931088596881 4.22369678982628 0 5.23598775598299
13 21 17 6978.1363 1e-05 0.959931088596881 4.22369678982628 0 5.44542726622231
13 21 18 6978.1363 1e-05 0.959931088596881 4.22369678982628 0 5.65486677646163
13 21 19 6978.1363 1e-05 0.959931088596881 4.22369678982628 0 5.86430628670095
13 21 20 6978.1363 1e-05 0.959931088596881 4.22369678982628 0 6.07374579694027
13 21 21 6978.1363 1e-05 0.959931088596881 4.22369678982628 0 6.28318530717959
13 21 22 6978.1363 1e-05 0.959931088596881 4.22369678982628 0 6.49262481741891
13 21 23 6978.1363 1e-05 0.959931088596881 4.22369678982628 0 6.70206432765822
13 21 24 6978.1363 1e-05 0.959931088596881 4.22369678982628 0 6.91150383789754
13 21 25 6978.1363 1e-05 0.959931088596881 4.22369678982628 0 7.12094334813686
13 21 26 6978.1363 1e-05 0.959931088596881 4.22369678982628 0 7.33038285837618
13 21 27 6978.1363 1e-05 0.959931088596881 4.22369678982628 0 7.5398223686155
13 21 28 6978.1363 1e-05 0.959931088596881 4.22369678982628 0 7.74926187885482
13 21 29 6978.1363 1e-05 0.959931088596881 4.22369678982628 0 7.95870138909414
13 21 30 6978.1363 1e-05 0.959931088596881 4.22369678982628 0 8.16814089933346
19 39 1 7078.1363 1e-05 0.959931088596881 4.26795335300185 0 2.13179501493593
19 39 2 7078.1363 1e-05 0.959931088596881 4.26795335300185 0 2.32814455578529
19 39 3 7078.1363 1e-05 0.959931088596881 4.26795335300185 0 2.52449409663466
19 39 4 7078.1363 1e-05 0.959931088596881 4.26795335300185 0 2.72084363748402
19 39 5 7078.1363 1e-05 0.959931088596881 4.26795335300185 0 2.91719317833338
19 39 6 7078.1363 1e-05 0.959931088596881 4.26795335300185 0 3.11354271918274
19 39 7 7078.1363 1e-05 0.959931088596881 4.26795335300185 0 3.3098922600321
19 39 8 7078.1363 1e-05 0.959931088596881 4.26795335300185 0 3.50624180088147
19 39 9 7078.1363 1e-05 0.959931088596881 4.26795335300185 0 3.70259134173083
19 39 10 7078.1363 1e-05 0.959931088596881 4.26795335300185 0 3.89894088258019
19 39 11 7078.1363 1e-05 0.959931088596881 4.26795335300185 0 4.09529042342955
19 39 12 7078.1363 1e-05 0.959931088596881 4.26795335300185 0 4.29163996427891
19 39 13 7078.1363 1e-05 0.959931088596881 4.26795335300185 0 4.48798950512828
19 39 14 7078.1363 1e-05 0.959931088596881 4.26795335300185 0 4.68433904597764
19 39 15 7078.1363 1e-05 0.959931088596881 4.26795335300185 0 4.880688586827
19 39 16 7078.1363 1e-05 0.959931088596881 4.26795335300185 0 5.07703812767636
19 39 17 7078.1363 1e-05 0.959931088596881 4.26795335300185 0 5.27338766852572
19 39 18 7078.1363 1e-05 0.959931088596881 4.26795335300185 0 5.46973720937509
19 39 19 7078.1363 1e-05 0.959931088596881 4.26795335300185 0 5.66608675022445
19 39 20 7078.1363 1e-05 0.959931088596881 4.26795335300185 0 5.86243629107381
19 39 21 7078.1363 1e-05 0.959931088596881 4.26795335300185 0 6.05878583192317
19 39 22 7078.1363 1e-05 0.959931088596881 4.26795335300185 0 6.25513537277253
19 39 23 7078.1363 1e-05 0.959931088596881 4.26795335300185 0 6.4514849136219
19 39 24 7078.1363 1e-05 0.959931088596881 4.26795335300185 0 6.64783445447126
19 39 25 7078.1363 1e-05 0.959931088596881 4.26795335300185 0 6.84418399532062
19 39 26 7078.1363 1e-05 0.959931088596881 4.26795335300185 0 7.04053353616998
19 39 27 7078.1363 1e-05 0.959931088596881 4.26795335300185 0 7.23688307701935
19 39 28 7078.1363 1e-05 0.959931088596881 4.26795335300185 0 7.43323261786871
19 39 29 7078.1363 1e-05 0.959931088596881 4.26795335300185 0 7.62958215871807
19 39 30 7078.1363 1e-05 0.959931088596881 4.26795335300185 0 7.82593169956743
19 39 31 7078.1363 1e-05 0.959931088596881 4.26795335300185 0 8.02228124041679
19 39 32 7078.1363 1e-05 0.959931088596881 4.26795335300185 0 8.21863078126615
19 40 1 7078.1363 1e-05 0.959931088596881 4.38015309063005 0 2.18789488375003
19 40 2 7078.1363 1e-05 0.959931088596881 4.38015309063005 0 2.3842444245994
19 40 3 7078.1363 1e-05 0.959931088596881 4.38015309063005 0 2.58059396544876
19 40 4 7078.1363 1e-05 0.959931088596881 4.38015309063005 0 2.77694350629812
19 40 5 7078.1363 1e-05 0.959931088596881 4.38015309063005 0 2.97329304714748
19 40 6 7078.1363 1e-05 0.959931088596881 4.38015309063005 0 3.16964258799684
19 40 7 7078.1363 1e-05 0.959931088596881 4.38015309063005 0 3.36599212884621
19 40 8 7078.1363 1e-05 0.959931088596881 4.38015309063005 0 3.56234166969557
19 40 9 7078.1363 1e-05 0.959931088596881 4.38015309063005 0 3.75869121054493
19 40 10 7078.1363 1e-05 0.959931088596881 4.38015309063005 0 3.95504075139429
19 40 11 7078.1363 1e-05 0.959931088596881 4.38015309063005 0 4.15139029224366
19 40 12 7078.1363 1e-05 0.959931088596881 4.38015309063005 0 4.34773983309302
19 40 13 7078.1363 1e-05 0.959931088596881 4.38015309063005 0 4.54408937394238
19 40 14 7078.1363 1e-05 0.959931088596881 4.38015309063005 0 4.74043891479174
19 40 15 7078.1363 1e-05 0.959931088596881 4.38015309063005 0 4.9367884556411
19 40 16 7078.1363 1e-05 0.959931088596881 4.38015309063005 0 5.13313799649046
19 40 17 7078.1363 1e-05 0.959931088596881 4.38015309063005 0 5.32948753733983
19 40 18 7078.1363 1e-05 0.959931088596881 4.38015309063005 0 5.52583707818919
19 40 19 7078.1363 1e-05 0.959931088596881 4.38015309063005 0 5.72218661903855
19 40 20 7078.1363 1e-05 0.959931088596881 4.38015309063005 0 5.91853615988791
19 40 21 7078.1363 1e-05 0.959931088596881 4.38015309063005 0 6.11488570073728
19 40 22 7078.1363 1e-05 0.959931088596881 4.38015309063005 0 6.31123524158664
19 40 23 7078.1363 1e-05 0.959931088596881 4.38015309063005 0 6.507584782436
19 40 24 7078.1363 1e-05 0.959931088596881 4.38015309063005 0 6.70393432328536
19 40 25 7078.1363 1e-05 0.959931088596881 4.38015309063005 0 6.90028386413472
19 40 26 7078.1363 1e-05 0.959931088596881 4.38015309063005 0 7.09663340498409
19 40 27 7078.1363 1e-05 0.959931088596881 4.38015309063005 0 7.29298294583345
19 40 28 7078.1363 1e-05 0.959931088596881 4.38015309063005 0 7.48933248668281
19 40 29 7078.1363 1e-05 0.959931088596881 4.38015309063005 0 7.68568202753217
19 40 30 7078.1363 1e-05 0.959931088596881 4.38015309063005 0 7.88203156838154
19 40 31 7078.1363 1e-05 0.959931088596881 4.38015309063005 0 8.0783811092309
19 40 32 7078.1363 1e-05 0.959931088596881 4.38015309063005 0 8.27473065008026
12 26 1 6863.1363 1e-05 0.959931088596881 4.38077642250577 0 1.99466200227923
12 26 2 6863.1363 1e-05 0.959931088596881 4.38077642250577 0 2.17418158248436
12 26 3 6863.1363 1e-05 0.959931088596881 4.38077642250577 0 2.3537011626895
12 26 4 6863.1363 1e-05 0.959931088596881 4.38077642250577 0 2.53322074289463
12 26 5 6863.1363 1e-05 0.959931088596881 4.38077642250577 0 2.71274032309976
12 26 6 6863.1363 1e-05 0.959931088596881 4.38077642250577 0 2.89225990330489
12 26 7 6863.1363 1e-05 0.959931088596881 4.38077642250577 0 3.07177948351002
12 26 8 6863.1363 1e-05 0.959931088596881 4.38077642250577 0 3.25129906371515
12 26 9 6863.1363 1e-05 0.959931088596881 4.38077642250577 0 3.43081864392028
12 26 10 6863.1363 1e-05 0.959931088596881 4.38077642250577 0 3.61033822412541
12 26 11 6863.1363 1e-05 0.959931088596881 4.38077642250577 0 3.78985780433054
12 26 12 6863.1363 1e-05 0.959931088596881 4.38077642250577 0 3.96937738453568
12 26 13 6863.1363 1e-05 0.959931088596881 4.38077642250577 0 4.14889696474081
12 26 14 6863.1363 1e-05 0.959931088596881 4.38077642250577 0 4.32841654494594
12 26 15 6863.1363 1e-05 0.959931088596881 4.38077642250577 0 4.50793612515107
12 26 16 6863.1363 1e-05 0.959931088596881 4.38077642250577 0 4.6874557053562
12 26 17 6863.1363 1e-05 0.959931088596881 4.38077642250577 0 4.86697528556133
12 26 18 6863.1363 1e-05 0.959931088596881 4.38077642250577 0 5.04649486576646
12 26 19 6863.1363 1e-05 0.959931088596881 4.38077642250577 0 5.22601444597159
12 26 20 6863.1363 1e-05 0.959931088596881 4.38077642250577 0 5.40553402617672
12 26 21 6863.1363 1e-05 0.959931088596881 4.38077642250577 0 5.58505360638185
12 26 22 6863.1363 1e-05 0.959931088596881 4.38077642250577 0 5.76457318658699
12 26 23 6863.1363 1e-05 0.959931088596881 4.38077642250577 0 5.94409276679212
12 26 24 6863.1363 1e-05 0.959931088596881 4.38077642250577 0 6.12361234699725
12 26 25 6863.1363 1e-05 0.959931088596881 4.38077642250577 0 6.30313192720238
12 26 26 6863.1363 1e-05 0.959931088596881 4.38077642250577 0 6.48265150740751
12 26 27 6863.1363 1e-05 0.959931088596881 4.38077642250577 0 6.66217108761264
12 26 28 6863.1363 1e-05 0.959931088596881 4.38077642250577 0 6.84169066781777
12 26 29 6863.1363 1e-05 0.959931088596881 4.38077642250577 0 7.0212102480229
12 26 30 6863.1363 1e-05 0.959931088596881 4.38077642250577 0 7.20072982822803
12 26 31 6863.1363 1e-05 0.959931088596881 4.38077642250577 0 7.38024940843316
12 26 32 6863.1363 1e-05 0.959931088596881 4.38077642250577 0 7.5597689886383
12 26 33 6863.1363 1e-05 0.959931088596881 4.38077642250577 0 7.73928856884343
12 26 34 6863.1363 1e-05 0.959931088596881 4.38077642250577 0 7.91880814904856
12 26 35 6863.1363 1e-05 0.959931088596881 4.38077642250577 0 8.09832772925369
16 26 1 6853.1363 1e-05 0.959931088596881 4.38950306876574 0 2.18166156499291
16 26 2 6853.1363 1e-05 0.959931088596881 4.38950306876574 0 2.3073252711365
16 26 3 6853.1363 1e-05 0.959931088596881 4.38950306876574 0 2.43298897728009
16 26 4 6853.1363 1e-05 0.959931088596881 4.38950306876574 0 2.55865268342369
16 26 5 6853.1363 1e-05 0.959931088596881 4.38950306876574 0 2.68431638956728
16 26 6 6853.1363 1e-05 0.959931088596881 4.38950306876574 0 2.80998009571087
16 26 7 6853.1363 1e-05 0.959931088596881 4.38950306876574 0 2.93564380185446
16 26 8 6853.1363 1e-05 0.959931088596881 4.38950306876574 0 3.06130750799805
16 26 9 6853.1363 1e-05 0.959931088596881 4.38950306876574 0 3.18697121414165
16 26 10 6853.1363 1e-05 0.959931088596881 4.38950306876574 0 3.31263492028524
16 26 11 6853.1363 1e-05 0.959931088596881 4.38950306876574 0 3.43829862642883
16 26 12 6853.1363 1e-05 0.959931088596881 4.38950306876574 0 3.56396233257242
16 26 13 6853.1363 1e-05 0.959931088596881 4.38950306876574 0 3.68962603871601
16 26 14 6853.1363 1e-05 0.959931088596881 4.38950306876574 0 3.8152897448596
16 26 15 6853.1363 1e-05 0.959931088596881 4.38950306876574 0 3.9409534510032
16 26 16 6853.1363 1e-05 0.959931088596881 4.38950306876574 0 4.06661715714679
16 26 17 6853.1363 1e-05 0.959931088596881 4.38950306876574 0 4.19228086329038
16 26 18 6853.1363 1e-05 0.959931088596881 4.38950306876574 0 4.31794456943397
16 26 19 6853.1363 1e-05 0.959931088596881 4.38950306876574 0 4.44360827557756
16 26 20 6853.1363 1e-05 0.959931088596881 4.38950306876574 0 4.56927198172115
16 26 21 6853.1363 1e-05 0.959931088596881 4.38950306876574 0 4.69493568786475
16 26 22 6853.1363 1e-05 0.959931088596881 4.38950306876574 0 4.82059939400834
16 26 23 6853.1363 1e-05 0.959931088596881 4.38950306876574 0 4.94626310015193
16 26 24 6853.1363 1e-05 0.959931088596881 4.38950306876574 0 5.07192680629552
16 26 25 6853.1363 1e-05 0.959931088596881 4.38950306876574 0 5.19759051243911
16 26 26 6853.1363 1e-05 0.959931088596881 4.38950306876574 0 5.32325421858271
16 26 27 6853.1363 1e-05 0.959931088596881 4.38950306876574 0 5.4489179247263
16 26 28 6853.1363 1e-05 0.959931088596881 4.38950306876574 0 5.57458163086989
16 26 29 6853.1363 1e-05 0.959931088596881 4.38950306876574 0 5.70024533701348
16 26 30 6853.1363 1e-05 0.959931088596881 4.38950306876574 0 5.82590904315707
16 26 31 6853.1363 1e-05 0.959931088596881 4.38950306876574 0 5.95157274930066
16 26 32 6853.1363 1e-05 0.959931088596881 4.38950306876574 0 6.07723645544426
16 26 33 6853.1363 1e-05 0.959931088596881 4.38950306876574 0 6.20290016158785
16 26 34 6853.1363 1e-05 0.959931088596881 4.38950306876574 0 6.32856386773144
16 26 35 6853.1363 1e-05 0.959931088596881 4.38950306876574 0 6.45422757387503
16 26 36 6853.1363 1e-05 0.959931088596881 4.38950306876574 0 6.57989128001862
16 26 37 6853.1363 1e-05 0.959931088596881 4.38950306876574 0 6.70555498616221
16 26 38 6853.1363 1e-05 0.959931088596881 4.38950306876574 0 6.83121869230581
16 26 39 6853.1363 1e-05 0.959931088596881 4.38950306876574 0 6.9568823984494
16 26 40 6853.1363 1e-05 0.959931088596881 4.38950306876574 0 7.08254610459299
16 26 41 6853.1363 1e-05 0.959931088596881 4.38950306876574 0 7.20820981073658
16 26 42 6853.1363 1e-05 0.959931088596881 4.38950306876574 0 7.33387351688017
16 26 43 6853.1363 1e-05 0.959931088596881 4.38950306876574 0 7.45953722302376
16 26 44 6853.1363 1e-05 0.959931088596881 4.38950306876574 0 7.58520092916736
16 26 45 6853.1363 1e-05 0.959931088596881 4.38950306876574 0 7.71086463531095
16 26 46 6853.1363 1e-05 0.959931088596881 4.38950306876574 0 7.83652834145454
16 26 47 6853.1363 1e-05 0.959931088596881 4.38950306876574 0 7.96219204759813
16 26 48 6853.1363 1e-05 0.959931088596881 4.38950306876574 0 8.08785575374172
16 26 49 6853.1363 1e-05 0.959931088596881 4.38950306876574 0 8.21351945988532
16 26 50 6853.1363 1e-05 0.959931088596881 4.38950306876574 0 8.33918316602891
13 22 1 6978.1363 1e-05 0.959931088596881 4.4331363000656 0 2.19911485751286
13 22 2 6978.1363 1e-05 0.959931088596881 4.4331363000656 0 2.40855436775217
13 22 3 6978.1363 1e-05 0.959931088596881 4.4331363000656 0 2.61799387799149
13 22 4 6978.1363 1e-05 0.959931088596881 4.4331363000656 0 2.82743338823081
13 22 5 6978.1363 1e-05 0.959931088596881 4.4331363000656 0 3.03687289847013
13 22 6 6978.1363 1e-05 0.959931088596881 4.4331363000656 0 3.24631240870945
13 22 7 6978.1363 1e-05 0.959931088596881 4.4331363000656 0 3.45575191894877
13 22 8 6978.1363 1e-05 0.959931088596881 4.4331363000656 0 3.66519142918809
13 22 9 6978.1363 1e-05 0.959931088596881 4.4331363000656 0 3.87463093942741
13 22 10 6978.1363 1e-05 0.959931088596881 4.4331363000656 0 4.08407044966673
13 22 11 6978.1363 1e-05 0.959931088596881 4.4331363000656 0 4.29350995990605
13 22 12 6978.1363 1e-05 0.959931088596881 4.4331363000656 0 4.50294947014537
13 22 13 6978.1363 1e-05 0.959931088596881 4.4331363000656 0 4.71238898038469
13 22 14 6978.1363 1e-05 0.959931088596881 4.4331363000656 0 4.92182849062401
13 22 15 6978.1363 1e-05 0.959931088596881 4.4331363000656 0 5.13126800086333
13 22 16 6978.1363 1e-05 0.959931088596881 4.4331363000656 0 5.34070751110265
13 22 17 6978.1363 1e-05 0.959931088596881 4.4331363000656 0 5.55014702134197
13 22 18 6978.1363 1e-05 0.959931088596881 4.4331363000656 0 5.75958653158129
13 22 19 6978.1363 1e-05 0.959931088596881 4.4331363000656 0 5.96902604182061
13 22 20 6978.1363 1e-05 0.959931088596881 4.4331363000656 0 6.17846555205993
13 22 21 6978.1363 1e-05 0.959931088596881 4.4331363000656 0 6.38790506229925
13 22 22 6978.1363 1e-05 0.959931088596881 4.4331363000656 0 6.59734457253857
13 22 23 6978.1363 1e-05 0.959931088596881 4.4331363000656 0 6.80678408277788
13 22 24 6978.1363 1e-05 0.959931088596881 4.4331363000656 0 7.0162235930172
13 22 25 6978.1363 1e-05 0.959931088596881 4.4331363000656 0 7.22566310325652
13 22 26 6978.1363 1e-05 0.959931088596881 4.4331363000656 0 7.43510261349584
13 22 27 6978.1363 1e-05 0.959931088596881 4.4331363000656 0 7.64454212373516
13 22 28 6978.1363 1e-05 0.959931088596881 4.4331363000656 0 7.85398163397448
13 22 29 6978.1363 1e-05 0.959931088596881 4.4331363000656 0 8.0634211442138
13 22 30 6978.1363 1e-05 0.959931088596881 4.4331363000656 0 8.27286065445312
19 41 1 7078.1363 1e-05 0.959931088596881 4.49235282825826 0 2.24399475256414
19 41 2 7078.1363 1e-05 0.959931088596881 4.49235282825826 0 2.4403442934135
19 41 3 7078.1363 1e-05 0.959931088596881 4.49235282825826 0 2.63669383426286
19 41 4 7078.1363 1e-05 0.959931088596881 4.49235282825826 0 2.83304337511222
19 41 5 7078.1363 1e-05 0.959931088596881 4.49235282825826 0 3.02939291596159
19 41 6 7078.1363 1e-05 0.959931088596881 4.49235282825826 0 3.22574245681095
19 41 7 7078.1363 1e-05 0.959931088596881 4.49235282825826 0 3.42209199766031
19 41 8 7078.1363 1e-05 0.959931088596881 4.49235282825826 0 3.61844153850967
19 41 9 7078.1363 1e-05 0.959931088596881 4.49235282825826 0 3.81479107935903
19 41 10 7078.1363 1e-05 0.959931088596881 4.49235282825826 0 4.0111406202084
19 41 11 7078.1363 1e-05 0.959931088596881 4.49235282825826 0 4.20749016105776
19 41 12 7078.1363 1e-05 0.959931088596881 4.49235282825826 0 4.40383970190712
19 41 13 7078.1363 1e-05 0.959931088596881 4.49235282825826 0 4.60018924275648
19 41 14 7078.1363 1e-05 0.959931088596881 4.49235282825826 0 4.79653878360585
19 41 15 7078.1363 1e-05 0.959931088596881 4.49235282825826 0 4.99288832445521
19 41 16 7078.1363 1e-05 0.959931088596881 4.49235282825826 0 5.18923786530457
19 41 17 7078.1363 1e-05 0.959931088596881 4.49235282825826 0 5.38558740615393
19 41 18 7078.1363 1e-05 0.959931088596881 4.49235282825826 0 5.58193694700329
19 41 19 7078.1363 1e-05 0.959931088596881 4.49235282825826 0 5.77828648785266
19 41 20 7078.1363 1e-05 0.959931088596881 4.49235282825826 0 5.97463602870202
19 41 21 7078.1363 1e-05 0.959931088596881 4.49235282825826 0 6.17098556955138
19 41 22 7078.1363 1e-05 0.959931088596881 4.49235282825826 0 6.36733511040074
19 41 23 7078.1363 1e-05 0.959931088596881 4.49235282825826 0 6.5636846512501
19 41 24 7078.1363 1e-05 0.959931088596881 4.49235282825826 0 6.76003419209947
19 41 25 7078.1363 1e-05 0.959931088596881 4.49235282825826 0 6.95638373294883
19 41 26 7078.1363 1e-05 0.959931088596881 4.49235282825826 0 7.15273327379819
19 41 27 7078.1363 1e-05 0.959931088596881 4.49235282825826 0 7.34908281464755
19 41 28 7078.1363 1e-05 0.959931088596881 4.49235282825826 0 7.54543235549691
19 41 29 7078.1363 1e-05 0.959931088596881 4.49235282825826 0 7.74178189634628
19 41 30 7078.1363 1e-05 0.959931088596881 4.49235282825826 0 7.93813143719564
19 41 31 7078.1363 1e-05 0.959931088596881 4.49235282825826 0 8.134480978045
19 41 32 7078.1363 1e-05 0.959931088596881 4.49235282825826 0 8.33083051889436
12 27 1 6863.1363 1e-05 0.959931088596881 4.5553093477052 0 2.0744484823704
12 27 2 6863.1363 1e-05 0.959931088596881 4.5553093477052 0 2.25396806257553
12 27 3 6863.1363 1e-05 0.959931088596881 4.5553093477052 0 2.43348764278067
12 27 4 6863.1363 1e-05 0.959931088596881 4.5553093477052 0 2.6130072229858
12 27 5 6863.1363 1e-05 0.959931088596881 4.5553093477052 0 2.79252680319093
12 27 6 6863.1363 1e-05 0.959931088596881 4.5553093477052 0 2.97204638339606
12 27 7 6863.1363 1e-05 0.959931088596881 4.5553093477052 0 3.15156596360119
12 27 8 6863.1363 1e-05 0.959931088596881 4.5553093477052 0 3.33108554380632
12 27 9 6863.1363 1e-05 0.959931088596881 4.5553093477052 0 3.51060512401145
12 27 10 6863.1363 1e-05 0.959931088596881 4.5553093477052 0 3.69012470421658
12 27 11 6863.1363 1e-05 0.959931088596881 4.5553093477052 0 3.86964428442171
12 27 12 6863.1363 1e-05 0.959931088596881 4.5553093477052 0 4.04916386462684
12 27 13 6863.1363 1e-05 0.959931088596881 4.5553093477052 0 4.22868344483198
12 27 14 6863.1363 1e-05 0.959931088596881 4.5553093477052 0 4.40820302503711
12 27 15 6863.1363 1e-05 0.959931088596881 4.5553093477052 0 4.58772260524224
12 27 16 6863.1363 1e-05 0.959931088596881 4.5553093477052 0 4.76724218544737
12 27 17 6863.1363 1e-05 0.959931088596881 4.5553093477052 0 4.9467617656525
12 27 18 6863.1363 1e-05 0.959931088596881 4.5553093477052 0 5.12628134585763
12 27 19 6863.1363 1e-05 0.959931088596881 4.5553093477052 0 5.30580092606276
12 27 20 6863.1363 1e-05 0.959931088596881 4.5553093477052 0 5.48532050626789
12 27 21 6863.1363 1e-05 0.959931088596881 4.5553093477052 0 5.66484008647302
12 27 22 6863.1363 1e-05 0.959931088596881 4.5553093477052 0 5.84435966667816
12 27 23 6863.1363 1e-05 0.959931088596881 4.5553093477052 0 6.02387924688329
12 27 24 6863.1363 1e-05 0.959931088596881 4.5553093477052 0 6.20339882708842
12 27 25 6863.1363 1e-05 0.959931088596881 4.5553093477052 0 6.38291840729355
12 27 26 6863.1363 1e-05 0.959931088596881 4.5553093477052 0 6.56243798749868
12 27 27 6863.1363 1e-05 0.959931088596881 4.5553093477052 0 6.74195756770381
12 27 28 6863.1363 1e-05 0.959931088596881 4.5553093477052 0 6.92147714790894
12 27 29 6863.1363 1e-05 0.959931088596881 4.5553093477052 0 7.10099672811407
12 27 30 6863.1363 1e-05 0.959931088596881 4.5553093477052 0 7.2805163083192
12 27 31 6863.1363 1e-05 0.959931088596881 4.5553093477052 0 7.46003588852433
12 27 32 6863.1363 1e-05 0.959931088596881 4.5553093477052 0 7.63955546872947
12 27 33 6863.1363 1e-05 0.959931088596881 4.5553093477052 0 7.8190750489346
12 27 34 6863.1363 1e-05 0.959931088596881 4.5553093477052 0 7.99859462913973
12 27 35 6863.1363 1e-05 0.959931088596881 4.5553093477052 0 8.17811420934486
16 27 1 6853.1363 1e-05 0.959931088596881 4.56403599396517 0 2.26892802759263
16 27 2 6853.1363 1e-05 0.959931088596881 4.56403599396517 0 2.39459173373622
16 27 3 6853.1363 1e-05 0.959931088596881 4.56403599396517 0 2.52025543987981
16 27 4 6853.1363 1e-05 0.959931088596881 4.56403599396517 0 2.6459191460234
16 27 5 6853.1363 1e-05 0.959931088596881 4.56403599396517 0 2.771582852167
16 27 6 6853.1363 1e-05 0.959931088596881 4.56403599396517 0 2.89724655831059
16 27 7 6853.1363 1e-05 0.959931088596881 4.56403599396517 0 3.02291026445418
16 27 8 6853.1363 1e-05 0.959931088596881 4.56403599396517 0 3.14857397059777
16 27 9 6853.1363 1e-05 0.959931088596881 4.56403599396517 0 3.27423767674136
16 27 10 6853.1363 1e-05 0.959931088596881 4.56403599396517 0 3.39990138288495
16 27 11 6853.1363 1e-05 0.959931088596881 4.56403599396517 0 3.52556508902855
16 27 12 6853.1363 1e-05 0.959931088596881 4.56403599396517 0 3.65122879517214
16 27 13 6853.1363 1e-05 0.959931088596881 4.56403599396517 0 3.77689250131573
16 27 14 6853.1363 1e-05 0.959931088596881 4.56403599396517 0 3.90255620745932
16 27 15 6853.1363 1e-05 0.959931088596881 4.56403599396517 0 4.02821991360291
16 27 16 6853.1363 1e-05 0.959931088596881 4.56403599396517 0 4.1538836197465
16 27 17 6853.1363 1e-05 0.959931088596881 4.56403599396517 0 4.2795473258901
16 27 18 6853.1363 1e-05 0.959931088596881 4.56403599396517 0 4.40521103203369
16 27 19 6853.1363 1e-05 0.959931088596881 4.56403599396517 0 4.53087473817728
16 27 20 6853.1363 1e-05 0.959931088596881 4.56403599396517 0 4.65653844432087
16 27 21 6853.1363 1e-05 0.959931088596881 4.56403599396517 0 4.78220215046446
16 27 22 6853.1363 1e-05 0.959931088596881 4.56403599396517 0 4.90786585660805
16 27 23 6853.1363 1e-05 0.959931088596881 4.56403599396517 0 5.03352956275165
16 27 24 6853.1363 1e-05 0.959931088596881 4.56403599396517 0 5.15919326889524
16 27 25 6853.1363 1e-05 0.959931088596881 4.56403599396517 0 5.28485697503883
16 27 26 6853.1363 1e-05 0.959931088596881 4.56403599396517 0 5.41052068118242
16 27 27 6853.1363 1e-05 0.959931088596881 4.56403599396517 0 5.53618438732601
16 27 28 6853.1363 1e-05 0.959931088596881 4.56403599396517 0 5.66184809346961
16 27 29 6853.1363 1e-05 0.959931088596881 4.56403599396517 0 5.7875117996132
16 27 30 6853.1363 1e-05 0.959931088596881 4.56403599396517 0 5.91317550575679
16 27 31 6853.1363 1e-05 0.959931088596881 4.56403599396517 0 6.03883921190038
16 27 32 6853.1363 1e-05 0.959931088596881 4.56403599396517 0 6.16450291804397
16 27 33 6853.1363 1e-05 0.959931088596881 4.56403599396517 0 6.29016662418756
16 27 34 6853.1363 1e-05 0.959931088596881 4.56403599396517 0 6.41583033033116
16 27 35 6853.1363 1e-05 0.959931088596881 4.56403599396517 0 6.54149403647475
16 27 36 6853.1363 1e-05 0.959931088596881 4.56403599396517 0 6.66715774261834
16 27 37 6853.1363 1e-05 0.959931088596881 4.56403599396517 0 6.79282144876193
16 27 38 6853.1363 1e-05 0.959931088596881 4.56403599396517 0 6.91848515490552
16 27 39 6853.1363 1e-05 0.959931088596881 4.56403599396517 0 7.04414886104911
16 27 40 6853.1363 1e-05 0.959931088596881 4.56403599396517 0 7.16981256719271
16 27 41 6853.1363 1e-05 0.959931088596881 4.56403599396517 0 7.2954762733363
16 27 42 6853.1363 1e-05 0.959931088596881 4.56403599396517 0 7.42113997947989
16 27 43 6853.1363 1e-05 0.959931088596881 4.56403599396517 0 7.54680368562348
16 27 44 6853.1363 1e-05 0.959931088596881 4.56403599396517 0 7.67246739176707
16 27 45 6853.1363 1e-05 0.959931088596881 4.56403599396517 0 7.79813109791067
16 27 46 6853.1363 1e-05 0.959931088596881 4.56403599396517 0 7.92379480405426
16 27 47 6853.1363 1e-05 0.959931088596881 4.56403599396517 0 8.04945851019785
16 27 48 6853.1363 1e-05 0.959931088596881 4.56403599396517 0 8.17512221634144
16 27 49 6853.1363 1e-05 0.959931088596881 4.56403599396517 0 8.30078592248503
16 27 50 6853.1363 1e-05 0.959931088596881 4.56403599396517 0 8.42644962862862
19 42 1 7078.1363 1e-05 0.959931088596881 4.60455256588647 0 2.30009462137824
19 42 2 7078.1363 1e-05 0.959931088596881 4.60455256588647 0 2.4964441622276
19 42 3 7078.1363 1e-05 0.959931088596881 4.60455256588647 0 2.69279370307697
19 42 4 7078.1363 1e-05 0.959931088596881 4.60455256588647 0 2.88914324392633
19 42 5 7078.1363 1e-05 0.959931088596881 4.60455256588647 0 3.08549278477569
19 42 6 7078.1363 1e-05 0.959931088596881 4.60455256588647 0 3.28184232562505
19 42 7 7078.1363 1e-05 0.959931088596881 4.60455256588647 0 3.47819186647441
19 42 8 7078.1363 1e-05 0.959931088596881 4.60455256588647 0 3.67454140732378
19 42 9 7078.1363 1e-05 0.959931088596881 4.60455256588647 0 3.87089094817314
19 42 10 7078.1363 1e-05 0.959931088596881 4.60455256588647 0 4.0672404890225
19 42 11 7078.1363 1e-05 0.959931088596881 4.60455256588647 0 4.26359002987186
19 42 12 7078.1363 1e-05 0.959931088596881 4.60455256588647 0 4.45993957072122
19 42 13 7078.1363 1e-05 0.959931088596881 4.60455256588647 0 4.65628911157059
19 42 14 7078.1363 1e-05 0.959931088596881 4.60455256588647 0 4.85263865241995
19 42 15 7078.1363 1e-05 0.959931088596881 4.60455256588647 0 5.04898819326931
19 42 16 7078.1363 1e-05 0.959931088596881 4.60455256588647 0 5.24533773411867
19 42 17 7078.1363 1e-05 0.959931088596881 4.60455256588647 0 5.44168727496803
19 42 18 7078.1363 1e-05 0.959931088596881 4.60455256588647 0 5.6380368158174
19 42 19 7078.1363 1e-05 0.959931088596881 4.60455256588647 0 5.83438635666676
19 42 20 7078.1363 1e-05 0.959931088596881 4.60455256588647 0 6.03073589751612
19 42 21 7078.1363 1e-05 0.959931088596881 4.60455256588647 0 6.22708543836548
19 42 22 7078.1363 1e-05 0.959931088596881 4.60455256588647 0 6.42343497921484
19 42 23 7078.1363 1e-05 0.959931088596881 4.60455256588647 0 6.61978452006421
19 42 24 7078.1363 1e-05 0.959931088596881 4.60455256588647 0 6.81613406091357
19 42 25 7078.1363 1e-05 0.959931088596881 4.60455256588647 0 7.01248360176293
19 42 26 7078.1363 1e-05 0.959931088596881 4.60455256588647 0 7.20883314261229
19 42 27 7078.1363 1e-05 0.959931088596881 4.60455256588647 0 7.40518268346166
19 42 28 7078.1363 1e-05 0.959931088596881 4.60455256588647 0 7.60153222431102
19 42 29 7078.1363 1e-05 0.959931088596881 4.60455256588647 0 7.79788176516038
19 42 30 7078.1363 1e-05 0.959931088596881 4.60455256588647 0 7.99423130600974
19 42 31 7078.1363 1e-05 0.959931088596881 4.60455256588647 0 8.1905808468591
19 42 32 7078.1363 1e-05 0.959931088596881 4.60455256588647 0 8.38693038770847
13 23 1 6978.1363 1e-05 0.959931088596881 4.64257581030492 0 2.30383461263251
13 23 2 6978.1363 1e-05 0.959931088596881 4.64257581030492 0 2.51327412287183
13 23 3 6978.1363 1e-05 0.959931088596881 4.64257581030492 0 2.72271363311115
13 23 4 6978.1363 1e-05 0.959931088596881 4.64257581030492 0 2.93215314335047
13 23 5 6978.1363 1e-05 0.959931088596881 4.64257581030492 0 3.14159265358979
13 23 6 6978.1363 1e-05 0.959931088596881 4.64257581030492 0 3.35103216382911
13 23 7 6978.1363 1e-05 0.959931088596881 4.64257581030492 0 3.56047167406843
13 23 8 6978.1363 1e-05 0.959931088596881 4.64257581030492 0 3.76991118430775
13 23 9 6978.1363 1e-05 0.959931088596881 4.64257581030492 0 3.97935069454707
13 23 10 6978.1363 1e-05 0.959931088596881 4.64257581030492 0 4.18879020478639
13 23 11 6978.1363 1e-05 0.959931088596881 4.64257581030492 0 4.39822971502571
13 23 12 6978.1363 1e-05 0.959931088596881 4.64257581030492 0 4.60766922526503
13 23 13 6978.1363 1e-05 0.959931088596881 4.64257581030492 0 4.81710873550435
13 23 14 6978.1363 1e-05 0.959931088596881 4.64257581030492 0 5.02654824574367
13 23 15 6978.1363 1e-05 0.959931088596881 4.64257581030492 0 5.23598775598299
13 23 16 6978.1363 1e-05 0.959931088596881 4.64257581030492 0 5.44542726622231
13 23 17 6978.1363 1e-05 0.959931088596881 4.64257581030492 0 5.65486677646163
13 23 18 6978.1363 1e-05 0.959931088596881 4.64257581030492 0 5.86430628670095
13 23 19 6978.1363 1e-05 0.959931088596881 4.64257581030492 0 6.07374579694027
13 23 20 6978.1363 1e-05 0.959931088596881 4.64257581030492 0 6.28318530717959
13 23 21 6978.1363 1e-05 0.959931088596881 4.64257581030492 0 6.49262481741891
13 23 22 6978.1363 1e-05 0.959931088596881 4.64257581030492 0 6.70206432765823
13 23 23 6978.1363 1e-05 0.959931088596881 4.64257581030492 0 6.91150383789754
13 23 24 6978.1363 1e-05 0.959931088596881 4.64257581030492 0 7.12094334813686
13 23 25 6978.1363 1e-05 0.959931088596881 4.64257581030492 0 7.33038285837618
13 23 26 6978.1363 1e-05 0.959931088596881 4.64257581030492 0 7.5398223686155
13 23 27 6978.1363 1e-05 0.959931088596881 4.64257581030492 0 7.74926187885482
13 23 28 6978.1363 1e-05 0.959931088596881 4.64257581030492 0 7.95870138909414
13 23 29 6978.1363 1e-05 0.959931088596881 4.64257581030492 0 8.16814089933346
13 23 30 6978.1363 1e-05 0.959931088596881 4.64257581030492 0 8.37758040957278
19 43 1 7078.1363 1e-05 0.959931088596881 4.71675230351468 0 2.35619449019234
19 43 2 7078.1363 1e-05 0.959931088596881 4.71675230351468 0 2.55254403104171
19 43 3 7078.1363 1e-05 0.959931088596881 4.71675230351468 0 2.74889357189107
19 43 4 7078.1363 1e-05 0.959931088596881 4.71675230351468 0 2.94524311274043
19 43 5 7078.1363 1e-05 0.959931088596881 4.71675230351468 0 3.14159265358979
19 43 6 7078.1363 1e-05 0.959931088596881 4.71675230351468 0 3.33794219443916
19 43 7 7078.1363 1e-05 0.959931088596881 4.71675230351468 0 3.53429173528852
19 43 8 7078.1363 1e-05 0.959931088596881 4.71675230351468 0 3.73064127613788
19 43 9 7078.1363 1e-05 0.959931088596881 4.71675230351468 0 3.92699081698724
19 43 10 7078.1363 1e-05 0.959931088596881 4.71675230351468 0 4.1233403578366
19 43 11 7078.1363 1e-05 0.959931088596881 4.71675230351468 0 4.31968989868597
19 43 12 7078.1363 1e-05 0.959931088596881 4.71675230351468 0 4.51603943953533
19 43 13 7078.1363 1e-05 0.959931088596881 4.71675230351468 0 4.71238898038469
19 43 14 7078.1363 1e-05 0.959931088596881 4.71675230351468 0 4.90873852123405
19 43 15 7078.1363 1e-05 0.959931088596881 4.71675230351468 0 5.10508806208341
19 43 16 7078.1363 1e-05 0.959931088596881 4.71675230351468 0 5.30143760293278
19 43 17 7078.1363 1e-05 0.959931088596881 4.71675230351468 0 5.49778714378214
19 43 18 7078.1363 1e-05 0.959931088596881 4.71675230351468 0 5.6941366846315
19 43 19 7078.1363 1e-05 0.959931088596881 4.71675230351468 0 5.89048622548086
19 43 20 7078.1363 1e-05 0.959931088596881 4.71675230351468 0 6.08683576633022
19 43 21 7078.1363 1e-05 0.959931088596881 4.71675230351468 0 6.28318530717959
19 43 22 7078.1363 1e-05 0.959931088596881 4.71675230351468 0 6.47953484802895
19 43 23 7078.1363 1e-05 0.959931088596881 4.71675230351468 0 6.67588438887831
19 43 24 7078.1363 1e-05 0.959931088596881 4.71675230351468 0 6.87223392972767
19 43 25 7078.1363 1e-05 0.959931088596881 4.71675230351468 0 7.06858347057703
19 43 26 7078.1363 1e-05 0.959931088596881 4.71675230351468 0 7.2649330114264
19 43 27 7078.1363 1e-05 0.959931088596881 4.71675230351468 0 7.46128255227576
19 43 28 7078.1363 1e-05 0.959931088596881 4.71675230351468 0 7.65763209312512
19 43 29 7078.1363 1e-05 0.959931088596881 4.71675230351468 0 7.85398163397448
19 43 30 7078.1363 1e-05 0.959931088596881 4.71675230351468 0 8.05033117482385
19 43 31 7078.1363 1e-05 0.959931088596881 4.71675230351468 0 8.24668071567321
19 43 32 7078.1363 1e-05 0.959931088596881 4.71675230351468 0 8.44303025652257
12 28 1 6863.1363 1e-05 0.959931088596881 4.72984227290463 0 2.15423496246157
12 28 2 6863.1363 1e-05 0.959931088596881 4.72984227290463 0 2.3337545426667
12 28 3 6863.1363 1e-05 0.959931088596881 4.72984227290463 0 2.51327412287183
12 28 4 6863.1363 1e-05 0.959931088596881 4.72984227290463 0 2.69279370307697
12 28 5 6863.1363 1e-05 0.959931088596881 4.72984227290463 0 2.8723132832821
12 28 6 6863.1363 1e-05 0.959931088596881 4.72984227290463 0 3.05183286348723
12 28 7 6863.1363 1e-05 0.959931088596881 4.72984227290463 0 3.23135244369236
12 28 8 6863.1363 1e-05 0.959931088596881 4.72984227290463 0 3.41087202389749
12 28 9 6863.1363 1e-05 0.959931088596881 4.72984227290463 0 3.59039160410262
12 28 10 6863.1363 1e-05 0.959931088596881 4.72984227290463 0 3.76991118430775
12 28 11 6863.1363 1e-05 0.959931088596881 4.72984227290463 0 3.94943076451288
12 28 12 6863.1363 1e-05 0.959931088596881 4.72984227290463 0 4.12895034471801
12 28 13 6863.1363 1e-05 0.959931088596881 4.72984227290463 0 4.30846992492314
12 28 14 6863.1363 1e-05 0.959931088596881 4.72984227290463 0 4.48798950512828
12 28 15 6863.1363 1e-05 0.959931088596881 4.72984227290463 0 4.66750908533341
12 28 16 6863.1363 1e-05 0.959931088596881 4.72984227290463 0 4.84702866553854
12 28 17 6863.1363 1e-05 0.959931088596881 4.72984227290463 0 5.02654824574367
12 28 18 6863.1363 1e-05 0.959931088596881 4.72984227290463 0 5.2060678259488
12 28 19 6863.1363 1e-05 0.959931088596881 4.72984227290463 0 5.38558740615393
12 28 20 6863.1363 1e-05 0.959931088596881 4.72984227290463 0 5.56510698635906
12 28 21 6863.1363 1e-05 0.959931088596881 4.72984227290463 0 5.74462656656419
12 28 22 6863.1363 1e-05 0.959931088596881 4.72984227290463 0 5.92414614676932
12 28 23 6863.1363 1e-05 0.959931088596881 4.72984227290463 0 6.10366572697446
12 28 24 6863.1363 1e-05 0.959931088596881 4.72984227290463 0 6.28318530717959
12 28 25 6863.1363 1e-05 0.959931088596881 4.72984227290463 0 6.46270488738472
12 28 26 6863.1363 1e-05 0.959931088596881 4.72984227290463 0 6.64222446758985
12 28 27 6863.1363 1e-05 0.959931088596881 4.72984227290463 0 6.82174404779498
12 28 28 6863.1363 1e-05 0.959931088596881 4.72984227290463 0 7.00126362800011
12 28 29 6863.1363 1e-05 0.959931088596881 4.72984227290463 0 7.18078320820524
12 28 30 6863.1363 1e-05 0.959931088596881 4.72984227290463 0 7.36030278841037
12 28 31 6863.1363 1e-05 0.959931088596881 4.72984227290463 0 7.5398223686155
12 28 32 6863.1363 1e-05 0.959931088596881 4.72984227290463 0 7.71934194882063
12 28 33 6863.1363 1e-05 0.959931088596881 4.72984227290463 0 7.89886152902577
12 28 34 6863.1363 1e-05 0.959931088596881 4.72984227290463 0 8.0783811092309
12 28 35 6863.1363 1e-05 0.959931088596881 4.72984227290463 0 8.25790068943603
16 28 1 6853.1363 1e-05 0.959931088596881 4.7385689191646 0 2.35619449019234
16 28 2 6853.1363 1e-05 0.959931088596881 4.7385689191646 0 2.48185819633594
16 28 3 6853.1363 1e-05 0.959931088596881 4.7385689191646 0 2.60752190247953
16 28 4 6853.1363 1e-05 0.959931088596881 4.7385689191646 0 2.73318560862312
16 28 5 6853.1363 1e-05 0.959931088596881 4.7385689191646 0 2.85884931476671
16 28 6 6853.1363 1e-05 0.959931088596881 4.7385689191646 0 2.9845130209103
16 28 7 6853.1363 1e-05 0.959931088596881 4.7385689191646 0 3.1101767270539
16 28 8 6853.1363 1e-05 0.959931088596881 4.7385689191646 0 3.23584043319749
16 28 9 6853.1363 1e-05 0.959931088596881 4.7385689191646 0 3.36150413934108
16 28 10 6853.1363 1e-05 0.959931088596881 4.7385689191646 0 3.48716784548467
16 28 11 6853.1363 1e-05 0.959931088596881 4.7385689191646 0 3.61283155162826
16 28 12 6853.1363 1e-05 0.959931088596881 4.7385689191646 0 3.73849525777185
16 28 13 6853.1363 1e-05 0.959931088596881 4.7385689191646 0 3.86415896391545
16 28 14 6853.1363 1e-05 0.959931088596881 4.7385689191646 0 3.98982267005904
16 28 15 6853.1363 1e-05 0.959931088596881 4.7385689191646 0 4.11548637620263
16 28 16 6853.1363 1e-05 0.959931088596881 4.7385689191646 0 4.24115008234622
16 28 17 6853.1363 1e-05 0.959931088596881 4.7385689191646 0 4.36681378848981
16 28 18 6853.1363 1e-05 0.959931088596881 4.7385689191646 0 4.4924774946334
16 28 19 6853.1363 1e-05 0.959931088596881 4.7385689191646 0 4.618141200777
16 28 20 6853.1363 1e-05 0.959931088596881 4.7385689191646 0 4.74380490692059
16 28 21 6853.1363 1e-05 0.959931088596881 4.7385689191646 0 4.86946861306418
16 28 22 6853.1363 1e-05 0.959931088596881 4.7385689191646 0 4.99513231920777
16 28 23 6853.1363 1e-05 0.959931088596881 4.7385689191646 0 5.12079602535136
16 28 24 6853.1363 1e-05 0.959931088596881 4.7385689191646 0 5.24645973149496
16 28 25 6853.1363 1e-05 0.959931088596881 4.7385689191646 0 5.37212343763855
16 28 26 6853.1363 1e-05 0.959931088596881 4.7385689191646 0 5.49778714378214
16 28 27 6853.1363 1e-05 0.959931088596881 4.7385689191646 0 5.62345084992573
16 28 28 6853.1363 1e-05 0.959931088596881 4.7385689191646 0 5.74911455606932
16 28 29 6853.1363 1e-05 0.959931088596881 4.7385689191646 0 5.87477826221291
16 28 30 6853.1363 1e-05 0.959931088596881 4.7385689191646 0 6.0004419683565
16 28 31 6853.1363 1e-05 0.959931088596881 4.7385689191646 0 6.1261056745001
16 28 32 6853.1363 1e-05 0.959931088596881 4.7385689191646 0 6.25176938064369
16 28 33 6853.1363 1e-05 0.959931088596881 4.7385689191646 0 6.37743308678728
16 28 34 6853.1363 1e-05 0.959931088596881 4.7385689191646 0 6.50309679293087
16 28 35 6853.1363 1e-05 0.959931088596881 4.7385689191646 0 6.62876049907446
16 28 36 6853.1363 1e-05 0.959931088596881 4.7385689191646 0 6.75442420521806
16 28 37 6853.1363 1e-05 0.959931088596881 4.7385689191646 0 6.88008791136165
16 28 38 6853.1363 1e-05 0.959931088596881 4.7385689191646 0 7.00575161750524
16 28 39 6853.1363 1e-05 0.959931088596881 4.7385689191646 0 7.13141532364883
16 28 40 6853.1363 1e-05 0.959931088596881 4.7385689191646 0 7.25707902979242
16 28 41 6853.1363 1e-05 0.959931088596881 4.7385689191646 0 7.38274273593601
16 28 42 6853.1363 1e-05 0.959931088596881 4.7385689191646 0 7.50840644207961
16 28 43 6853.1363 1e-05 0.959931088596881 4.7385689191646 0 7.6340701482232
16 28 44 6853.1363 1e-05 0.959931088596881 4.7385689191646 0 7.75973385436679
16 28 45 6853.1363 1e-05 0.959931088596881 4.7385689191646 0 7.88539756051038
16 28 46 6853.1363 1e-05 0.959931088596881 4.7385689191646 0 8.01106126665397
16 28 47 6853.1363 1e-05 0.959931088596881 4.7385689191646 0 8.13672497279756
16 28 48 6853.1363 1e-05 0.959931088596881 4.7385689191646 0 8.26238867894116
16 28 49 6853.1363 1e-05 0.959931088596881 4.7385689191646 0 8.38805238508475
16 28 50 6853.1363 1e-05 0.959931088596881 4.7385689191646 0 8.51371609122834
19 44 1 7078.1363 1e-05 0.959931088596881 4.82895204114288 0 2.41229435900645
19 44 2 7078.1363 1e-05 0.959931088596881 4.82895204114288 0 2.60864389985581
19 44 3 7078.1363 1e-05 0.959931088596881 4.82895204114288 0 2.80499344070517
19 44 4 7078.1363 1e-05 0.959931088596881 4.82895204114288 0 3.00134298155453
19 44 5 7078.1363 1e-05 0.959931088596881 4.82895204114288 0 3.1976925224039
19 44 6 7078.1363 1e-05 0.959931088596881 4.82895204114288 0 3.39404206325326
19 44 7 7078.1363 1e-05 0.959931088596881 4.82895204114288 0 3.59039160410262
19 44 8 7078.1363 1e-05 0.959931088596881 4.82895204114288 0 3.78674114495198
19 44 9 7078.1363 1e-05 0.959931088596881 4.82895204114288 0 3.98309068580134
19 44 10 7078.1363 1e-05 0.959931088596881 4.82895204114288 0 4.17944022665071
19 44 11 7078.1363 1e-05 0.959931088596881 4.82895204114288 0 4.37578976750007
19 44 12 7078.1363 1e-05 0.959931088596881 4.82895204114288 0 4.57213930834943
19 44 13 7078.1363 1e-05 0.959931088596881 4.82895204114288 0 4.76848884919879
19 44 14 7078.1363 1e-05 0.959931088596881 4.82895204114288 0 4.96483839004816
19 44 15 7078.1363 1e-05 0.959931088596881 4.82895204114288 0 5.16118793089752
19 44 16 7078.1363 1e-05 0.959931088596881 4.82895204114288 0 5.35753747174688
19 44 17 7078.1363 1e-05 0.959931088596881 4.82895204114288 0 5.55388701259624
19 44 18 7078.1363 1e-05 0.959931088596881 4.82895204114288 0 5.7502365534456
19 44 19 7078.1363 1e-05 0.959931088596881 4.82895204114288 0 5.94658609429497
19 44 20 7078.1363 1e-05 0.959931088596881 4.82895204114288 0 6.14293563514433
19 44 21 7078.1363 1e-05 0.959931088596881 4.82895204114288 0 6.33928517599369
19 44 22 7078.1363 1e-05 0.959931088596881 4.82895204114288 0 6.53563471684305
19 44 23 7078.1363 1e-05 0.959931088596881 4.82895204114288 0 6.73198425769241
19 44 24 7078.1363 1e-05 0.959931088596881 4.82895204114288 0 6.92833379854178
19 44 25 7078.1363 1e-05 0.959931088596881 4.82895204114288 0 7.12468333939114
19 44 26 7078.1363 1e-05 0.959931088596881 4.82895204114288 0 7.3210328802405
19 44 27 7078.1363 1e-05 0.959931088596881 4.82895204114288 0 7.51738242108986
19 44 28 7078.1363 1e-05 0.959931088596881 4.82895204114288 0 7.71373196193922
19 44 29 7078.1363 1e-05 0.959931088596881 4.82895204114288 0 7.91008150278859
19 44 30 7078.1363 1e-05 0.959931088596881 4.82895204114288 0 8.10643104363795
19 44 31 7078.1363 1e-05 0.959931088596881 4.82895204114288 0 8.30278058448731
19 44 32 7078.1363 1e-05 0.959931088596881 4.82895204114288 0 8.49913012533667
13 24 1 6978.1363 1e-05 0.959931088596881 4.85201532054424 0 2.40855436775218
13 24 2 6978.1363 1e-05 0.959931088596881 4.85201532054424 0 2.61799387799149
13 24 3 6978.1363 1e-05 0.959931088596881 4.85201532054424 0 2.82743338823081
13 24 4 6978.1363 1e-05 0.959931088596881 4.85201532054424 0 3.03687289847013
13 24 5 6978.1363 1e-05 0.959931088596881 4.85201532054424 0 3.24631240870945
13 24 6 6978.1363 1e-05 0.959931088596881 4.85201532054424 0 3.45575191894877
13 24 7 6978.1363 1e-05 0.959931088596881 4.85201532054424 0 3.66519142918809
13 24 8 6978.1363 1e-05 0.959931088596881 4.85201532054424 0 3.87463093942741
13 24 9 6978.1363 1e-05 0.959931088596881 4.85201532054424 0 4.08407044966673
13 24 10 6978.1363 1e-05 0.959931088596881 4.85201532054424 0 4.29350995990605
13 24 11 6978.1363 1e-05 0.959931088596881 4.85201532054424 0 4.50294947014537
13 24 12 6978.1363 1e-05 0.959931088596881 4.85201532054424 0 4.71238898038469
13 24 13 6978.1363 1e-05 0.959931088596881 4.85201532054424 0 4.92182849062401
13 24 14 6978.1363 1e-05 0.959931088596881 4.85201532054424 0 5.13126800086333
13 24 15 6978.1363 1e-05 0.959931088596881 4.85201532054424 0 5.34070751110265
13 24 16 6978.1363 1e-05 0.959931088596881 4.85201532054424 0 5.55014702134197
13 24 17 6978.1363 1e-05 0.959931088596881 4.85201532054424 0 5.75958653158129
13 24 18 6978.1363 1e-05 0.959931088596881 4.85201532054424 0 5.96902604182061
13 24 19 6978.1363 1e-05 0.959931088596881 4.85201532054424 0 6.17846555205993
13 24 20 6978.1363 1e-05 0.959931088596881 4.85201532054424 0 6.38790506229925
13 24 21 6978.1363 1e-05 0.959931088596881 4.85201532054424 0 6.59734457253857
13 24 22 6978.1363 1e-05 0.959931088596881 4.85201532054424 0 6.80678408277789
13 24 23 6978.1363 1e-05 0.959931088596881 4.85201532054424 0 7.0162235930172
13 24 24 6978.1363 1e-05 0.959931088596881 4.85201532054424 0 7.22566310325652
13 24 25 6978.1363 1e-05 0.959931088596881 4.85201532054424 0 7.43510261349584
13 24 26 6978.1363 1e-05 0.959931088596881 4.85201532054424 0 7.64454212373516
13 24 27 6978.1363 1e-05 0.959931088596881 4.85201532054424 0 7.85398163397448
13 24 28 6978.1363 1e-05 0.959931088596881 4.85201532054424 0 8.0634211442138
13 24 29 6978.1363 1e-05 0.959931088596881 4.85201532054424 0 8.27286065445312
13 24 30 6978.1363 1e-05 0.959931088596881 4.85201532054424 0 8.48230016469244
12 29 1 6863.1363 1e-05 0.959931088596881 4.90437519810407 0 2.23402144255274
12 29 2 6863.1363 1e-05 0.959931088596881 4.90437519810407 0 2.41354102275787
12 29 3 6863.1363 1e-05 0.959931088596881 4.90437519810407 0 2.593060602963
12 29 4 6863.1363 1e-05 0.959931088596881 4.90437519810407 0 2.77258018316813
12 29 5 6863.1363 1e-05 0.959931088596881 4.90437519810407 0 2.95209976337327
12 29 6 6863.1363 1e-05 0.959931088596881 4.90437519810407 0 3.1316193435784
12 29 7 6863.1363 1e-05 0.959931088596881 4.90437519810407 0 3.31113892378353
12 29 8 6863.1363 1e-05 0.959931088596881 4.90437519810407 0 3.49065850398866
12 29 9 6863.1363 1e-05 0.959931088596881 4.90437519810407 0 3.67017808419379
12 29 10 6863.1363 1e-05 0.959931088596881 4.90437519810407 0 3.84969766439892
12 29 11 6863.1363 1e-05 0.959931088596881 4.90437519810407 0 4.02921724460405
12 29 12 6863.1363 1e-05 0.959931088596881 4.90437519810407 0 4.20873682480918
12 29 13 6863.1363 1e-05 0.959931088596881 4.90437519810407 0 4.38825640501431
12 29 14 6863.1363 1e-05 0.959931088596881 4.90437519810407 0 4.56777598521944
12 29 15 6863.1363 1e-05 0.959931088596881 4.90437519810407 0 4.74729556542458
12 29 16 6863.1363 1e-05 0.959931088596881 4.90437519810407 0 4.92681514562971
12 29 17 6863.1363 1e-05 0.959931088596881 4.90437519810407 0 5.10633472583484
12 29 18 6863.1363 1e-05 0.959931088596881 4.90437519810407 0 5.28585430603997
12 29 19 6863.1363 1e-05 0.959931088596881 4.90437519810407 0 5.4653738862451
12 29 20 6863.1363 1e-05 0.959931088596881 4.90437519810407 0 5.64489346645023
12 29 21 6863.1363 1e-05 0.959931088596881 4.90437519810407 0 5.82441304665536
12 29 22 6863.1363 1e-05 0.959931088596881 4.90437519810407 0 6.00393262686049
12 29 23 6863.1363 1e-05 0.959931088596881 4.90437519810407 0 6.18345220706562
12 29 24 6863.1363 1e-05 0.959931088596881 4.90437519810407 0 6.36297178727076
12 29 25 6863.1363 1e-05 0.959931088596881 4.90437519810407 0 6.54249136747589
12 29 26 6863.1363 1e-05 0.959931088596881 4.90437519810407 0 6.72201094768102
12 29 27 6863.1363 1e-05 0.959931088596881 4.90437519810407 0 6.90153052788615
12 29 28 6863.1363 1e-05 0.959931088596881 4.90437519810407 0 7.08105010809128
12 29 29 6863.1363 1e-05 0.959931088596881 4.90437519810407 0 7.26056968829641
12 29 30 6863.1363 1e-05 0.959931088596881 4.90437519810407 0 7.44008926850154
12 29 31 6863.1363 1e-05 0.959931088596881 4.90437519810407 0 7.61960884870667
12 29 32 6863.1363 1e-05 0.959931088596881 4.90437519810407 0 7.7991284289118
12 29 33 6863.1363 1e-05 0.959931088596881 4.90437519810407 0 7.97864800911693
12 29 34 6863.1363 1e-05 0.959931088596881 4.90437519810407 0 8.15816758932207
12 29 35 6863.1363 1e-05 0.959931088596881 4.90437519810407 0 8.3376871695272
16 29 1 6853.1363 1e-05 0.959931088596881 4.91310184436404 0 2.44346095279206
16 29 2 6853.1363 1e-05 0.959931088596881 4.91310184436404 0 2.56912465893565
16 29 3 6853.1363 1e-05 0.959931088596881 4.91310184436404 0 2.69478836507924
16 29 4 6853.1363 1e-05 0.959931088596881 4.91310184436404 0 2.82045207122284
16 29 5 6853.1363 1e-05 0.959931088596881 4.91310184436404 0 2.94611577736643
16 29 6 6853.1363 1e-05 0.959931088596881 4.91310184436404 0 3.07177948351002
16 29 7 6853.1363 1e-05 0.959931088596881 4.91310184436404 0 3.19744318965361
16 29 8 6853.1363 1e-05 0.959931088596881 4.91310184436404 0 3.3231068957972
16 29 9 6853.1363 1e-05 0.959931088596881 4.91310184436404 0 3.4487706019408
16 29 10 6853.1363 1e-05 0.959931088596881 4.91310184436404 0 3.57443430808439
16 29 11 6853.1363 1e-05 0.959931088596881 4.91310184436404 0 3.70009801422798
16 29 12 6853.1363 1e-05 0.959931088596881 4.91310184436404 0 3.82576172037157
16 29 13 6853.1363 1e-05 0.959931088596881 4.91310184436404 0 3.95142542651516
16 29 14 6853.1363 1e-05 0.959931088596881 4.91310184436404 0 4.07708913265875
16 29 15 6853.1363 1e-05 0.959931088596881 4.91310184436404 0 4.20275283880235
16 29 16 6853.1363 1e-05 0.959931088596881 4.91310184436404 0 4.32841654494594
16 29 17 6853.1363 1e-05 0.959931088596881 4.91310184436404 0 4.45408025108953
16 29 18 6853.1363 1e-05 0.959931088596881 4.91310184436404 0 4.57974395723312
16 29 19 6853.1363 1e-05 0.959931088596881 4.91310184436404 0 4.70540766337671
16 29 20 6853.1363 1e-05 0.959931088596881 4.91310184436404 0 4.8310713695203
16 29 21 6853.1363 1e-05 0.959931088596881 4.91310184436404 0 4.9567350756639
16 29 22 6853.1363 1e-05 0.959931088596881 4.91310184436404 0 5.08239878180749
16 29 23 6853.1363 1e-05 0.959931088596881 4.91310184436404 0 5.20806248795108
16 29 24 6853.1363 1e-05 0.959931088596881 4.91310184436404 0 5.33372619409467
16 29 25 6853.1363 1e-05 0.959931088596881 4.91310184436404 0 5.45938990023826
16 29 26 6853.1363 1e-05 0.959931088596881 4.91310184436404 0 5.58505360638186
16 29 27 6853.1363 1e-05 0.959931088596881 4.91310184436404 0 5.71071731252545
16 29 28 6853.1363 1e-05 0.959931088596881 4.91310184436404 0 5.83638101866904
16 29 29 6853.1363 1e-05 0.959931088596881 4.91310184436404 0 5.96204472481263
16 29 30 6853.1363 1e-05 0.959931088596881 4.91310184436404 0 6.08770843095622
16 29 31 6853.1363 1e-05 0.959931088596881 4.91310184436404 0 6.21337213709981
16 29 32 6853.1363 1e-05 0.959931088596881 4.91310184436404 0 6.3390358432434
16 29 33 6853.1363 1e-05 0.959931088596881 4.91310184436404 0 6.464699549387
16 29 34 6853.1363 1e-05 0.959931088596881 4.91310184436404 0 6.59036325553059
16 29 35 6853.1363 1e-05 0.959931088596881 4.91310184436404 0 6.71602696167418
16 29 36 6853.1363 1e-05 0.959931088596881 4.91310184436404 0 6.84169066781777
16 29 37 6853.1363 1e-05 0.959931088596881 4.91310184436404 0 6.96735437396136
16 29 38 6853.1363 1e-05 0.959931088596881 4.91310184436404 0 7.09301808010496
16 29 39 6853.1363 1e-05 0.959931088596881 4.91310184436404 0 7.21868178624855
16 29 40 6853.1363 1e-05 0.959931088596881 4.91310184436404 0 7.34434549239214
16 29 41 6853.1363 1e-05 0.959931088596881 4.91310184436404 0 7.47000919853573
16 29 42 6853.1363 1e-05 0.959931088596881 4.91310184436404 0 7.59567290467932
16 29 43 6853.1363 1e-05 0.959931088596881 4.91310184436404 0 7.72133661082291
16 29 44 6853.1363 1e-05 0.959931088596881 4.91310184436404 0 7.84700031696651
16 29 45 6853.1363 1e-05 0.959931088596881 4.91310184436404 0 7.9726640231101
16 29 46 6853.1363 1e-05 0.959931088596881 4.91310184436404 0 8.09832772925369
16 29 47 6853.1363 1e-05 0.959931088596881 4.91310184436404 0 8.22399143539728
16 29 48 6853.1363 1e-05 0.959931088596881 4.91310184436404 0 8.34965514154087
16 29 49 6853.1363 1e-05 0.959931088596881 4.91310184436404 0 8.47531884768446
16 29 50 6853.1363 1e-05 0.959931088596881 4.91310184436404 0 8.60098255382806
19 45 1 7078.1363 1e-05 0.959931088596881 4.94115177877109 0 2.46839422782055
19 45 2 7078.1363 1e-05 0.959931088596881 4.94115177877109 0 2.66474376866991
19 45 3 7078.1363 1e-05 0.959931088596881 4.94115177877109 0 2.86109330951928
19 45 4 7078.1363 1e-05 0.959931088596881 4.94115177877109 0 3.05744285036864
19 45 5 7078.1363 1e-05 0.959931088596881 4.94115177877109 0 3.253792391218
19 45 6 7078.1363 1e-05 0.959931088596881 4.94115177877109 0 3.45014193206736
19 45 7 7078.1363 1e-05 0.959931088596881 4.94115177877109 0 3.64649147291672
19 45 8 7078.1363 1e-05 0.959931088596881 4.94115177877109 0 3.84284101376609
19 45 9 7078.1363 1e-05 0.959931088596881 4.94115177877109 0 4.03919055461545
19 45 10 7078.1363 1e-05 0.959931088596881 4.94115177877109 0 4.23554009546481
19 45 11 7078.1363 1e-05 0.959931088596881 4.94115177877109 0 4.43188963631417
19 45 12 7078.1363 1e-05 0.959931088596881 4.94115177877109 0 4.62823917716353
19 45 13 7078.1363 1e-05 0.959931088596881 4.94115177877109 0 4.8245887180129
19 45 14 7078.1363 1e-05 0.959931088596881 4.94115177877109 0 5.02093825886226
19 45 15 7078.1363 1e-05 0.959931088596881 4.94115177877109 0 5.21728779971162
19 45 16 7078.1363 1e-05 0.959931088596881 4.94115177877109 0 5.41363734056098
19 45 17 7078.1363 1e-05 0.959931088596881 4.94115177877109 0 5.60998688141034
19 45 18 7078.1363 1e-05 0.959931088596881 4.94115177877109 0 5.80633642225971
19 45 19 7078.1363 1e-05 0.959931088596881 4.94115177877109 0 6.00268596310907
19 45 20 7078.1363 1e-05 0.959931088596881 4.94115177877109 0 6.19903550395843
19 45 21 7078.1363 1e-05 0.959931088596881 4.94115177877109 0 6.39538504480779
19 45 22 7078.1363 1e-05 0.959931088596881 4.94115177877109 0 6.59173458565716
19 45 23 7078.1363 1e-05 0.959931088596881 4.94115177877109 0 6.78808412650652
19 45 24 7078.1363 1e-05 0.959931088596881 4.94115177877109 0 6.98443366735588
19 45 25 7078.1363 1e-05 0.959931088596881 4.94115177877109 0 7.18078320820524
19 45 26 7078.1363 1e-05 0.959931088596881 4.94115177877109 0 7.3771327490546
19 45 27 7078.1363 1e-05 0.959931088596881 4.94115177877109 0 7.57348228990397
19 45 28 7078.1363 1e-05 0.959931088596881 4.94115177877109 0 7.76983183075333
19 45 29 7078.1363 1e-05 0.959931088596881 4.94115177877109 0 7.96618137160269
19 45 30 7078.1363 1e-05 0.959931088596881 4.94115177877109 0 8.16253091245205
19 45 31 7078.1363 1e-05 0.959931088596881 4.94115177877109 0 8.35888045330141
19 45 32 7078.1363 1e-05 0.959931088596881 4.94115177877109 0 8.55522999415077
19 46 1 7078.1363 1e-05 0.959931088596881 5.0533515163993 0 2.52449409663466
19 46 2 7078.1363 1e-05 0.959931088596881 5.0533515163993 0 2.72084363748402
19 46 3 7078.1363 1e-05 0.959931088596881 5.0533515163993 0 2.91719317833338
19 46 4 7078.1363 1e-05 0.959931088596881 5.0533515163993 0 3.11354271918274
19 46 5 7078.1363 1e-05 0.959931088596881 5.0533515163993 0 3.3098922600321
19 46 6 7078.1363 1e-05 0.959931088596881 5.0533515163993 0 3.50624180088147
19 46 7 7078.1363 1e-05 0.959931088596881 5.0533515163993 0 3.70259134173083
19 46 8 7078.1363 1e-05 0.959931088596881 5.0533515163993 0 3.89894088258019
19 46 9 7078.1363 1e-05 0.959931088596881 5.0533515163993 0 4.09529042342955
19 46 10 7078.1363 1e-05 0.959931088596881 5.0533515163993 0 4.29163996427891
19 46 11 7078.1363 1e-05 0.959931088596881 5.0533515163993 0 4.48798950512828
19 46 12 7078.1363 1e-05 0.959931088596881 5.0533515163993 0 4.68433904597764
19 46 13 7078.1363 1e-05 0.959931088596881 5.0533515163993 0 4.880688586827
19 46 14 7078.1363 1e-05 0.959931088596881 5.0533515163993 0 5.07703812767636
19 46 15 7078.1363 1e-05 0.959931088596881 5.0533515163993 0 5.27338766852572
19 46 16 7078.1363 1e-05 0.959931088596881 5.0533515163993 0 5.46973720937509
19 46 17 7078.1363 1e-05 0.959931088596881 5.0533515163993 0 5.66608675022445
19 46 18 7078.1363 1e-05 0.959931088596881 5.0533515163993 0 5.86243629107381
19 46 19 7078.1363 1e-05 0.959931088596881 5.0533515163993 0 6.05878583192317
19 46 20 7078.1363 1e-05 0.959931088596881 5.0533515163993 0 6.25513537277253
19 46 21 7078.1363 1e-05 0.959931088596881 5.0533515163993 0 6.4514849136219
19 46 22 7078.1363 1e-05 0.959931088596881 5.0533515163993 0 6.64783445447126
19 46 23 7078.1363 1e-05 0.959931088596881 5.0533515163993 0 6.84418399532062
19 46 24 7078.1363 1e-05 0.959931088596881 5.0533515163993 0 7.04053353616998
19 46 25 7078.1363 1e-05 0.959931088596881 5.0533515163993 0 7.23688307701934
19 46 26 7078.1363 1e-05 0.959931088596881 5.0533515163993 0 7.43323261786871
19 46 27 7078.1363 1e-05 0.959931088596881 5.0533515163993 0 7.62958215871807
19 46 28 7078.1363 1e-05 0.959931088596881 5.0533515163993 0 7.82593169956743
19 46 29 7078.1363 1e-05 0.959931088596881 5.0533515163993 0 8.02228124041679
19 46 30 7078.1363 1e-05 0.959931088596881 5.0533515163993 0 8.21863078126615
19 46 31 7078.1363 1e-05 0.959931088596881 5.0533515163993 0 8.41498032211552
19 46 32 7078.1363 1e-05 0.959931088596881 5.0533515163993 0 8.61132986296488
13 25 1 6978.1363 1e-05 0.959931088596881 5.06145483078356 0 2.51327412287183
13 25 2 6978.1363 1e-05 0.959931088596881 5.06145483078356 0 2.72271363311115
13 25 3 6978.1363 1e-05 0.959931088596881 5.06145483078356 0 2.93215314335047
13 25 4 6978.1363 1e-05 0.959931088596881 5.06145483078356 0 3.14159265358979
13 25 5 6978.1363 1e-05 0.959931088596881 5.06145483078356 0 3.35103216382911
13 25 6 6978.1363 1e-05 0.959931088596881 5.06145483078356 0 3.56047167406843
13 25 7 6978.1363 1e-05 0.959931088596881 5.06145483078356 0 3.76991118430775
13 25 8 6978.1363 1e-05 0.959931088596881 5.06145483078356 0 3.97935069454707
13 25 9 6978.1363 1e-05 0.959931088596881 5.06145483078356 0 4.18879020478639
13 25 10 6978.1363 1e-05 0.959931088596881 5.06145483078356 0 4.39822971502571
13 25 11 6978.1363 1e-05 0.959931088596881 5.06145483078356 0 4.60766922526503
13 25 12 6978.1363 1e-05 0.959931088596881 5.06145483078356 0 4.81710873550435
13 25 13 6978.1363 1e-05 0.959931088596881 5.06145483078356 0 5.02654824574367
13 25 14 6978.1363 1e-05 0.959931088596881 5.06145483078356 0 5.23598775598299
13 25 15 6978.1363 1e-05 0.959931088596881 5.06145483078356 0 5.44542726622231
13 25 16 6978.1363 1e-05 0.959931088596881 5.06145483078356 0 5.65486677646163
13 25 17 6978.1363 1e-05 0.959931088596881 5.06145483078356 0 5.86430628670095
13 25 18 6978.1363 1e-05 0.959931088596881 5.06145483078356 0 6.07374579694027
13 25 19 6978.1363 1e-05 0.959931088596881 5.06145483078356 0 6.28318530717959
13 25 20 6978.1363 1e-05 0.959931088596881 5.06145483078356 0 6.49262481741891
13 25 21 6978.1363 1e-05 0.959931088596881 5.06145483078356 0 6.70206432765823
13 25 22 6978.1363 1e-05 0.959931088596881 5.06145483078356 0 6.91150383789754
13 25 23 6978.1363 1e-05 0.959931088596881 5.06145483078356 0 7.12094334813686
13 25 24 6978.1363 1e-05 0.959931088596881 5.06145483078356 0 7.33038285837618
13 25 25 6978.1363 1e-05 0.959931088596881 5.06145483078356 0 7.5398223686155
13 25 26 6978.1363 1e-05 0.959931088596881 5.06145483078356 0 7.74926187885482
13 25 27 6978.1363 1e-05 0.959931088596881 5.06145483078356 0 7.95870138909414
13 25 28 6978.1363 1e-05 0.959931088596881 5.06145483078356 0 8.16814089933346
13 25 29 6978.1363 1e-05 0.959931088596881 5.06145483078356 0 8.37758040957278
13 25 30 6978.1363 1e-05 0.959931088596881 5.06145483078356 0 8.5870199198121
12 30 1 6863.1363 1e-05 0.959931088596881 5.0789081233035 0 2.31380792264391
12 30 2 6863.1363 1e-05 0.959931088596881 5.0789081233035 0 2.49332750284904
12 30 3 6863.1363 1e-05 0.959931088596881 5.0789081233035 0 2.67284708305417
12 30 4 6863.1363 1e-05 0.959931088596881 5.0789081233035 0 2.8523666632593
12 30 5 6863.1363 1e-05 0.959931088596881 5.0789081233035 0 3.03188624346443
12 30 6 6863.1363 1e-05 0.959931088596881 5.0789081233035 0 3.21140582366957
12 30 7 6863.1363 1e-05 0.959931088596881 5.0789081233035 0 3.3909254038747
12 30 8 6863.1363 1e-05 0.959931088596881 5.0789081233035 0 3.57044498407983
12 30 9 6863.1363 1e-05 0.959931088596881 5.0789081233035 0 3.74996456428496
12 30 10 6863.1363 1e-05 0.959931088596881 5.0789081233035 0 3.92948414449009
12 30 11 6863.1363 1e-05 0.959931088596881 5.0789081233035 0 4.10900372469522
12 30 12 6863.1363 1e-05 0.959931088596881 5.0789081233035 0 4.28852330490035
12 30 13 6863.1363 1e-05 0.959931088596881 5.0789081233035 0 4.46804288510548
12 30 14 6863.1363 1e-05 0.959931088596881 5.0789081233035 0 4.64756246531061
12 30 15 6863.1363 1e-05 0.959931088596881 5.0789081233035 0 4.82708204551574
12 30 16 6863.1363 1e-05 0.959931088596881 5.0789081233035 0 5.00660162572088
12 30 17 6863.1363 1e-05 0.959931088596881 5.0789081233035 0 5.18612120592601
12 30 18 6863.1363 1e-05 0.959931088596881 5.0789081233035 0 5.36564078613114
12 30 19 6863.1363 1e-05 0.959931088596881 5.0789081233035 0 5.54516036633627
12 30 20 6863.1363 1e-05 0.959931088596881 5.0789081233035 0 5.7246799465414
12 30 21 6863.1363 1e-05 0.959931088596881 5.0789081233035 0 5.90419952674653
12 30 22 6863.1363 1e-05 0.959931088596881 5.0789081233035 0 6.08371910695166
12 30 23 6863.1363 1e-05 0.959931088596881 5.0789081233035 0 6.26323868715679
12 30 24 6863.1363 1e-05 0.959931088596881 5.0789081233035 0 6.44275826736192
12 30 25 6863.1363 1e-05 0.959931088596881 5.0789081233035 0 6.62227784756706
12 30 26 6863.1363 1e-05 0.959931088596881 5.0789081233035 0 6.80179742777219
12 30 27 6863.1363 1e-05 0.959931088596881 5.0789081233035 0 6.98131700797732
12 30 28 6863.1363 1e-05 0.959931088596881 5.0789081233035 0 7.16083658818245
12 30 29 6863.1363 1e-05 0.959931088596881 5.0789081233035 0 7.34035616838758
12 30 30 6863.1363 1e-05 0.959931088596881 5.0789081233035 0 7.51987574859271
12 30 31 6863.1363 1e-05 0.959931088596881 5.0789081233035 0 7.69939532879784
12 30 32 6863.1363 1e-05 0.959931088596881 5.0789081233035 0 7.87891490900297
12 30 33 6863.1363 1e-05 0.959931088596881 5.0789081233035 0 8.0584344892081
12 30 34 6863.1363 1e-05 0.959931088596881 5.0789081233035 0 8.23795406941323
12 30 35 6863.1363 1e-05 0.959931088596881 5.0789081233035 0 8.41747364961837
16 30 1 6853.1363 1e-05 0.959931088596881 5.08763476956347 0 2.53072741539178
16 30 2 6853.1363 1e-05 0.959931088596881 5.08763476956347 0 2.65639112153537
16 30 3 6853.1363 1e-05 0.959931088596881 5.08763476956347 0 2.78205482767896
16 30 4 6853.1363 1e-05 0.959931088596881 5.08763476956347 0 2.90771853382255
16 30 5 6853.1363 1e-05 0.959931088596881 5.08763476956347 0 3.03338223996615
16 30 6 6853.1363 1e-05 0.959931088596881 5.08763476956347 0 3.15904594610974
16 30 7 6853.1363 1e-05 0.959931088596881 5.08763476956347 0 3.28470965225333
16 30 8 6853.1363 1e-05 0.959931088596881 5.08763476956347 0 3.41037335839692
16 30 9 6853.1363 1e-05 0.959931088596881 5.08763476956347 0 3.53603706454051
16 30 10 6853.1363 1e-05 0.959931088596881 5.08763476956347 0 3.6617007706841
16 30 11 6853.1363 1e-05 0.959931088596881 5.08763476956347 0 3.7873644768277
16 30 12 6853.1363 1e-05 0.959931088596881 5.08763476956347 0 3.91302818297129
16 30 13 6853.1363 1e-05 0.959931088596881 5.08763476956347 0 4.03869188911488
16 30 14 6853.1363 1e-05 0.959931088596881 5.08763476956347 0 4.16435559525847
16 30 15 6853.1363 1e-05 0.959931088596881 5.08763476956347 0 4.29001930140206
16 30 16 6853.1363 1e-05 0.959931088596881 5.08763476956347 0 4.41568300754565
16 30 17 6853.1363 1e-05 0.959931088596881 5.08763476956347 0 4.54134671368925
16 30 18 6853.1363 1e-05 0.959931088596881 5.08763476956347 0 4.66701041983284
16 30 19 6853.1363 1e-05 0.959931088596881 5.08763476956347 0 4.79267412597643
16 30 20 6853.1363 1e-05 0.959931088596881 5.08763476956347 0 4.91833783212002
16 30 21 6853.1363 1e-05 0.959931088596881 5.08763476956347 0 5.04400153826361
16 30 22 6853.1363 1e-05 0.959931088596881 5.08763476956347 0 5.1696652444072
16 30 23 6853.1363 1e-05 0.959931088596881 5.08763476956347 0 5.2953289505508
16 30 24 6853.1363 1e-05 0.959931088596881 5.08763476956347 0 5.42099265669439
16 30 25 6853.1363 1e-05 0.959931088596881 5.08763476956347 0 5.54665636283798
16 30 26 6853.1363 1e-05 0.959931088596881 5.08763476956347 0 5.67232006898157
16 30 27 6853.1363 1e-05 0.959931088596881 5.08763476956347 0 5.79798377512516
16 30 28 6853.1363 1e-05 0.959931088596881 5.08763476956347 0 5.92364748126876
16 30 29 6853.1363 1e-05 0.959931088596881 5.08763476956347 0 6.04931118741235
16 30 30 6853.1363 1e-05 0.959931088596881 5.08763476956347 0 6.17497489355594
16 30 31 6853.1363 1e-05 0.959931088596881 5.08763476956347 0 6.30063859969953
16 30 32 6853.1363 1e-05 0.959931088596881 5.08763476956347 0 6.42630230584312
16 30 33 6853.1363 1e-05 0.959931088596881 5.08763476956347 0 6.55196601198671
16 30 34 6853.1363 1e-05 0.959931088596881 5.08763476956347 0 6.67762971813031
16 30 35 6853.1363 1e-05 0.959931088596881 5.08763476956347 0 6.8032934242739
16 30 36 6853.1363 1e-05 0.959931088596881 5.08763476956347 0 6.92895713041749
16 30 37 6853.1363 1e-05 0.959931088596881 5.08763476956347 0 7.05462083656108
16 30 38 6853.1363 1e-05 0.959931088596881 5.08763476956347 0 7.18028454270467
16 30 39 6853.1363 1e-05 0.959931088596881 5.08763476956347 0 7.30594824884826
16 30 40 6853.1363 1e-05 0.959931088596881 5.08763476956347 0 7.43161195499186
16 30 41 6853.1363 1e-05 0.959931088596881 5.08763476956347 0 7.55727566113545
16 30 42 6853.1363 1e-05 0.959931088596881 5.08763476956347 0 7.68293936727904
16 30 43 6853.1363 1e-05 0.959931088596881 5.08763476956347 0 7.80860307342263
16 30 44 6853.1363 1e-05 0.959931088596881 5.08763476956347 0 7.93426677956622
16 30 45 6853.1363 1e-05 0.959931088596881 5.08763476956347 0 8.05993048570982
16 30 46 6853.1363 1e-05 0.959931088596881 5.08763476956347 0 8.18559419185341
16 30 47 6853.1363 1e-05 0.959931088596881 5.08763476956347 0 8.311257897997
16 30 48 6853.1363 1e-05 0.959931088596881 5.08763476956347 0 8.43692160414059
16 30 49 6853.1363 1e-05 0.959931088596881 5.08763476956347 0 8.56258531028418
16 30 50 6853.1363 1e-05 0.959931088596881 5.08763476956347 0 8.68824901642777
19 47 1 7078.1363 1e-05 0.959931088596881 5.1655512540275 0 2.58059396544876
19 47 2 7078.1363 1e-05 0.959931088596881 5.1655512540275 0 2.77694350629812
19 47 3 7078.1363 1e-05 0.959931088596881 5.1655512540275 0 2.97329304714748
19 47 4 7078.1363 1e-05 0.959931088596881 5.1655512540275 0 3.16964258799684
19 47 5 7078.1363 1e-05 0.959931088596881 5.1655512540275 0 3.36599212884621
19 47 6 7078.1363 1e-05 0.959931088596881 5.1655512540275 0 3.56234166969557
19 47 7 7078.1363 1e-05 0.959931088596881 5.1655512540275 0 3.75869121054493
19 47 8 7078.1363 1e-05 0.959931088596881 5.1655512540275 0 3.95504075139429
19 47 9 7078.1363 1e-05 0.959931088596881 5.1655512540275 0 4.15139029224366
19 47 10 7078.1363 1e-05 0.959931088596881 5.1655512540275 0 4.34773983309302
19 47 11 7078.1363 1e-05 0.959931088596881 5.1655512540275 0 4.54408937394238
19 47 12 7078.1363 1e-05 0.959931088596881 5.1655512540275 0 4.74043891479174
19 47 13 7078.1363 1e-05 0.959931088596881 5.1655512540275 0 4.9367884556411
19 47 14 7078.1363 1e-05 0.959931088596881 5.1655512540275 0 5.13313799649047
19 47 15 7078.1363 1e-05 0.959931088596881 5.1655512540275 0 5.32948753733983
19 47 16 7078.1363 1e-05 0.959931088596881 5.1655512540275 0 5.52583707818919
19 47 17 7078.1363 1e-05 0.959931088596881 5.1655512540275 0 5.72218661903855
19 47 18 7078.1363 1e-05 0.959931088596881 5.1655512540275 0 5.91853615988791
19 47 19 7078.1363 1e-05 0.959931088596881 5.1655512540275 0 6.11488570073728
19 47 20 7078.1363 1e-05 0.959931088596881 5.1655512540275 0 6.31123524158664
19 47 21 7078.1363 1e-05 0.959931088596881 5.1655512540275 0 6.507584782436
19 47 22 7078.1363 1e-05 0.959931088596881 5.1655512540275 0 6.70393432328536
19 47 23 7078.1363 1e-05 0.959931088596881 5.1655512540275 0 6.90028386413472
19 47 24 7078.1363 1e-05 0.959931088596881 5.1655512540275 0 7.09663340498409
19 47 25 7078.1363 1e-05 0.959931088596881 5.1655512540275 0 7.29298294583345
19 47 26 7078.1363 1e-05 0.959931088596881 5.1655512540275 0 7.48933248668281
19 47 27 7078.1363 1e-05 0.959931088596881 5.1655512540275 0 7.68568202753217
19 47 28 7078.1363 1e-05 0.959931088596881 5.1655512540275 0 7.88203156838153
19 47 29 7078.1363 1e-05 0.959931088596881 5.1655512540275 0 8.0783811092309
19 47 30 7078.1363 1e-05 0.959931088596881 5.1655512540275 0 8.27473065008026
19 47 31 7078.1363 1e-05 0.959931088596881 5.1655512540275 0 8.47108019092962
19 47 32 7078.1363 1e-05 0.959931088596881 5.1655512540275 0 8.66742973177898
12 31 1 6863.1363 1e-05 0.959931088596881 5.25344104850293 0 2.39359440273508
12 31 2 6863.1363 1e-05 0.959931088596881 5.25344104850293 0 2.57311398294021
12 31 3 6863.1363 1e-05 0.959931088596881 5.25344104850293 0 2.75263356314534
12 31 4 6863.1363 1e-05 0.959931088596881 5.25344104850293 0 2.93215314335047
12 31 5 6863.1363 1e-05 0.959931088596881 5.25344104850293 0 3.1116727235556
12 31 6 6863.1363 1e-05 0.959931088596881 5.25344104850293 0 3.29119230376074
12 31 7 6863.1363 1e-05 0.959931088596881 5.25344104850293 0 3.47071188396587
12 31 8 6863.1363 1e-05 0.959931088596881 5.25344104850293 0 3.650231464171
12 31 9 6863.1363 1e-05 0.959931088596881 5.25344104850293 0 3.82975104437613
12 31 10 6863.1363 1e-05 0.959931088596881 5.25344104850293 0 4.00927062458126
12 31 11 6863.1363 1e-05 0.959931088596881 5.25344104850293 0 4.18879020478639
12 31 12 6863.1363 1e-05 0.959931088596881 5.25344104850293 0 4.36830978499152
12 31 13 6863.1363 1e-05 0.959931088596881 5.25344104850293 0 4.54782936519665
12 31 14 6863.1363 1e-05 0.959931088596881 5.25344104850293 0 4.72734894540178
12 31 15 6863.1363 1e-05 0.959931088596881 5.25344104850293 0 4.90686852560691
12 31 16 6863.1363 1e-05 0.959931088596881 5.25344104850293 0 5.08638810581205
12 31 17 6863.1363 1e-05 0.959931088596881 5.25344104850293 0 5.26590768601718
12 31 18 6863.1363 1e-05 0.959931088596881 5.25344104850293 0 5.44542726622231
12 31 19 6863.1363 1e-05 0.959931088596881 5.25344104850293 0 5.62494684642744
12 31 20 6863.1363 1e-05 0.959931088596881 5.25344104850293 0 5.80446642663257
12 31 21 6863.1363 1e-05 0.959931088596881 5.25344104850293 0 5.9839860068377
12 31 22 6863.1363 1e-05 0.959931088596881 5.25344104850293 0 6.16350558704283
12 31 23 6863.1363 1e-05 0.959931088596881 5.25344104850293 0 6.34302516724796
12 31 24 6863.1363 1e-05 0.959931088596881 5.25344104850293 0 6.52254474745309
12 31 25 6863.1363 1e-05 0.959931088596881 5.25344104850293 0 6.70206432765823
12 31 26 6863.1363 1e-05 0.959931088596881 5.25344104850293 0 6.88158390786336
12 31 27 6863.1363 1e-05 0.959931088596881 5.25344104850293 0 7.06110348806849
12 31 28 6863.1363 1e-05 0.959931088596881 5.25344104850293 0 7.24062306827362
12 31 29 6863.1363 1e-05 0.959931088596881 5.25344104850293 0 7.42014264847875
12 31 30 6863.1363 1e-05 0.959931088596881 5.25344104850293 0 7.59966222868388
12 31 31 6863.1363 1e-05 0.959931088596881 5.25344104850293 0 7.77918180888901
12 31 32 6863.1363 1e-05 0.959931088596881 5.25344104850293 0 7.95870138909414
12 31 33 6863.1363 1e-05 0.959931088596881 5.25344104850293 0 8.13822096929927
12 31 34 6863.1363 1e-05 0.959931088596881 5.25344104850293 0 8.3177405495044
12 31 35 6863.1363 1e-05 0.959931088596881 5.25344104850293 0 8.49726012970953
16 31 1 6853.1363 1e-05 0.959931088596881 5.2621676947629 0 2.61799387799149
16 31 2 6853.1363 1e-05 0.959931088596881 5.2621676947629 0 2.74365758413509
16 31 3 6853.1363 1e-05 0.959931088596881 5.2621676947629 0 2.86932129027868
16 31 4 6853.1363 1e-05 0.959931088596881 5.2621676947629 0 2.99498499642227
16 31 5 6853.1363 1e-05 0.959931088596881 5.2621676947629 0 3.12064870256586
16 31 6 6853.1363 1e-05 0.959931088596881 5.2621676947629 0 3.24631240870945
16 31 7 6853.1363 1e-05 0.959931088596881 5.2621676947629 0 3.37197611485304
16 31 8 6853.1363 1e-05 0.959931088596881 5.2621676947629 0 3.49763982099664
16 31 9 6853.1363 1e-05 0.959931088596881 5.2621676947629 0 3.62330352714023
16 31 10 6853.1363 1e-05 0.959931088596881 5.2621676947629 0 3.74896723328382
16 31 11 6853.1363 1e-05 0.959931088596881 5.2621676947629 0 3.87463093942741
16 31 12 6853.1363 1e-05 0.959931088596881 5.2621676947629 0 4.000294645571
16 31 13 6853.1363 1e-05 0.959931088596881 5.2621676947629 0 4.1259583517146
16 31 14 6853.1363 1e-05 0.959931088596881 5.2621676947629 0 4.25162205785819
16 31 15 6853.1363 1e-05 0.959931088596881 5.2621676947629 0 4.37728576400178
16 31 16 6853.1363 1e-05 0.959931088596881 5.2621676947629 0 4.50294947014537
16 31 17 6853.1363 1e-05 0.959931088596881 5.2621676947629 0 4.62861317628896
16 31 18 6853.1363 1e-05 0.959931088596881 5.2621676947629 0 4.75427688243255
16 31 19 6853.1363 1e-05 0.959931088596881 5.2621676947629 0 4.87994058857615
16 31 20 6853.1363 1e-05 0.959931088596881 5.2621676947629 0 5.00560429471974
16 31 21 6853.1363 1e-05 0.959931088596881 5.2621676947629 0 5.13126800086333
16 31 22 6853.1363 1e-05 0.959931088596881 5.2621676947629 0 5.25693170700692
16 31 23 6853.1363 1e-05 0.959931088596881 5.2621676947629 0 5.38259541315051
16 31 24 6853.1363 1e-05 0.959931088596881 5.2621676947629 0 5.5082591192941
16 31 25 6853.1363 1e-05 0.959931088596881 5.2621676947629 0 5.6339228254377
16 31 26 6853.1363 1e-05 0.959931088596881 5.2621676947629 0 5.75958653158129
16 31 27 6853.1363 1e-05 0.959931088596881 5.2621676947629 0 5.88525023772488
16 31 28 6853.1363 1e-05 0.959931088596881 5.2621676947629 0 6.01091394386847
16 31 29 6853.1363 1e-05 0.959931088596881 5.2621676947629 0 6.13657765001206
16 31 30 6853.1363 1e-05 0.959931088596881 5.2621676947629 0 6.26224135615565
16 31 31 6853.1363 1e-05 0.959931088596881 5.2621676947629 0 6.38790506229925
16 31 32 6853.1363 1e-05 0.959931088596881 5.2621676947629 0 6.51356876844284
16 31 33 6853.1363 1e-05 0.959931088596881 5.2621676947629 0 6.63923247458643
16 31 34 6853.1363 1e-05 0.959931088596881 5.2621676947629 0 6.76489618073002
16 31 35 6853.1363 1e-05 0.959931088596881 5.2621676947629 0 6.89055988687361
16 31 36 6853.1363 1e-05 0.959931088596881 5.2621676947629 0 7.01622359301721
16 31 37 6853.1363 1e-05 0.959931088596881 5.2621676947629 0 7.1418872991608
16 31 38 6853.1363 1e-05 0.959931088596881 5.2621676947629 0 7.26755100530439
16 31 39 6853.1363 1e-05 0.959931088596881 5.2621676947629 0 7.39321471144798
16 31 40 6853.1363 1e-05 0.959931088596881 5.2621676947629 0 7.51887841759157
16 31 41 6853.1363 1e-05 0.959931088596881 5.2621676947629 0 7.64454212373516
16 31 42 6853.1363 1e-05 0.959931088596881 5.2621676947629 0 7.77020582987875
16 31 43 6853.1363 1e-05 0.959931088596881 5.2621676947629 0 7.89586953602235
16 31 44 6853.1363 1e-05 0.959931088596881 5.2621676947629 0 8.02153324216594
16 31 45 6853.1363 1e-05 0.959931088596881 5.2621676947629 0 8.14719694830953
16 31 46 6853.1363 1e-05 0.959931088596881 5.2621676947629 0 8.27286065445312
16 31 47 6853.1363 1e-05 0.959931088596881 5.2621676947629 0 8.39852436059671
16 31 48 6853.1363 1e-05 0.959931088596881 5.2621676947629 0 8.52418806674031
16 31 49 6853.1363 1e-05 0.959931088596881 5.2621676947629 0 8.6498517728839
16 31 50 6853.1363 1e-05 0.959931088596881 5.2621676947629 0 8.77551547902749
13 26 1 6978.1363 1e-05 0.959931088596881 5.27089434102287 0 2.61799387799149
13 26 2 6978.1363 1e-05 0.959931088596881 5.27089434102287 0 2.82743338823081
13 26 3 6978.1363 1e-05 0.959931088596881 5.27089434102287 0 3.03687289847013
13 26 4 6978.1363 1e-05 0.959931088596881 5.27089434102287 0 3.24631240870945
13 26 5 6978.1363 1e-05 0.959931088596881 5.27089434102287 0 3.45575191894877
13 26 6 6978.1363 1e-05 0.959931088596881 5.27089434102287 0 3.66519142918809
13 26 7 6978.1363 1e-05 0.959931088596881 5.27089434102287 0 3.87463093942741
13 26 8 6978.1363 1e-05 0.959931088596881 5.27089434102287 0 4.08407044966673
13 26 9 6978.1363 1e-05 0.959931088596881 5.27089434102287 0 4.29350995990605
13 26 10 6978.1363 1e-05 0.959931088596881 5.27089434102287 0 4.50294947014537
13 26 11 6978.1363 1e-05 0.959931088596881 5.27089434102287 0 4.71238898038469
13 26 12 6978.1363 1e-05 0.959931088596881 5.27089434102287 0 4.92182849062401
13 26 13 6978.1363 1e-05 0.959931088596881 5.27089434102287 0 5.13126800086333
13 26 14 6978.1363 1e-05 0.959931088596881 5.27089434102287 0 5.34070751110265
13 26 15 6978.1363 1e-05 0.959931088596881 5.27089434102287 0 5.55014702134197
13 26 16 6978.1363 1e-05 0.959931088596881 5.27089434102287 0 5.75958653158129
13 26 17 6978.1363 1e-05 0.959931088596881 5.27089434102287 0 5.96902604182061
13 26 18 6978.1363 1e-05 0.959931088596881 5.27089434102287 0 6.17846555205993
13 26 19 6978.1363 1e-05 0.959931088596881 5.27089434102287 0 6.38790506229925
13 26 20 6978.1363 1e-05 0.959931088596881 5.27089434102287 0 6.59734457253857
13 26 21 6978.1363 1e-05 0.959931088596881 5.27089434102287 0 6.80678408277788
13 26 22 6978.1363 1e-05 0.959931088596881 5.27089434102287 0 7.01622359301721
13 26 23 6978.1363 1e-05 0.959931088596881 5.27089434102287 0 7.22566310325652
13 26 24 6978.1363 1e-05 0.959931088596881 5.27089434102287 0 7.43510261349584
13 26 25 6978.1363 1e-05 0.959931088596881 5.27089434102287 0 7.64454212373516
13 26 26 6978.1363 1e-05 0.959931088596881 5.27089434102287 0 7.85398163397448
13 26 27 6978.1363 1e-05 0.959931088596881 5.27089434102287 0 8.0634211442138
13 26 28 6978.1363 1e-05 0.959931088596881 5.27089434102287 0 8.27286065445312
13 26 29 6978.1363 1e-05 0.959931088596881 5.27089434102287 0 8.48230016469244
13 26 30 6978.1363 1e-05 0.959931088596881 5.27089434102287 0 8.69173967493176
19 48 1 7078.1363 1e-05 0.959931088596881 5.27775099165571 0 2.63669383426286
19 48 2 7078.1363 1e-05 0.959931088596881 5.27775099165571 0 2.83304337511222
19 48 3 7078.1363 1e-05 0.959931088596881 5.27775099165571 0 3.02939291596159
19 48 4 7078.1363 1e-05 0.959931088596881 5.27775099165571 0 3.22574245681095
19 48 5 7078.1363 1e-05 0.959931088596881 5.27775099165571 0 3.42209199766031
19 48 6 7078.1363 1e-05 0.959931088596881 5.27775099165571 0 3.61844153850967
19 48 7 7078.1363 1e-05 0.959931088596881 5.27775099165571 0 3.81479107935903
19 48 8 7078.1363 1e-05 0.959931088596881 5.27775099165571 0 4.0111406202084
19 48 9 7078.1363 1e-05 0.959931088596881 5.27775099165571 0 4.20749016105776
19 48 10 7078.1363 1e-05 0.959931088596881 5.27775099165571 0 4.40383970190712
19 48 11 7078.1363 1e-05 0.959931088596881 5.27775099165571 0 4.60018924275648
19 48 12 7078.1363 1e-05 0.959931088596881 5.27775099165571 0 4.79653878360585
19 48 13 7078.1363 1e-05 0.959931088596881 5.27775099165571 0 4.99288832445521
19 48 14 7078.1363 1e-05 0.959931088596881 5.27775099165571 0 5.18923786530457
19 48 15 7078.1363 1e-05 0.959931088596881 5.27775099165571 0 5.38558740615393
19 48 16 7078.1363 1e-05 0.959931088596881 5.27775099165571 0 5.58193694700329
19 48 17 7078.1363 1e-05 0.959931088596881 5.27775099165571 0 5.77828648785266
19 48 18 7078.1363 1e-05 0.959931088596881 5.27775099165571 0 5.97463602870202
19 48 19 7078.1363 1e-05 0.959931088596881 5.27775099165571 0 6.17098556955138
19 48 20 7078.1363 1e-05 0.959931088596881 5.27775099165571 0 6.36733511040074
19 48 21 7078.1363 1e-05 0.959931088596881 5.27775099165571 0 6.5636846512501
19 48 22 7078.1363 1e-05 0.959931088596881 5.27775099165571 0 6.76003419209947
19 48 23 7078.1363 1e-05 0.959931088596881 5.27775099165571 0 6.95638373294883
19 48 24 7078.1363 1e-05 0.959931088596881 5.27775099165571 0 7.15273327379819
19 48 25 7078.1363 1e-05 0.959931088596881 5.27775099165571 0 7.34908281464755
19 48 26 7078.1363 1e-05 0.959931088596881 5.27775099165571 0 7.54543235549691
19 48 27 7078.1363 1e-05 0.959931088596881 5.27775099165571 0 7.74178189634628
19 48 28 7078.1363 1e-05 0.959931088596881 5.27775099165571 0 7.93813143719564
19 48 29 7078.1363 1e-05 0.959931088596881 5.27775099165571 0 8.134480978045
19 48 30 7078.1363 1e-05 0.959931088596881 5.27775099165571 0 8.33083051889436
19 48 31 7078.1363 1e-05 0.959931088596881 5.27775099165571 0 8.52718005974372
19 48 32 7078.1363 1e-05 0.959931088596881 5.27775099165571 0 8.72352960059309
19 49 1 7078.1363 1e-05 0.959931088596881 5.38995072928392 0 2.69279370307697
19 49 2 7078.1363 1e-05 0.959931088596881 5.38995072928392 0 2.88914324392633
19 49 3 7078.1363 1e-05 0.959931088596881 5.38995072928392 0 3.08549278477569
19 49 4 7078.1363 1e-05 0.959931088596881 5.38995072928392 0 3.28184232562505
19 49 5 7078.1363 1e-05 0.959931088596881 5.38995072928392 0 3.47819186647441
19 49 6 7078.1363 1e-05 0.959931088596881 5.38995072928392 0 3.67454140732378
19 49 7 7078.1363 1e-05 0.959931088596881 5.38995072928392 0 3.87089094817314
19 49 8 7078.1363 1e-05 0.959931088596881 5.38995072928392 0 4.0672404890225
19 49 9 7078.1363 1e-05 0.959931088596881 5.38995072928392 0 4.26359002987186
19 49 10 7078.1363 1e-05 0.959931088596881 5.38995072928392 0 4.45993957072122
19 49 11 7078.1363 1e-05 0.959931088596881 5.38995072928392 0 4.65628911157059
19 49 12 7078.1363 1e-05 0.959931088596881 5.38995072928392 0 4.85263865241995
19 49 13 7078.1363 1e-05 0.959931088596881 5.38995072928392 0 5.04898819326931
19 49 14 7078.1363 1e-05 0.959931088596881 5.38995072928392 0 5.24533773411867
19 49 15 7078.1363 1e-05 0.959931088596881 5.38995072928392 0 5.44168727496803
19 49 16 7078.1363 1e-05 0.959931088596881 5.38995072928392 0 5.6380368158174
19 49 17 7078.1363 1e-05 0.959931088596881 5.38995072928392 0 5.83438635666676
19 49 18 7078.1363 1e-05 0.959931088596881 5.38995072928392 0 6.03073589751612
19 49 19 7078.1363 1e-05 0.959931088596881 5.38995072928392 0 6.22708543836548
19 49 20 7078.1363 1e-05 0.959931088596881 5.38995072928392 0 6.42343497921484
19 49 21 7078.1363 1e-05 0.959931088596881 5.38995072928392 0 6.61978452006421
19 49 22 7078.1363 1e-05 0.959931088596881 5.38995072928392 0 6.81613406091357
19 49 23 7078.1363 1e-05 0.959931088596881 5.38995072928392 0 7.01248360176293
19 49 24 7078.1363 1e-05 0.959931088596881 5.38995072928392 0 7.20883314261229
19 49 25 7078.1363 1e-05 0.959931088596881 5.38995072928392 0 7.40518268346166
19 49 26 7078.1363 1e-05 0.959931088596881 5.38995072928392 0 7.60153222431102
19 49 27 7078.1363 1e-05 0.959931088596881 5.38995072928392 0 7.79788176516038
19 49 28 7078.1363 1e-05 0.959931088596881 5.38995072928392 0 7.99423130600974
19 49 29 7078.1363 1e-05 0.959931088596881 5.38995072928392 0 8.1905808468591
19 49 30 7078.1363 1e-05 0.959931088596881 5.38995072928392 0 8.38693038770847
19 49 31 7078.1363 1e-05 0.959931088596881 5.38995072928392 0 8.58327992855783
19 49 32 7078.1363 1e-05 0.959931088596881 5.38995072928392 0 8.77962946940719
12 32 1 6863.1363 1e-05 0.959931088596881 5.42797397370236 0 2.47338088282625
12 32 2 6863.1363 1e-05 0.959931088596881 5.42797397370236 0 2.65290046303138
12 32 3 6863.1363 1e-05 0.959931088596881 5.42797397370236 0 2.83242004323651
12 32 4 6863.1363 1e-05 0.959931088596881 5.42797397370236 0 3.01193962344164
12 32 5 6863.1363 1e-05 0.959931088596881 5.42797397370236 0 3.19145920364677
12 32 6 6863.1363 1e-05 0.959931088596881 5.42797397370236 0 3.3709787838519
12 32 7 6863.1363 1e-05 0.959931088596881 5.42797397370236 0 3.55049836405704
12 32 8 6863.1363 1e-05 0.959931088596881 5.42797397370236 0 3.73001794426217
12 32 9 6863.1363 1e-05 0.959931088596881 5.42797397370236 0 3.9095375244673
12 32 10 6863.1363 1e-05 0.959931088596881 5.42797397370236 0 4.08905710467243
12 32 11 6863.1363 1e-05 0.959931088596881 5.42797397370236 0 4.26857668487756
12 32 12 6863.1363 1e-05 0.959931088596881 5.42797397370236 0 4.44809626508269
12 32 13 6863.1363 1e-05 0.959931088596881 5.42797397370236 0 4.62761584528782
12 32 14 6863.1363 1e-05 0.959931088596881 5.42797397370236 0 4.80713542549295
12 32 15 6863.1363 1e-05 0.959931088596881 5.42797397370236 0 4.98665500569808
12 32 16 6863.1363 1e-05 0.959931088596881 5.42797397370236 0 5.16617458590322
12 32 17 6863.1363 1e-05 0.959931088596881 5.42797397370236 0 5.34569416610835
12 32 18 6863.1363 1e-05 0.959931088596881 5.42797397370236 0 5.52521374631348
12 32 19 6863.1363 1e-05 0.959931088596881 5.42797397370236 0 5.70473332651861
12 32 20 6863.1363 1e-05 0.959931088596881 5.42797397370236 0 5.88425290672374
12 32 21 6863.1363 1e-05 0.959931088596881 5.42797397370236 0 6.06377248692887
12 32 22 6863.1363 1e-05 0.959931088596881 5.42797397370236 0 6.243292067134
12 32 23 6863.1363 1e-05 0.959931088596881 5.42797397370236 0 6.42281164733913
12 32 24 6863.1363 1e-05 0.959931088596881 5.42797397370236 0 6.60233122754426
12 32 25 6863.1363 1e-05 0.959931088596881 5.42797397370236 0 6.78185080774939
12 32 26 6863.1363 1e-05 0.959931088596881 5.42797397370236 0 6.96137038795453
12 32 27 6863.1363 1e-05 0.959931088596881 5.42797397370236 0 7.14088996815966
12 32 28 6863.1363 1e-05 0.959931088596881 5.42797397370236 0 7.32040954836479
12 32 29 6863.1363 1e-05 0.959931088596881 5.42797397370236 0 7.49992912856992
12 32 30 6863.1363 1e-05 0.959931088596881 5.42797397370236 0 7.67944870877505
12 32 31 6863.1363 1e-05 0.959931088596881 5.42797397370236 0 7.85896828898018
12 32 32 6863.1363 1e-05 0.959931088596881 5.42797397370236 0 8.03848786918531
12 32 33 6863.1363 1e-05 0.959931088596881 5.42797397370236 0 8.21800744939044
12 32 34 6863.1363 1e-05 0.959931088596881 5.42797397370236 0 8.39752702959557
12 32 35 6863.1363 1e-05 0.959931088596881 5.42797397370236 0 8.57704660980071
16 32 1 6853.1363 1e-05 0.959931088596881 5.43670061996234 0 2.70526034059121
16 32 2 6853.1363 1e-05 0.959931088596881 5.43670061996234 0 2.8309240467348
16 32 3 6853.1363 1e-05 0.959931088596881 5.43670061996234 0 2.95658775287839
16 32 4 6853.1363 1e-05 0.959931088596881 5.43670061996234 0 3.08225145902199
16 32 5 6853.1363 1e-05 0.959931088596881 5.43670061996234 0 3.20791516516558
16 32 6 6853.1363 1e-05 0.959931088596881 5.43670061996234 0 3.33357887130917
16 32 7 6853.1363 1e-05 0.959931088596881 5.43670061996234 0 3.45924257745276
16 32 8 6853.1363 1e-05 0.959931088596881 5.43670061996234 0 3.58490628359635
16 32 9 6853.1363 1e-05 0.959931088596881 5.43670061996234 0 3.71056998973994
16 32 10 6853.1363 1e-05 0.959931088596881 5.43670061996234 0 3.83623369588354
16 32 11 6853.1363 1e-05 0.959931088596881 5.43670061996234 0 3.96189740202713
16 32 12 6853.1363 1e-05 0.959931088596881 5.43670061996234 0 4.08756110817072
16 32 13 6853.1363 1e-05 0.959931088596881 5.43670061996234 0 4.21322481431431
16 32 14 6853.1363 1e-05 0.959931088596881 5.43670061996234 0 4.3388885204579
16 32 15 6853.1363 1e-05 0.959931088596881 5.43670061996234 0 4.4645522266015
16 32 16 6853.1363 1e-05 0.959931088596881 5.43670061996234 0 4.59021593274509
16 32 17 6853.1363 1e-05 0.959931088596881 5.43670061996234 0 4.71587963888868
16 32 18 6853.1363 1e-05 0.959931088596881 5.43670061996234 0 4.84154334503227
16 32 19 6853.1363 1e-05 0.959931088596881 5.43670061996234 0 4.96720705117586
16 32 20 6853.1363 1e-05 0.959931088596881 5.43670061996234 0 5.09287075731945
16 32 21 6853.1363 1e-05 0.959931088596881 5.43670061996234 0 5.21853446346305
16 32 22 6853.1363 1e-05 0.959931088596881 5.43670061996234 0 5.34419816960664
16 32 23 6853.1363 1e-05 0.959931088596881 5.43670061996234 0 5.46986187575023
16 32 24 6853.1363 1e-05 0.959931088596881 5.43670061996234 0 5.59552558189382
16 32 25 6853.1363 1e-05 0.959931088596881 5.43670061996234 0 5.72118928803741
16 32 26 6853.1363 1e-05 0.959931088596881 5.43670061996234 0 5.846852994181
16 32 27 6853.1363 1e-05 0.959931088596881 5.43670061996234 0 5.9725167003246
16 32 28 6853.1363 1e-05 0.959931088596881 5.43670061996234 0 6.09818040646819
16 32 29 6853.1363 1e-05 0.959931088596881 5.43670061996234 0 6.22384411261178
16 32 30 6853.1363 1e-05 0.959931088596881 5.43670061996234 0 6.34950781875537
16 32 31 6853.1363 1e-05 0.959931088596881 5.43670061996234 0 6.47517152489896
16 32 32 6853.1363 1e-05 0.959931088596881 5.43670061996234 0 6.60083523104255
16 32 33 6853.1363 1e-05 0.959931088596881 5.43670061996234 0 6.72649893718615
16 32 34 6853.1363 1e-05 0.959931088596881 5.43670061996234 0 6.85216264332974
16 32 35 6853.1363 1e-05 0.959931088596881 5.43670061996234 0 6.97782634947333
16 32 36 6853.1363 1e-05 0.959931088596881 5.43670061996234 0 7.10349005561692
16 32 37 6853.1363 1e-05 0.959931088596881 5.43670061996234 0 7.22915376176051
16 32 38 6853.1363 1e-05 0.959931088596881 5.43670061996234 0 7.35481746790411
16 32 39 6853.1363 1e-05 0.959931088596881 5.43670061996234 0 7.4804811740477
16 32 40 6853.1363 1e-05 0.959931088596881 5.43670061996234 0 7.60614488019129
16 32 41 6853.1363 1e-05 0.959931088596881 5.43670061996234 0 7.73180858633488
16 32 42 6853.1363 1e-05 0.959931088596881 5.43670061996234 0 7.85747229247847
16 32 43 6853.1363 1e-05 0.959931088596881 5.43670061996234 0 7.98313599862206
16 32 44 6853.1363 1e-05 0.959931088596881 5.43670061996234 0 8.10879970476566
16 32 45 6853.1363 1e-05 0.959931088596881 5.43670061996234 0 8.23446341090925
16 32 46 6853.1363 1e-05 0.959931088596881 5.43670061996234 0 8.36012711705284
16 32 47 6853.1363 1e-05 0.959931088596881 5.43670061996234 0 8.48579082319643
16 32 48 6853.1363 1e-05 0.959931088596881 5.43670061996234 0 8.61145452934002
16 32 49 6853.1363 1e-05 0.959931088596881 5.43670061996234 0 8.73711823548361
16 32 50 6853.1363 1e-05 0.959931088596881 5.43670061996234 0 8.86278194162721
13 27 1 6978.1363 1e-05 0.959931088596881 5.48033385126219 0 2.72271363311115
13 27 2 6978.1363 1e-05 0.959931088596881 5.48033385126219 0 2.93215314335047
13 27 3 6978.1363 1e-05 0.959931088596881 5.48033385126219 0 3.14159265358979
13 27 4 6978.1363 1e-05 0.959931088596881 5.48033385126219 0 3.35103216382911
13 27 5 6978.1363 1e-05 0.959931088596881 5.48033385126219 0 3.56047167406843
13 27 6 6978.1363 1e-05 0.959931088596881 5.48033385126219 0 3.76991118430775
13 27 7 6978.1363 1e-05 0.959931088596881 5.48033385126219 0 3.97935069454707
13 27 8 6978.1363 1e-05 0.959931088596881 5.48033385126219 0 4.18879020478639
13 27 9 6978.1363 1e-05 0.959931088596881 5.48033385126219 0 4.39822971502571
13 27 10 6978.1363 1e-05 0.959931088596881 5.48033385126219 0 4.60766922526503
13 27 11 6978.1363 1e-05 0.959931088596881 5.48033385126219 0 4.81710873550435
13 27 12 6978.1363 1e-05 0.959931088596881 5.48033385126219 0 5.02654824574367
13 27 13 6978.1363 1e-05 0.959931088596881 5.48033385126219 0 5.23598775598299
13 27 14 6978.1363 1e-05 0.959931088596881 5.48033385126219 0 5.44542726622231
13 27 15 6978.1363 1e-05 0.959931088596881 5.48033385126219 0 5.65486677646163
13 27 16 6978.1363 1e-05 0.959931088596881 5.48033385126219 0 5.86430628670095
13 27 17 6978.1363 1e-05 0.959931088596881 5.48033385126219 0 6.07374579694027
13 27 18 6978.1363 1e-05 0.959931088596881 5.48033385126219 0 6.28318530717959
13 27 19 6978.1363 1e-05 0.959931088596881 5.48033385126219 0 6.49262481741891
13 27 20 6978.1363 1e-05 0.959931088596881 5.48033385126219 0 6.70206432765823
13 27 21 6978.1363 1e-05 0.959931088596881 5.48033385126219 0 6.91150383789754
13 27 22 6978.1363 1e-05 0.959931088596881 5.48033385126219 0 7.12094334813686
13 27 23 6978.1363 1e-05 0.959931088596881 5.48033385126219 0 7.33038285837618
13 27 24 6978.1363 1e-05 0.959931088596881 5.48033385126219 0 7.5398223686155
13 27 25 6978.1363 1e-05 0.959931088596881 5.48033385126219 0 7.74926187885482
13 27 26 6978.1363 1e-05 0.959931088596881 5.48033385126219 0 7.95870138909414
13 27 27 6978.1363 1e-05 0.959931088596881 5.48033385126219 0 8.16814089933346
13 27 28 6978.1363 1e-05 0.959931088596881 5.48033385126219 0 8.37758040957278
13 27 29 6978.1363 1e-05 0.959931088596881 5.48033385126219 0 8.5870199198121
13 27 30 6978.1363 1e-05 0.959931088596881 5.48033385126219 0 8.79645943005142
19 50 1 7078.1363 1e-05 0.959931088596881 5.50215046691212 0 2.74889357189107
19 50 2 7078.1363 1e-05 0.959931088596881 5.50215046691212 0 2.94524311274043
19 50 3 7078.1363 1e-05 0.959931088596881 5.50215046691212 0 3.14159265358979
19 50 4 7078.1363 1e-05 0.959931088596881 5.50215046691212 0 3.33794219443916
19 50 5 7078.1363 1e-05 0.959931088596881 5.50215046691212 0 3.53429173528852
19 50 6 7078.1363 1e-05 0.959931088596881 5.50215046691212 0 3.73064127613788
19 50 7 7078.1363 1e-05 0.959931088596881 5.50215046691212 0 3.92699081698724
19 50 8 7078.1363 1e-05 0.959931088596881 5.50215046691212 0 4.1233403578366
19 50 9 7078.1363 1e-05 0.959931088596881 5.50215046691212 0 4.31968989868597
19 50 10 7078.1363 1e-05 0.959931088596881 5.50215046691212 0 4.51603943953533
19 50 11 7078.1363 1e-05 0.959931088596881 5.50215046691212 0 4.71238898038469
19 50 12 7078.1363 1e-05 0.959931088596881 5.50215046691212 0 4.90873852123405
19 50 13 7078.1363 1e-05 0.959931088596881 5.50215046691212 0 5.10508806208341
19 50 14 7078.1363 1e-05 0.959931088596881 5.50215046691212 0 5.30143760293278
19 50 15 7078.1363 1e-05 0.959931088596881 5.50215046691212 0 5.49778714378214
19 50 16 7078.1363 1e-05 0.959931088596881 5.50215046691212 0 5.6941366846315
19 50 17 7078.1363 1e-05 0.959931088596881 5.50215046691212 0 5.89048622548086
19 50 18 7078.1363 1e-05 0.959931088596881 5.50215046691212 0 6.08683576633022
19 50 19 7078.1363 1e-05 0.959931088596881 5.50215046691212 0 6.28318530717959
19 50 20 7078.1363 1e-05 0.959931088596881 5.50215046691212 0 6.47953484802895
19 50 21 7078.1363 1e-05 0.959931088596881 5.50215046691212 0 6.67588438887831
19 50 22 7078.1363 1e-05 0.959931088596881 5.50215046691212 0 6.87223392972767
19 50 23 7078.1363 1e-05 0.959931088596881 5.50215046691212 0 7.06858347057703
19 50 24 7078.1363 1e-05 0.959931088596881 5.50215046691212 0 7.2649330114264
19 50 25 7078.1363 1e-05 0.959931088596881 5.50215046691212 0 7.46128255227576
19 50 26 7078.1363 1e-05 0.959931088596881 5.50215046691212 0 7.65763209312512
19 50 27 7078.1363 1e-05 0.959931088596881 5.50215046691212 0 7.85398163397448
19 50 28 7078.1363 1e-05 0.959931088596881 5.50215046691212 0 8.05033117482384
19 50 29 7078.1363 1e-05 0.959931088596881 5.50215046691212 0 8.24668071567321
19 50 30 7078.1363 1e-05 0.959931088596881 5.50215046691212 0 8.44303025652257
19 50 31 7078.1363 1e-05 0.959931088596881 5.50215046691212 0 8.63937979737193
19 50 32 7078.1363 1e-05 0.959931088596881 5.50215046691212 0 8.83572933822129
12 33 1 6863.1363 1e-05 0.959931088596881 5.6025068989018 0 2.55316736291742
12 33 2 6863.1363 1e-05 0.959931088596881 5.6025068989018 0 2.73268694312255
12 33 3 6863.1363 1e-05 0.959931088596881 5.6025068989018 0 2.91220652332768
12 33 4 6863.1363 1e-05 0.959931088596881 5.6025068989018 0 3.09172610353281
12 33 5 6863.1363 1e-05 0.959931088596881 5.6025068989018 0 3.27124568373794
12 33 6 6863.1363 1e-05 0.959931088596881 5.6025068989018 0 3.45076526394307
12 33 7 6863.1363 1e-05 0.959931088596881 5.6025068989018 0 3.63028484414821
12 33 8 6863.1363 1e-05 0.959931088596881 5.6025068989018 0 3.80980442435334
12 33 9 6863.1363 1e-05 0.959931088596881 5.6025068989018 0 3.98932400455847
12 33 10 6863.1363 1e-05 0.959931088596881 5.6025068989018 0 4.1688435847636
12 33 11 6863.1363 1e-05 0.959931088596881 5.6025068989018 0 4.34836316496873
12 33 12 6863.1363 1e-05 0.959931088596881 5.6025068989018 0 4.52788274517386
12 33 13 6863.1363 1e-05 0.959931088596881 5.6025068989018 0 4.70740232537899
12 33 14 6863.1363 1e-05 0.959931088596881 5.6025068989018 0 4.88692190558412
12 33 15 6863.1363 1e-05 0.959931088596881 5.6025068989018 0 5.06644148578925
12 33 16 6863.1363 1e-05 0.959931088596881 5.6025068989018 0 5.24596106599438
12 33 17 6863.1363 1e-05 0.959931088596881 5.6025068989018 0 5.42548064619952
12 33 18 6863.1363 1e-05 0.959931088596881 5.6025068989018 0 5.60500022640465
12 33 19 6863.1363 1e-05 0.959931088596881 5.6025068989018 0 5.78451980660978
12 33 20 6863.1363 1e-05 0.959931088596881 5.6025068989018 0 5.96403938681491
12 33 21 6863.1363 1e-05 0.959931088596881 5.6025068989018 0 6.14355896702004
12 33 22 6863.1363 1e-05 0.959931088596881 5.6025068989018 0 6.32307854722517
12 33 23 6863.1363 1e-05 0.959931088596881 5.6025068989018 0 6.5025981274303
12 33 24 6863.1363 1e-05 0.959931088596881 5.6025068989018 0 6.68211770763543
12 33 25 6863.1363 1e-05 0.959931088596881 5.6025068989018 0 6.86163728784056
12 33 26 6863.1363 1e-05 0.959931088596881 5.6025068989018 0 7.04115686804569
12 33 27 6863.1363 1e-05 0.959931088596881 5.6025068989018 0 7.22067644825083
12 33 28 6863.1363 1e-05 0.959931088596881 5.6025068989018 0 7.40019602845596
12 33 29 6863.1363 1e-05 0.959931088596881 5.6025068989018 0 7.57971560866109
12 33 30 6863.1363 1e-05 0.959931088596881 5.6025068989018 0 7.75923518886622
12 33 31 6863.1363 1e-05 0.959931088596881 5.6025068989018 0 7.93875476907135
12 33 32 6863.1363 1e-05 0.959931088596881 5.6025068989018 0 8.11827434927648
12 33 33 6863.1363 1e-05 0.959931088596881 5.6025068989018 0 8.29779392948161
12 33 34 6863.1363 1e-05 0.959931088596881 5.6025068989018 0 8.47731350968674
12 33 35 6863.1363 1e-05 0.959931088596881 5.6025068989018 0 8.65683308989187
16 33 1 6853.1363 1e-05 0.959931088596881 5.61123354516177 0 2.79252680319093
16 33 2 6853.1363 1e-05 0.959931088596881 5.61123354516177 0 2.91819050933452
16 33 3 6853.1363 1e-05 0.959931088596881 5.61123354516177 0 3.04385421547811
16 33 4 6853.1363 1e-05 0.959931088596881 5.61123354516177 0 3.1695179216217
16 33 5 6853.1363 1e-05 0.959931088596881 5.61123354516177 0 3.29518162776529
16 33 6 6853.1363 1e-05 0.959931088596881 5.61123354516177 0 3.42084533390889
16 33 7 6853.1363 1e-05 0.959931088596881 5.61123354516177 0 3.54650904005248
16 33 8 6853.1363 1e-05 0.959931088596881 5.61123354516177 0 3.67217274619607
16 33 9 6853.1363 1e-05 0.959931088596881 5.61123354516177 0 3.79783645233966
16 33 10 6853.1363 1e-05 0.959931088596881 5.61123354516177 0 3.92350015848325
16 33 11 6853.1363 1e-05 0.959931088596881 5.61123354516177 0 4.04916386462684
16 33 12 6853.1363 1e-05 0.959931088596881 5.61123354516177 0 4.17482757077044
16 33 13 6853.1363 1e-05 0.959931088596881 5.61123354516177 0 4.30049127691403
16 33 14 6853.1363 1e-05 0.959931088596881 5.61123354516177 0 4.42615498305762
16 33 15 6853.1363 1e-05 0.959931088596881 5.61123354516177 0 4.55181868920121
16 33 16 6853.1363 1e-05 0.959931088596881 5.61123354516177 0 4.6774823953448
16 33 17 6853.1363 1e-05 0.959931088596881 5.61123354516177 0 4.80314610148839
16 33 18 6853.1363 1e-05 0.959931088596881 5.61123354516177 0 4.92880980763199
16 33 19 6853.1363 1e-05 0.959931088596881 5.61123354516177 0 5.05447351377558
16 33 20 6853.1363 1e-05 0.959931088596881 5.61123354516177 0 5.18013721991917
16 33 21 6853.1363 1e-05 0.959931088596881 5.61123354516177 0 5.30580092606276
16 33 22 6853.1363 1e-05 0.959931088596881 5.61123354516177 0 5.43146463220635
16 33 23 6853.1363 1e-05 0.959931088596881 5.61123354516177 0 5.55712833834995
16 33 24 6853.1363 1e-05 0.959931088596881 5.61123354516177 0 5.68279204449354
16 33 25 6853.1363 1e-05 0.959931088596881 5.61123354516177 0 5.80845575063713
16 33 26 6853.1363 1e-05 0.959931088596881 5.61123354516177 0 5.93411945678072
16 33 27 6853.1363 1e-05 0.959931088596881 5.61123354516177 0 6.05978316292431
16 33 28 6853.1363 1e-05 0.959931088596881 5.61123354516177 0 6.1854468690679
16 33 29 6853.1363 1e-05 0.959931088596881 5.61123354516177 0 6.3111105752115
16 33 30 6853.1363 1e-05 0.959931088596881 5.61123354516177 0 6.43677428135509
16 33 31 6853.1363 1e-05 0.959931088596881 5.61123354516177 0 6.56243798749868
16 33 32 6853.1363 1e-05 0.959931088596881 5.61123354516177 0 6.68810169364227
16 33 33 6853.1363 1e-05 0.959931088596881 5.61123354516177 0 6.81376539978586
16 33 34 6853.1363 1e-05 0.959931088596881 5.61123354516177 0 6.93942910592945
16 33 35 6853.1363 1e-05 0.959931088596881 5.61123354516177 0 7.06509281207305
16 33 36 6853.1363 1e-05 0.959931088596881 5.61123354516177 0 7.19075651821664
16 33 37 6853.1363 1e-05 0.959931088596881 5.61123354516177 0 7.31642022436023
16 33 38 6853.1363 1e-05 0.959931088596881 5.61123354516177 0 7.44208393050382
16 33 39 6853.1363 1e-05 0.959931088596881 5.61123354516177 0 7.56774763664741
16 33 40 6853.1363 1e-05 0.959931088596881 5.61123354516177 0 7.69341134279101
16 33 41 6853.1363 1e-05 0.959931088596881 5.61123354516177 0 7.8190750489346
16 33 42 6853.1363 1e-05 0.959931088596881 5.61123354516177 0 7.94473875507819
16 33 43 6853.1363 1e-05 0.959931088596881 5.61123354516177 0 8.07040246122178
16 33 44 6853.1363 1e-05 0.959931088596881 5.61123354516177 0 8.19606616736537
16 33 45 6853.1363 1e-05 0.959931088596881 5.61123354516177 0 8.32172987350896
16 33 46 6853.1363 1e-05 0.959931088596881 5.61123354516177 0 8.44739357965256
16 33 47 6853.1363 1e-05 0.959931088596881 5.61123354516177 0 8.57305728579615
16 33 48 6853.1363 1e-05 0.959931088596881 5.61123354516177 0 8.69872099193974
16 33 49 6853.1363 1e-05 0.959931088596881 5.61123354516177 0 8.82438469808333
16 33 50 6853.1363 1e-05 0.959931088596881 5.61123354516177 0 8.95004840422692
19 51 1 7078.1363 1e-05 0.959931088596881 5.61435020454033 0 2.80499344070517
19 51 2 7078.1363 1e-05 0.959931088596881 5.61435020454033 0 3.00134298155453
19 51 3 7078.1363 1e-05 0.959931088596881 5.61435020454033 0 3.1976925224039
19 51 4 7078.1363 1e-05 0.959931088596881 5.61435020454033 0 3.39404206325326
19 51 5 7078.1363 1e-05 0.959931088596881 5.61435020454033 0 3.59039160410262
19 51 6 7078.1363 1e-05 0.959931088596881 5.61435020454033 0 3.78674114495198
19 51 7 7078.1363 1e-05 0.959931088596881 5.61435020454033 0 3.98309068580134
19 51 8 7078.1363 1e-05 0.959931088596881 5.61435020454033 0 4.17944022665071
19 51 9 7078.1363 1e-05 0.959931088596881 5.61435020454033 0 4.37578976750007
19 51 10 7078.1363 1e-05 0.959931088596881 5.61435020454033 0 4.57213930834943
19 51 11 7078.1363 1e-05 0.959931088596881 5.61435020454033 0 4.76848884919879
19 51 12 7078.1363 1e-05 0.959931088596881 5.61435020454033 0 4.96483839004815
19 51 13 7078.1363 1e-05 0.959931088596881 5.61435020454033 0 5.16118793089752
19 51 14 7078.1363 1e-05 0.959931088596881 5.61435020454033 0 5.35753747174688
19 51 15 7078.1363 1e-05 0.959931088596881 5.61435020454033 0 5.55388701259624
19 51 16 7078.1363 1e-05 0.959931088596881 5.61435020454033 0 5.7502365534456
19 51 17 7078.1363 1e-05 0.959931088596881 5.61435020454033 0 5.94658609429497
19 51 18 7078.1363 1e-05 0.959931088596881 5.61435020454033 0 6.14293563514433
19 51 19 7078.1363 1e-05 0.959931088596881 5.61435020454033 0 6.33928517599369
19 51 20 7078.1363 1e-05 0.959931088596881 5.61435020454033 0 6.53563471684305
19 51 21 7078.1363 1e-05 0.959931088596881 5.61435020454033 0 6.73198425769241
19 51 22 7078.1363 1e-05 0.959931088596881 5.61435020454033 0 6.92833379854178
19 51 23 7078.1363 1e-05 0.959931088596881 5.61435020454033 0 7.12468333939114
19 51 24 7078.1363 1e-05 0.959931088596881 5.61435020454033 0 7.3210328802405
19 51 25 7078.1363 1e-05 0.959931088596881 5.61435020454033 0 7.51738242108986
19 51 26 7078.1363 1e-05 0.959931088596881 5.61435020454033 0 7.71373196193922
19 51 27 7078.1363 1e-05 0.959931088596881 5.61435020454033 0 7.91008150278859
19 51 28 7078.1363 1e-05 0.959931088596881 5.61435020454033 0 8.10643104363795
19 51 29 7078.1363 1e-05 0.959931088596881 5.61435020454033 0 8.30278058448731
19 51 30 7078.1363 1e-05 0.959931088596881 5.61435020454033 0 8.49913012533667
19 51 31 7078.1363 1e-05 0.959931088596881 5.61435020454033 0 8.69547966618603
19 51 32 7078.1363 1e-05 0.959931088596881 5.61435020454033 0 8.8918292070354
13 28 1 6978.1363 1e-05 0.959931088596881 5.68977336150151 0 2.82743338823081
13 28 2 6978.1363 1e-05 0.959931088596881 5.68977336150151 0 3.03687289847013
13 28 3 6978.1363 1e-05 0.959931088596881 5.68977336150151 0 3.24631240870945
13 28 4 6978.1363 1e-05 0.959931088596881 5.68977336150151 0 3.45575191894877
13 28 5 6978.1363 1e-05 0.959931088596881 5.68977336150151 0 3.66519142918809
13 28 6 6978.1363 1e-05 0.959931088596881 5.68977336150151 0 3.87463093942741
13 28 7 6978.1363 1e-05 0.959931088596881 5.68977336150151 0 4.08407044966673
13 28 8 6978.1363 1e-05 0.959931088596881 5.68977336150151 0 4.29350995990605
13 28 9 6978.1363 1e-05 0.959931088596881 5.68977336150151 0 4.50294947014537
13 28 10 6978.1363 1e-05 0.959931088596881 5.68977336150151 0 4.71238898038469
13 28 11 6978.1363 1e-05 0.959931088596881 5.68977336150151 0 4.92182849062401
13 28 12 6978.1363 1e-05 0.959931088596881 5.68977336150151 0 5.13126800086333
13 28 13 6978.1363 1e-05 0.959931088596881 5.68977336150151 0 5.34070751110265
13 28 14 6978.1363 1e-05 0.959931088596881 5.68977336150151 0 5.55014702134197
13 28 15 6978.1363 1e-05 0.959931088596881 5.68977336150151 0 5.75958653158129
13 28 16 6978.1363 1e-05 0.959931088596881 5.68977336150151 0 5.96902604182061
13 28 17 6978.1363 1e-05 0.959931088596881 5.68977336150151 0 6.17846555205993
13 28 18 6978.1363 1e-05 0.959931088596881 5.68977336150151 0 6.38790506229925
13 28 19 6978.1363 1e-05 0.959931088596881 5.68977336150151 0 6.59734457253857
13 28 20 6978.1363 1e-05 0.959931088596881 5.68977336150151 0 6.80678408277789
13 28 21 6978.1363 1e-05 0.959931088596881 5.68977336150151 0 7.01622359301721
13 28 22 6978.1363 1e-05 0.959931088596881 5.68977336150151 0 7.22566310325652
13 28 23 6978.1363 1e-05 0.959931088596881 5.68977336150151 0 7.43510261349584
13 28 24 6978.1363 1e-05 0.959931088596881 5.68977336150151 0 7.64454212373516
13 28 25 6978.1363 1e-05 0.959931088596881 5.68977336150151 0 7.85398163397448
13 28 26 6978.1363 1e-05 0.959931088596881 5.68977336150151 0 8.0634211442138
13 28 27 6978.1363 1e-05 0.959931088596881 5.68977336150151 0 8.27286065445312
13 28 28 6978.1363 1e-05 0.959931088596881 5.68977336150151 0 8.48230016469244
13 28 29 6978.1363 1e-05 0.959931088596881 5.68977336150151 0 8.69173967493176
13 28 30 6978.1363 1e-05 0.959931088596881 5.68977336150151 0 8.90117918517108
19 52 1 7078.1363 1e-05 0.959931088596881 5.72654994216854 0 2.86109330951928
19 52 2 7078.1363 1e-05 0.959931088596881 5.72654994216854 0 3.05744285036864
19 52 3 7078.1363 1e-05 0.959931088596881 5.72654994216854 0 3.253792391218
19 52 4 7078.1363 1e-05 0.959931088596881 5.72654994216854 0 3.45014193206736
19 52 5 7078.1363 1e-05 0.959931088596881 5.72654994216854 0 3.64649147291672
19 52 6 7078.1363 1e-05 0.959931088596881 5.72654994216854 0 3.84284101376609
19 52 7 7078.1363 1e-05 0.959931088596881 5.72654994216854 0 4.03919055461545
19 52 8 7078.1363 1e-05 0.959931088596881 5.72654994216854 0 4.23554009546481
19 52 9 7078.1363 1e-05 0.959931088596881 5.72654994216854 0 4.43188963631417
19 52 10 7078.1363 1e-05 0.959931088596881 5.72654994216854 0 4.62823917716353
19 52 11 7078.1363 1e-05 0.959931088596881 5.72654994216854 0 4.8245887180129
19 52 12 7078.1363 1e-05 0.959931088596881 5.72654994216854 0 5.02093825886226
19 52 13 7078.1363 1e-05 0.959931088596881 5.72654994216854 0 5.21728779971162
19 52 14 7078.1363 1e-05 0.959931088596881 5.72654994216854 0 5.41363734056098
19 52 15 7078.1363 1e-05 0.959931088596881 5.72654994216854 0 5.60998688141034
19 52 16 7078.1363 1e-05 0.959931088596881 5.72654994216854 0 5.80633642225971
19 52 17 7078.1363 1e-05 0.959931088596881 5.72654994216854 0 6.00268596310907
19 52 18 7078.1363 1e-05 0.959931088596881 5.72654994216854 0 6.19903550395843
19 52 19 7078.1363 1e-05 0.959931088596881 5.72654994216854 0 6.39538504480779
19 52 20 7078.1363 1e-05 0.959931088596881 5.72654994216854 0 6.59173458565716
19 52 21 7078.1363 1e-05 0.959931088596881 5.72654994216854 0 6.78808412650652
19 52 22 7078.1363 1e-05 0.959931088596881 5.72654994216854 0 6.98443366735588
19 52 23 7078.1363 1e-05 0.959931088596881 5.72654994216854 0 7.18078320820524
19 52 24 7078.1363 1e-05 0.959931088596881 5.72654994216854 0 7.3771327490546
19 52 25 7078.1363 1e-05 0.959931088596881 5.72654994216854 0 7.57348228990397
19 52 26 7078.1363 1e-05 0.959931088596881 5.72654994216854 0 7.76983183075333
19 52 27 7078.1363 1e-05 0.959931088596881 5.72654994216854 0 7.96618137160269
19 52 28 7078.1363 1e-05 0.959931088596881 5.72654994216854 0 8.16253091245205
19 52 29 7078.1363 1e-05 0.959931088596881 5.72654994216854 0 8.35888045330141
19 52 30 7078.1363 1e-05 0.959931088596881 5.72654994216854 0 8.55522999415078
19 52 31 7078.1363 1e-05 0.959931088596881 5.72654994216854 0 8.75157953500014
19 52 32 7078.1363 1e-05 0.959931088596881 5.72654994216854 0 8.9479290758495
12 34 1 6863.1363 1e-05 0.959931088596881 5.77703982410123 0 2.63295384300859
12 34 2 6863.1363 1e-05 0.959931088596881 5.77703982410123 0 2.81247342321372
12 34 3 6863.1363 1e-05 0.959931088596881 5.77703982410123 0 2.99199300341885
12 34 4 6863.1363 1e-05 0.959931088596881 5.77703982410123 0 3.17151258362398
12 34 5 6863.1363 1e-05 0.959931088596881 5.77703982410123 0 3.35103216382911
12 34 6 6863.1363 1e-05 0.959931088596881 5.77703982410123 0 3.53055174403424
12 34 7 6863.1363 1e-05 0.959931088596881 5.77703982410123 0 3.71007132423937
12 34 8 6863.1363 1e-05 0.959931088596881 5.77703982410123 0 3.88959090444451
12 34 9 6863.1363 1e-05 0.959931088596881 5.77703982410123 0 4.06911048464964
12 34 10 6863.1363 1e-05 0.959931088596881 5.77703982410123 0 4.24863006485477
12 34 11 6863.1363 1e-05 0.959931088596881 5.77703982410123 0 4.4281496450599
12 34 12 6863.1363 1e-05 0.959931088596881 5.77703982410123 0 4.60766922526503
12 34 13 6863.1363 1e-05 0.959931088596881 5.77703982410123 0 4.78718880547016
12 34 14 6863.1363 1e-05 0.959931088596881 5.77703982410123 0 4.96670838567529
12 34 15 6863.1363 1e-05 0.959931088596881 5.77703982410123 0 5.14622796588042
12 34 16 6863.1363 1e-05 0.959931088596881 5.77703982410123 0 5.32574754608555
12 34 17 6863.1363 1e-05 0.959931088596881 5.77703982410123 0 5.50526712629068
12 34 18 6863.1363 1e-05 0.959931088596881 5.77703982410123 0 5.68478670649582
12 34 19 6863.1363 1e-05 0.959931088596881 5.77703982410123 0 5.86430628670095
12 34 20 6863.1363 1e-05 0.959931088596881 5.77703982410123 0 6.04382586690608
12 34 21 6863.1363 1e-05 0.959931088596881 5.77703982410123 0 6.22334544711121
12 34 22 6863.1363 1e-05 0.959931088596881 5.77703982410123 0 6.40286502731634
12 34 23 6863.1363 1e-05 0.959931088596881 5.77703982410123 0 6.58238460752147
12 34 24 6863.1363 1e-05 0.959931088596881 5.77703982410123 0 6.7619041877266
12 34 25 6863.1363 1e-05 0.959931088596881 5.77703982410123 0 6.94142376793173
12 34 26 6863.1363 1e-05 0.959931088596881 5.77703982410123 0 7.12094334813686
12 34 27 6863.1363 1e-05 0.959931088596881 5.77703982410123 0 7.30046292834199
12 34 28 6863.1363 1e-05 0.959931088596881 5.77703982410123 0 7.47998250854713
12 34 29 6863.1363 1e-05 0.959931088596881 5.77703982410123 0 7.65950208875226
12 34 30 6863.1363 1e-05 0.959931088596881 5.77703982410123 0 7.83902166895739
12 34 31 6863.1363 1e-05 0.959931088596881 5.77703982410123 0 8.01854124916252
12 34 32 6863.1363 1e-05 0.959931088596881 5.77703982410123 0 8.19806082936765
12 34 33 6863.1363 1e-05 0.959931088596881 5.77703982410123 0 8.37758040957278
12 34 34 6863.1363 1e-05 0.959931088596881 5.77703982410123 0 8.55709998977791
12 34 35 6863.1363 1e-05 0.959931088596881 5.77703982410123 0 8.73661956998304
16 34 1 6853.1363 1e-05 0.959931088596881 5.7857664703612 0 2.87979326579064
16 34 2 6853.1363 1e-05 0.959931088596881 5.7857664703612 0 3.00545697193424
16 34 3 6853.1363 1e-05 0.959931088596881 5.7857664703612 0 3.13112067807783
16 34 4 6853.1363 1e-05 0.959931088596881 5.7857664703612 0 3.25678438422142
16 34 5 6853.1363 1e-05 0.959931088596881 5.7857664703612 0 3.38244809036501
16 34 6 6853.1363 1e-05 0.959931088596881 5.7857664703612 0 3.5081117965086
16 34 7 6853.1363 1e-05 0.959931088596881 5.7857664703612 0 3.63377550265219
16 34 8 6853.1363 1e-05 0.959931088596881 5.7857664703612 0 3.75943920879579
16 34 9 6853.1363 1e-05 0.959931088596881 5.7857664703612 0 3.88510291493938
16 34 10 6853.1363 1e-05 0.959931088596881 5.7857664703612 0 4.01076662108297
16 34 11 6853.1363 1e-05 0.959931088596881 5.7857664703612 0 4.13643032722656
16 34 12 6853.1363 1e-05 0.959931088596881 5.7857664703612 0 4.26209403337015
16 34 13 6853.1363 1e-05 0.959931088596881 5.7857664703612 0 4.38775773951375
16 34 14 6853.1363 1e-05 0.959931088596881 5.7857664703612 0 4.51342144565734
16 34 15 6853.1363 1e-05 0.959931088596881 5.7857664703612 0 4.63908515180093
16 34 16 6853.1363 1e-05 0.959931088596881 5.7857664703612 0 4.76474885794452
16 34 17 6853.1363 1e-05 0.959931088596881 5.7857664703612 0 4.89041256408811
16 34 18 6853.1363 1e-05 0.959931088596881 5.7857664703612 0 5.0160762702317
16 34 19 6853.1363 1e-05 0.959931088596881 5.7857664703612 0 5.14173997637529
16 34 20 6853.1363 1e-05 0.959931088596881 5.7857664703612 0 5.26740368251889
16 34 21 6853.1363 1e-05 0.959931088596881 5.7857664703612 0 5.39306738866248
16 34 22 6853.1363 1e-05 0.959931088596881 5.7857664703612 0 5.51873109480607
16 34 23 6853.1363 1e-05 0.959931088596881 5.7857664703612 0 5.64439480094966
16 34 24 6853.1363 1e-05 0.959931088596881 5.7857664703612 0 5.77005850709325
16 34 25 6853.1363 1e-05 0.959931088596881 5.7857664703612 0 5.89572221323685
16 34 26 6853.1363 1e-05 0.959931088596881 5.7857664703612 0 6.02138591938044
16 34 27 6853.1363 1e-05 0.959931088596881 5.7857664703612 0 6.14704962552403
16 34 28 6853.1363 1e-05 0.959931088596881 5.7857664703612 0 6.27271333166762
16 34 29 6853.1363 1e-05 0.959931088596881 5.7857664703612 0 6.39837703781121
16 34 30 6853.1363 1e-05 0.959931088596881 5.7857664703612 0 6.5240407439548
16 34 31 6853.1363 1e-05 0.959931088596881 5.7857664703612 0 6.6497044500984
16 34 32 6853.1363 1e-05 0.959931088596881 5.7857664703612 0 6.77536815624199
16 34 33 6853.1363 1e-05 0.959931088596881 5.7857664703612 0 6.90103186238558
16 34 34 6853.1363 1e-05 0.959931088596881 5.7857664703612 0 7.02669556852917
16 34 35 6853.1363 1e-05 0.959931088596881 5.7857664703612 0 7.15235927467276
16 34 36 6853.1363 1e-05 0.959931088596881 5.7857664703612 0 7.27802298081635
16 34 37 6853.1363 1e-05 0.959931088596881 5.7857664703612 0 7.40368668695995
16 34 38 6853.1363 1e-05 0.959931088596881 5.7857664703612 0 7.52935039310354
16 34 39 6853.1363 1e-05 0.959931088596881 5.7857664703612 0 7.65501409924713
16 34 40 6853.1363 1e-05 0.959931088596881 5.7857664703612 0 7.78067780539072
16 34 41 6853.1363 1e-05 0.959931088596881 5.7857664703612 0 7.90634151153431
16 34 42 6853.1363 1e-05 0.959931088596881 5.7857664703612 0 8.03200521767791
16 34 43 6853.1363 1e-05 0.959931088596881 5.7857664703612 0 8.1576689238215
16 34 44 6853.1363 1e-05 0.959931088596881 5.7857664703612 0 8.28333262996509
16 34 45 6853.1363 1e-05 0.959931088596881 5.7857664703612 0 8.40899633610868
16 34 46 6853.1363 1e-05 0.959931088596881 5.7857664703612 0 8.53466004225227
16 34 47 6853.1363 1e-05 0.959931088596881 5.7857664703612 0 8.66032374839586
16 34 48 6853.1363 1e-05 0.959931088596881 5.7857664703612 0 8.78598745453946
16 34 49 6853.1363 1e-05 0.959931088596881 5.7857664703612 0 8.91165116068305
16 34 50 6853.1363 1e-05 0.959931088596881 5.7857664703612 0 9.03731486682664
19 53 1 7078.1363 1e-05 0.959931088596881 5.83874967979674 0 2.91719317833338
19 53 2 7078.1363 1e-05 0.959931088596881 5.83874967979674 0 3.11354271918274
19 53 3 7078.1363 1e-05 0.959931088596881 5.83874967979674 0 3.3098922600321
19 53 4 7078.1363 1e-05 0.959931088596881 5.83874967979674 0 3.50624180088147
19 53 5 7078.1363 1e-05 0.959931088596881 5.83874967979674 0 3.70259134173083
19 53 6 7078.1363 1e-05 0.959931088596881 5.83874967979674 0 3.89894088258019
19 53 7 7078.1363 1e-05 0.959931088596881 5.83874967979674 0 4.09529042342955
19 53 8 7078.1363 1e-05 0.959931088596881 5.83874967979674 0 4.29163996427891
19 53 9 7078.1363 1e-05 0.959931088596881 5.83874967979674 0 4.48798950512828
19 53 10 7078.1363 1e-05 0.959931088596881 5.83874967979674 0 4.68433904597764
19 53 11 7078.1363 1e-05 0.959931088596881 5.83874967979674 0 4.880688586827
19 53 12 7078.1363 1e-05 0.959931088596881 5.83874967979674 0 5.07703812767636
19 53 13 7078.1363 1e-05 0.959931088596881 5.83874967979674 0 5.27338766852572
19 53 14 7078.1363 1e-05 0.959931088596881 5.83874967979674 0 5.46973720937509
19 53 15 7078.1363 1e-05 0.959931088596881 5.83874967979674 0 5.66608675022445
19 53 16 7078.1363 1e-05 0.959931088596881 5.83874967979674 0 5.86243629107381
19 53 17 7078.1363 1e-05 0.959931088596881 5.83874967979674 0 6.05878583192317
19 53 18 7078.1363 1e-05 0.959931088596881 5.83874967979674 0 6.25513537277253
19 53 19 7078.1363 1e-05 0.959931088596881 5.83874967979674 0 6.4514849136219
19 53 20 7078.1363 1e-05 0.959931088596881 5.83874967979674 0 6.64783445447126
19 53 21 7078.1363 1e-05 0.959931088596881 5.83874967979674 0 6.84418399532062
19 53 22 7078.1363 1e-05 0.959931088596881 5.83874967979674 0 7.04053353616998
19 53 23 7078.1363 1e-05 0.959931088596881 5.83874967979674 0 7.23688307701934
19 53 24 7078.1363 1e-05 0.959931088596881 5.83874967979674 0 7.43323261786871
19 53 25 7078.1363 1e-05 0.959931088596881 5.83874967979674 0 7.62958215871807
19 53 26 7078.1363 1e-05 0.959931088596881 5.83874967979674 0 7.82593169956743
19 53 27 7078.1363 1e-05 0.959931088596881 5.83874967979674 0 8.02228124041679
19 53 28 7078.1363 1e-05 0.959931088596881 5.83874967979674 0 8.21863078126615
19 53 29 7078.1363 1e-05 0.959931088596881 5.83874967979674 0 8.41498032211552
19 53 30 7078.1363 1e-05 0.959931088596881 5.83874967979674 0 8.61132986296488
19 53 31 7078.1363 1e-05 0.959931088596881 5.83874967979674 0 8.80767940381424
19 53 32 7078.1363 1e-05 0.959931088596881 5.83874967979674 0 9.0040289446636
13 29 1 6978.1363 1e-05 0.959931088596881 5.89921287174083 0 2.93215314335047
13 29 2 6978.1363 1e-05 0.959931088596881 5.89921287174083 0 3.14159265358979
13 29 3 6978.1363 1e-05 0.959931088596881 5.89921287174083 0 3.35103216382911
13 29 4 6978.1363 1e-05 0.959931088596881 5.89921287174083 0 3.56047167406843
13 29 5 6978.1363 1e-05 0.959931088596881 5.89921287174083 0 3.76991118430775
13 29 6 6978.1363 1e-05 0.959931088596881 5.89921287174083 0 3.97935069454707
13 29 7 6978.1363 1e-05 0.959931088596881 5.89921287174083 0 4.18879020478639
13 29 8 6978.1363 1e-05 0.959931088596881 5.89921287174083 0 4.39822971502571
13 29 9 6978.1363 1e-05 0.959931088596881 5.89921287174083 0 4.60766922526503
13 29 10 6978.1363 1e-05 0.959931088596881 5.89921287174083 0 4.81710873550435
13 29 11 6978.1363 1e-05 0.959931088596881 5.89921287174083 0 5.02654824574367
13 29 12 6978.1363 1e-05 0.959931088596881 5.89921287174083 0 5.23598775598299
13 29 13 6978.1363 1e-05 0.959931088596881 5.89921287174083 0 5.44542726622231
13 29 14 6978.1363 1e-05 0.959931088596881 5.89921287174083 0 5.65486677646163
13 29 15 6978.1363 1e-05 0.959931088596881 5.89921287174083 0 5.86430628670095
13 29 16 6978.1363 1e-05 0.959931088596881 5.89921287174083 0 6.07374579694027
13 29 17 6978.1363 1e-05 0.959931088596881 5.89921287174083 0 6.28318530717959
13 29 18 6978.1363 1e-05 0.959931088596881 5.89921287174083 0 6.49262481741891
13 29 19 6978.1363 1e-05 0.959931088596881 5.89921287174083 0 6.70206432765823
13 29 20 6978.1363 1e-05 0.959931088596881 5.89921287174083 0 6.91150383789754
13 29 21 6978.1363 1e-05 0.959931088596881 5.89921287174083 0 7.12094334813686
13 29 22 6978.1363 1e-05 0.959931088596881 5.89921287174083 0 7.33038285837618
13 29 23 6978.1363 1e-05 0.959931088596881 5.89921287174083 0 7.5398223686155
13 29 24 6978.1363 1e-05 0.959931088596881 5.89921287174083 0 7.74926187885482
13 29 25 6978.1363 1e-05 0.959931088596881 5.89921287174083 0 7.95870138909414
13 29 26 6978.1363 1e-05 0.959931088596881 5.89921287174083 0 8.16814089933346
13 29 27 6978.1363 1e-05 0.959931088596881 5.89921287174083 0 8.37758040957278
13 29 28 6978.1363 1e-05 0.959931088596881 5.89921287174083 0 8.5870199198121
13 29 29 6978.1363 1e-05 0.959931088596881 5.89921287174083 0 8.79645943005142
13 29 30 6978.1363 1e-05 0.959931088596881 5.89921287174083 0 9.00589894029074
19 54 1 7078.1363 1e-05 0.959931088596881 5.95094941742495 0 2.97329304714748
19 54 2 7078.1363 1e-05 0.959931088596881 5.95094941742495 0 3.16964258799684
19 54 3 7078.1363 1e-05 0.959931088596881 5.95094941742495 0 3.36599212884621
19 54 4 7078.1363 1e-05 0.959931088596881 5.95094941742495 0 3.56234166969557
19 54 5 7078.1363 1e-05 0.959931088596881 5.95094941742495 0 3.75869121054493
19 54 6 7078.1363 1e-05 0.959931088596881 5.95094941742495 0 3.95504075139429
19 54 7 7078.1363 1e-05 0.959931088596881 5.95094941742495 0 4.15139029224366
19 54 8 7078.1363 1e-05 0.959931088596881 5.95094941742495 0 4.34773983309302
19 54 9 7078.1363 1e-05 0.959931088596881 5.95094941742495 0 4.54408937394238
19 54 10 7078.1363 1e-05 0.959931088596881 5.95094941742495 0 4.74043891479174
19 54 11 7078.1363 1e-05 0.959931088596881 5.95094941742495 0 4.9367884556411
19 54 12 7078.1363 1e-05 0.959931088596881 5.95094941742495 0 5.13313799649046
19 54 13 7078.1363 1e-05 0.959931088596881 5.95094941742495 0 5.32948753733983
19 54 14 7078.1363 1e-05 0.959931088596881 5.95094941742495 0 5.52583707818919
19 54 15 7078.1363 1e-05 0.959931088596881 5.95094941742495 0 5.72218661903855
19 54 16 7078.1363 1e-05 0.959931088596881 5.95094941742495 0 5.91853615988791
19 54 17 7078.1363 1e-05 0.959931088596881 5.95094941742495 0 6.11488570073728
19 54 18 7078.1363 1e-05 0.959931088596881 5.95094941742495 0 6.31123524158664
19 54 19 7078.1363 1e-05 0.959931088596881 5.95094941742495 0 6.507584782436
19 54 20 7078.1363 1e-05 0.959931088596881 5.95094941742495 0 6.70393432328536
19 54 21 7078.1363 1e-05 0.959931088596881 5.95094941742495 0 6.90028386413472
19 54 22 7078.1363 1e-05 0.959931088596881 5.95094941742495 0 7.09663340498409
19 54 23 7078.1363 1e-05 0.959931088596881 5.95094941742495 0 7.29298294583345
19 54 24 7078.1363 1e-05 0.959931088596881 5.95094941742495 0 7.48933248668281
19 54 25 7078.1363 1e-05 0.959931088596881 5.95094941742495 0 7.68568202753217
19 54 26 7078.1363 1e-05 0.959931088596881 5.95094941742495 0 7.88203156838154
19 54 27 7078.1363 1e-05 0.959931088596881 5.95094941742495 0 8.0783811092309
19 54 28 7078.1363 1e-05 0.959931088596881 5.95094941742495 0 8.27473065008026
19 54 29 7078.1363 1e-05 0.959931088596881 5.95094941742495 0 8.47108019092962
19 54 30 7078.1363 1e-05 0.959931088596881 5.95094941742495 0 8.66742973177898
19 54 31 7078.1363 1e-05 0.959931088596881 5.95094941742495 0 8.86377927262834
19 54 32 7078.1363 1e-05 0.959931088596881 5.95094941742495 0 9.06012881347771
12 35 1 6863.1363 1e-05 0.959931088596881 5.95157274930066 0 2.71274032309976
12 35 2 6863.1363 1e-05 0.959931088596881 5.95157274930066 0 2.89225990330489
12 35 3 6863.1363 1e-05 0.959931088596881 5.95157274930066 0 3.07177948351002
12 35 4 6863.1363 1e-05 0.959931088596881 5.95157274930066 0 3.25129906371515
12 35 5 6863.1363 1e-05 0.959931088596881 5.95157274930066 0 3.43081864392028
12 35 6 6863.1363 1e-05 0.959931088596881 5.95157274930066 0 3.61033822412541
12 35 7 6863.1363 1e-05 0.959931088596881 5.95157274930066 0 3.78985780433054
12 35 8 6863.1363 1e-05 0.959931088596881 5.95157274930066 0 3.96937738453568
12 35 9 6863.1363 1e-05 0.959931088596881 5.95157274930066 0 4.14889696474081
12 35 10 6863.1363 1e-05 0.959931088596881 5.95157274930066 0 4.32841654494594
12 35 11 6863.1363 1e-05 0.959931088596881 5.95157274930066 0 4.50793612515107
12 35 12 6863.1363 1e-05 0.959931088596881 5.95157274930066 0 4.6874557053562
12 35 13 6863.1363 1e-05 0.959931088596881 5.95157274930066 0 4.86697528556133
12 35 14 6863.1363 1e-05 0.959931088596881 5.95157274930066 0 5.04649486576646
12 35 15 6863.1363 1e-05 0.959931088596881 5.95157274930066 0 5.22601444597159
12 35 16 6863.1363 1e-05 0.959931088596881 5.95157274930066 0 5.40553402617672
12 35 17 6863.1363 1e-05 0.959931088596881 5.95157274930066 0 5.58505360638185
12 35 18 6863.1363 1e-05 0.959931088596881 5.95157274930066 0 5.76457318658699
12 35 19 6863.1363 1e-05 0.959931088596881 5.95157274930066 0 5.94409276679212
12 35 20 6863.1363 1e-05 0.959931088596881 5.95157274930066 0 6.12361234699725
12 35 21 6863.1363 1e-05 0.959931088596881 5.95157274930066 0 6.30313192720238
12 35 22 6863.1363 1e-05 0.959931088596881 5.95157274930066 0 6.48265150740751
12 35 23 6863.1363 1e-05 0.959931088596881 5.95157274930066 0 6.66217108761264
12 35 24 6863.1363 1e-05 0.959931088596881 5.95157274930066 0 6.84169066781777
12 35 25 6863.1363 1e-05 0.959931088596881 5.95157274930066 0 7.0212102480229
12 35 26 6863.1363 1e-05 0.959931088596881 5.95157274930066 0 7.20072982822803
12 35 27 6863.1363 1e-05 0.959931088596881 5.95157274930066 0 7.38024940843316
12 35 28 6863.1363 1e-05 0.959931088596881 5.95157274930066 0 7.5597689886383
12 35 29 6863.1363 1e-05 0.959931088596881 5.95157274930066 0 7.73928856884343
12 35 30 6863.1363 1e-05 0.959931088596881 5.95157274930066 0 7.91880814904856
12 35 31 6863.1363 1e-05 0.959931088596881 5.95157274930066 0 8.09832772925369
12 35 32 6863.1363 1e-05 0.959931088596881 5.95157274930066 0 8.27784730945882
12 35 33 6863.1363 1e-05 0.959931088596881 5.95157274930066 0 8.45736688966395
12 35 34 6863.1363 1e-05 0.959931088596881 5.95157274930066 0 8.63688646986908
12 35 35 6863.1363 1e-05 0.959931088596881 5.95157274930066 0 8.81640605007421
16 35 1 6853.1363 1e-05 0.959931088596881 5.96029939556063 0 2.96705972839036
16 35 2 6853.1363 1e-05 0.959931088596881 5.96029939556063 0 3.09272343453395
16 35 3 6853.1363 1e-05 0.959931088596881 5.96029939556063 0 3.21838714067754
16 35 4 6853.1363 1e-05 0.959931088596881 5.96029939556063 0 3.34405084682114
16 35 5 6853.1363 1e-05 0.959931088596881 5.96029939556063 0 3.46971455296473
16 35 6 6853.1363 1e-05 0.959931088596881 5.96029939556063 0 3.59537825910832
16 35 7 6853.1363 1e-05 0.959931088596881 5.96029939556063 0 3.72104196525191
16 35 8 6853.1363 1e-05 0.959931088596881 5.96029939556063 0 3.8467056713955
16 35 9 6853.1363 1e-05 0.959931088596881 5.96029939556063 0 3.97236937753909
16 35 10 6853.1363 1e-05 0.959931088596881 5.96029939556063 0 4.09803308368269
16 35 11 6853.1363 1e-05 0.959931088596881 5.96029939556063 0 4.22369678982628
16 35 12 6853.1363 1e-05 0.959931088596881 5.96029939556063 0 4.34936049596987
16 35 13 6853.1363 1e-05 0.959931088596881 5.96029939556063 0 4.47502420211346
16 35 14 6853.1363 1e-05 0.959931088596881 5.96029939556063 0 4.60068790825705
16 35 15 6853.1363 1e-05 0.959931088596881 5.96029939556063 0 4.72635161440065
16 35 16 6853.1363 1e-05 0.959931088596881 5.96029939556063 0 4.85201532054424
16 35 17 6853.1363 1e-05 0.959931088596881 5.96029939556063 0 4.97767902668783
16 35 18 6853.1363 1e-05 0.959931088596881 5.96029939556063 0 5.10334273283142
16 35 19 6853.1363 1e-05 0.959931088596881 5.96029939556063 0 5.22900643897501
16 35 20 6853.1363 1e-05 0.959931088596881 5.96029939556063 0 5.3546701451186
16 35 21 6853.1363 1e-05 0.959931088596881 5.96029939556063 0 5.48033385126219
16 35 22 6853.1363 1e-05 0.959931088596881 5.96029939556063 0 5.60599755740579
16 35 23 6853.1363 1e-05 0.959931088596881 5.96029939556063 0 5.73166126354938
16 35 24 6853.1363 1e-05 0.959931088596881 5.96029939556063 0 5.85732496969297
16 35 25 6853.1363 1e-05 0.959931088596881 5.96029939556063 0 5.98298867583656
16 35 26 6853.1363 1e-05 0.959931088596881 5.96029939556063 0 6.10865238198015
16 35 27 6853.1363 1e-05 0.959931088596881 5.96029939556063 0 6.23431608812375
16 35 28 6853.1363 1e-05 0.959931088596881 5.96029939556063 0 6.35997979426734
16 35 29 6853.1363 1e-05 0.959931088596881 5.96029939556063 0 6.48564350041093
16 35 30 6853.1363 1e-05 0.959931088596881 5.96029939556063 0 6.61130720655452
16 35 31 6853.1363 1e-05 0.959931088596881 5.96029939556063 0 6.73697091269811
16 35 32 6853.1363 1e-05 0.959931088596881 5.96029939556063 0 6.8626346188417
16 35 33 6853.1363 1e-05 0.959931088596881 5.96029939556063 0 6.9882983249853
16 35 34 6853.1363 1e-05 0.959931088596881 5.96029939556063 0 7.11396203112889
16 35 35 6853.1363 1e-05 0.959931088596881 5.96029939556063 0 7.23962573727248
16 35 36 6853.1363 1e-05 0.959931088596881 5.96029939556063 0 7.36528944341607
16 35 37 6853.1363 1e-05 0.959931088596881 5.96029939556063 0 7.49095314955966
16 35 38 6853.1363 1e-05 0.959931088596881 5.96029939556063 0 7.61661685570325
16 35 39 6853.1363 1e-05 0.959931088596881 5.96029939556063 0 7.74228056184685
16 35 40 6853.1363 1e-05 0.959931088596881 5.96029939556063 0 7.86794426799044
16 35 41 6853.1363 1e-05 0.959931088596881 5.96029939556063 0 7.99360797413403
16 35 42 6853.1363 1e-05 0.959931088596881 5.96029939556063 0 8.11927168027762
16 35 43 6853.1363 1e-05 0.959931088596881 5.96029939556063 0 8.24493538642121
16 35 44 6853.1363 1e-05 0.959931088596881 5.96029939556063 0 8.37059909256481
16 35 45 6853.1363 1e-05 0.959931088596881 5.96029939556063 0 8.4962627987084
16 35 46 6853.1363 1e-05 0.959931088596881 5.96029939556063 0 8.62192650485199
16 35 47 6853.1363 1e-05 0.959931088596881 5.96029939556063 0 8.74759021099558
16 35 48 6853.1363 1e-05 0.959931088596881 5.96029939556063 0 8.87325391713917
16 35 49 6853.1363 1e-05 0.959931088596881 5.96029939556063 0 8.99891762328276
16 35 50 6853.1363 1e-05 0.959931088596881 5.96029939556063 0 9.12458132942636
19 55 1 7078.1363 1e-05 0.959931088596881 6.06314915505316 0 3.02939291596159
19 55 2 7078.1363 1e-05 0.959931088596881 6.06314915505316 0 3.22574245681095
19 55 3 7078.1363 1e-05 0.959931088596881 6.06314915505316 0 3.42209199766031
19 55 4 7078.1363 1e-05 0.959931088596881 6.06314915505316 0 3.61844153850967
19 55 5 7078.1363 1e-05 0.959931088596881 6.06314915505316 0 3.81479107935903
19 55 6 7078.1363 1e-05 0.959931088596881 6.06314915505316 0 4.0111406202084
19 55 7 7078.1363 1e-05 0.959931088596881 6.06314915505316 0 4.20749016105776
19 55 8 7078.1363 1e-05 0.959931088596881 6.06314915505316 0 4.40383970190712
19 55 9 7078.1363 1e-05 0.959931088596881 6.06314915505316 0 4.60018924275648
19 55 10 7078.1363 1e-05 0.959931088596881 6.06314915505316 0 4.79653878360585
19 55 11 7078.1363 1e-05 0.959931088596881 6.06314915505316 0 4.99288832445521
19 55 12 7078.1363 1e-05 0.959931088596881 6.06314915505316 0 5.18923786530457
19 55 13 7078.1363 1e-05 0.959931088596881 6.06314915505316 0 5.38558740615393
19 55 14 7078.1363 1e-05 0.959931088596881 6.06314915505316 0 5.58193694700329
19 55 15 7078.1363 1e-05 0.959931088596881 6.06314915505316 0 5.77828648785266
19 55 16 7078.1363 1e-05 0.959931088596881 6.06314915505316 0 5.97463602870202
19 55 17 7078.1363 1e-05 0.959931088596881 6.06314915505316 0 6.17098556955138
19 55 18 7078.1363 1e-05 0.959931088596881 6.06314915505316 0 6.36733511040074
19 55 19 7078.1363 1e-05 0.959931088596881 6.06314915505316 0 6.5636846512501
19 55 20 7078.1363 1e-05 0.959931088596881 6.06314915505316 0 6.76003419209947
19 55 21 7078.1363 1e-05 0.959931088596881 6.06314915505316 0 6.95638373294883
19 55 22 7078.1363 1e-05 0.959931088596881 6.06314915505316 0 7.15273327379819
19 55 23 7078.1363 1e-05 0.959931088596881 6.06314915505316 0 7.34908281464755
19 55 24 7078.1363 1e-05 0.959931088596881 6.06314915505316 0 7.54543235549691
19 55 25 7078.1363 1e-05 0.959931088596881 6.06314915505316 0 7.74178189634628
19 55 26 7078.1363 1e-05 0.959931088596881 6.06314915505316 0 7.93813143719564
19 55 27 7078.1363 1e-05 0.959931088596881 6.06314915505316 0 8.134480978045
19 55 28 7078.1363 1e-05 0.959931088596881 6.06314915505316 0 8.33083051889436
19 55 29 7078.1363 1e-05 0.959931088596881 6.06314915505316 0 8.52718005974372
19 55 30 7078.1363 1e-05 0.959931088596881 6.06314915505316 0 8.72352960059309
19 55 31 7078.1363 1e-05 0.959931088596881 6.06314915505316 0 8.91987914144245
19 55 32 7078.1363 1e-05 0.959931088596881 6.06314915505316 0 9.11622868229181
13 30 1 6978.1363 1e-05 0.959931088596881 6.10865238198015 0 3.03687289847013
13 30 2 6978.1363 1e-05 0.959931088596881 6.10865238198015 0 3.24631240870945
13 30 3 6978.1363 1e-05 0.959931088596881 6.10865238198015 0 3.45575191894877
13 30 4 6978.1363 1e-05 0.959931088596881 6.10865238198015 0 3.66519142918809
13 30 5 6978.1363 1e-05 0.959931088596881 6.10865238198015 0 3.87463093942741
13 30 6 6978.1363 1e-05 0.959931088596881 6.10865238198015 0 4.08407044966673
13 30 7 6978.1363 1e-05 0.959931088596881 6.10865238198015 0 4.29350995990605
13 30 8 6978.1363 1e-05 0.959931088596881 6.10865238198015 0 4.50294947014537
13 30 9 6978.1363 1e-05 0.959931088596881 6.10865238198015 0 4.71238898038469
13 30 10 6978.1363 1e-05 0.959931088596881 6.10865238198015 0 4.92182849062401
13 30 11 6978.1363 1e-05 0.959931088596881 6.10865238198015 0 5.13126800086333
13 30 12 6978.1363 1e-05 0.959931088596881 6.10865238198015 0 5.34070751110265
13 30 13 6978.1363 1e-05 0.959931088596881 6.10865238198015 0 5.55014702134197
13 30 14 6978.1363 1e-05 0.959931088596881 6.10865238198015 0 5.75958653158129
13 30 15 6978.1363 1e-05 0.959931088596881 6.10865238198015 0 5.96902604182061
13 30 16 6978.1363 1e-05 0.959931088596881 6.10865238198015 0 6.17846555205993
13 30 17 6978.1363 1e-05 0.959931088596881 6.10865238198015 0 6.38790506229925
13 30 18 6978.1363 1e-05 0.959931088596881 6.10865238198015 0 6.59734457253857
13 30 19 6978.1363 1e-05 0.959931088596881 6.10865238198015 0 6.80678408277789
13 30 20 6978.1363 1e-05 0.959931088596881 6.10865238198015 0 7.01622359301721
13 30 21 6978.1363 1e-05 0.959931088596881 6.10865238198015 0 7.22566310325652
13 30 22 6978.1363 1e-05 0.959931088596881 6.10865238198015 0 7.43510261349584
13 30 23 6978.1363 1e-05 0.959931088596881 6.10865238198015 0 7.64454212373516
13 30 24 6978.1363 1e-05 0.959931088596881 6.10865238198015 0 7.85398163397448
13 30 25 6978.1363 1e-05 0.959931088596881 6.10865238198015 0 8.0634211442138
13 30 26 6978.1363 1e-05 0.959931088596881 6.10865238198015 0 8.27286065445312
13 30 27 6978.1363 1e-05 0.959931088596881 6.10865238198015 0 8.48230016469244
13 30 28 6978.1363 1e-05 0.959931088596881 6.10865238198015 0 8.69173967493176
13 30 29 6978.1363 1e-05 0.959931088596881 6.10865238198015 0 8.90117918517108
13 30 30 6978.1363 1e-05 0.959931088596881 6.10865238198015 0 9.1106186954104
12 36 1 6863.1363 1e-05 0.959931088596881 6.1261056745001 0 2.79252680319093
12 36 2 6863.1363 1e-05 0.959931088596881 6.1261056745001 0 2.97204638339606
12 36 3 6863.1363 1e-05 0.959931088596881 6.1261056745001 0 3.15156596360119
12 36 4 6863.1363 1e-05 0.959931088596881 6.1261056745001 0 3.33108554380632
12 36 5 6863.1363 1e-05 0.959931088596881 6.1261056745001 0 3.51060512401145
12 36 6 6863.1363 1e-05 0.959931088596881 6.1261056745001 0 3.69012470421658
12 36 7 6863.1363 1e-05 0.959931088596881 6.1261056745001 0 3.86964428442171
12 36 8 6863.1363 1e-05 0.959931088596881 6.1261056745001 0 4.04916386462684
12 36 9 6863.1363 1e-05 0.959931088596881 6.1261056745001 0 4.22868344483198
12 36 10 6863.1363 1e-05 0.959931088596881 6.1261056745001 0 4.40820302503711
12 36 11 6863.1363 1e-05 0.959931088596881 6.1261056745001 0 4.58772260524224
12 36 12 6863.1363 1e-05 0.959931088596881 6.1261056745001 0 4.76724218544737
12 36 13 6863.1363 1e-05 0.959931088596881 6.1261056745001 0 4.9467617656525
12 36 14 6863.1363 1e-05 0.959931088596881 6.1261056745001 0 5.12628134585763
12 36 15 6863.1363 1e-05 0.959931088596881 6.1261056745001 0 5.30580092606276
12 36 16 6863.1363 1e-05 0.959931088596881 6.1261056745001 0 5.48532050626789
12 36 17 6863.1363 1e-05 0.959931088596881 6.1261056745001 0 5.66484008647302
12 36 18 6863.1363 1e-05 0.959931088596881 6.1261056745001 0 5.84435966667816
12 36 19 6863.1363 1e-05 0.959931088596881 6.1261056745001 0 6.02387924688329
12 36 20 6863.1363 1e-05 0.959931088596881 6.1261056745001 0 6.20339882708842
12 36 21 6863.1363 1e-05 0.959931088596881 6.1261056745001 0 6.38291840729355
12 36 22 6863.1363 1e-05 0.959931088596881 6.1261056745001 0 6.56243798749868
12 36 23 6863.1363 1e-05 0.959931088596881 6.1261056745001 0 6.74195756770381
12 36 24 6863.1363 1e-05 0.959931088596881 6.1261056745001 0 6.92147714790894
12 36 25 6863.1363 1e-05 0.959931088596881 6.1261056745001 0 7.10099672811407
12 36 26 6863.1363 1e-05 0.959931088596881 6.1261056745001 0 7.2805163083192
12 36 27 6863.1363 1e-05 0.959931088596881 6.1261056745001 0 7.46003588852433
12 36 28 6863.1363 1e-05 0.959931088596881 6.1261056745001 0 7.63955546872947
12 36 29 6863.1363 1e-05 0.959931088596881 6.1261056745001 0 7.8190750489346
12 36 30 6863.1363 1e-05 0.959931088596881 6.1261056745001 0 7.99859462913973
12 36 31 6863.1363 1e-05 0.959931088596881 6.1261056745001 0 8.17811420934486
12 36 32 6863.1363 1e-05 0.959931088596881 6.1261056745001 0 8.35763378954999
12 36 33 6863.1363 1e-05 0.959931088596881 6.1261056745001 0 8.53715336975512
12 36 34 6863.1363 1e-05 0.959931088596881 6.1261056745001 0 8.71667294996025
12 36 35 6863.1363 1e-05 0.959931088596881 6.1261056745001 0 8.89619253016538
16 36 1 6853.1363 1e-05 0.959931088596881 6.13483232076007 0 3.05432619099008
16 36 2 6853.1363 1e-05 0.959931088596881 6.13483232076007 0 3.17998989713367
16 36 3 6853.1363 1e-05 0.959931088596881 6.13483232076007 0 3.30565360327726
16 36 4 6853.1363 1e-05 0.959931088596881 6.13483232076007 0 3.43131730942085
16 36 5 6853.1363 1e-05 0.959931088596881 6.13483232076007 0 3.55698101556444
16 36 6 6853.1363 1e-05 0.959931088596881 6.13483232076007 0 3.68264472170804
16 36 7 6853.1363 1e-05 0.959931088596881 6.13483232076007 0 3.80830842785163
16 36 8 6853.1363 1e-05 0.959931088596881 6.13483232076007 0 3.93397213399522
16 36 9 6853.1363 1e-05 0.959931088596881 6.13483232076007 0 4.05963584013881
16 36 10 6853.1363 1e-05 0.959931088596881 6.13483232076007 0 4.1852995462824
16 36 11 6853.1363 1e-05 0.959931088596881 6.13483232076007 0 4.31096325242599
16 36 12 6853.1363 1e-05 0.959931088596881 6.13483232076007 0 4.43662695856959
16 36 13 6853.1363 1e-05 0.959931088596881 6.13483232076007 0 4.56229066471318
16 36 14 6853.1363 1e-05 0.959931088596881 6.13483232076007 0 4.68795437085677
16 36 15 6853.1363 1e-05 0.959931088596881 6.13483232076007 0 4.81361807700036
16 36 16 6853.1363 1e-05 0.959931088596881 6.13483232076007 0 4.93928178314395
16 36 17 6853.1363 1e-05 0.959931088596881 6.13483232076007 0 5.06494548928754
16 36 18 6853.1363 1e-05 0.959931088596881 6.13483232076007 0 5.19060919543114
16 36 19 6853.1363 1e-05 0.959931088596881 6.13483232076007 0 5.31627290157473
16 36 20 6853.1363 1e-05 0.959931088596881 6.13483232076007 0 5.44193660771832
16 36 21 6853.1363 1e-05 0.959931088596881 6.13483232076007 0 5.56760031386191
16 36 22 6853.1363 1e-05 0.959931088596881 6.13483232076007 0 5.6932640200055
16 36 23 6853.1363 1e-05 0.959931088596881 6.13483232076007 0 5.8189277261491
16 36 24 6853.1363 1e-05 0.959931088596881 6.13483232076007 0 5.94459143229269
16 36 25 6853.1363 1e-05 0.959931088596881 6.13483232076007 0 6.07025513843628
16 36 26 6853.1363 1e-05 0.959931088596881 6.13483232076007 0 6.19591884457987
16 36 27 6853.1363 1e-05 0.959931088596881 6.13483232076007 0 6.32158255072346
16 36 28 6853.1363 1e-05 0.959931088596881 6.13483232076007 0 6.44724625686705
16 36 29 6853.1363 1e-05 0.959931088596881 6.13483232076007 0 6.57290996301065
16 36 30 6853.1363 1e-05 0.959931088596881 6.13483232076007 0 6.69857366915424
16 36 31 6853.1363 1e-05 0.959931088596881 6.13483232076007 0 6.82423737529783
16 36 32 6853.1363 1e-05 0.959931088596881 6.13483232076007 0 6.94990108144142
16 36 33 6853.1363 1e-05 0.959931088596881 6.13483232076007 0 7.07556478758501
16 36 34 6853.1363 1e-05 0.959931088596881 6.13483232076007 0 7.2012284937286
16 36 35 6853.1363 1e-05 0.959931088596881 6.13483232076007 0 7.3268921998722
16 36 36 6853.1363 1e-05 0.959931088596881 6.13483232076007 0 7.45255590601579
16 36 37 6853.1363 1e-05 0.959931088596881 6.13483232076007 0 7.57821961215938
16 36 38 6853.1363 1e-05 0.959931088596881 6.13483232076007 0 7.70388331830297
16 36 39 6853.1363 1e-05 0.959931088596881 6.13483232076007 0 7.82954702444656
16 36 40 6853.1363 1e-05 0.959931088596881 6.13483232076007 0 7.95521073059015
16 36 41 6853.1363 1e-05 0.959931088596881 6.13483232076007 0 8.08087443673375
16 36 42 6853.1363 1e-05 0.959931088596881 6.13483232076007 0 8.20653814287734
16 36 43 6853.1363 1e-05 0.959931088596881 6.13483232076007 0 8.33220184902093
16 36 44 6853.1363 1e-05 0.959931088596881 6.13483232076007 0 8.45786555516452
16 36 45 6853.1363 1e-05 0.959931088596881 6.13483232076007 0 8.58352926130811
16 36 46 6853.1363 1e-05 0.959931088596881 6.13483232076007 0 8.70919296745171
16 36 47 6853.1363 1e-05 0.959931088596881 6.13483232076007 0 8.8348566735953
16 36 48 6853.1363 1e-05 0.959931088596881 6.13483232076007 0 8.96052037973889
16 36 49 6853.1363 1e-05 0.959931088596881 6.13483232076007 0 9.08618408588248
16 36 50 6853.1363 1e-05 0.959931088596881 6.13483232076007 0 9.21184779202607
19 56 1 7078.1363 1e-05 0.959931088596881 6.17534889268136 0 3.08549278477569
19 56 2 7078.1363 1e-05 0.959931088596881 6.17534889268136 0 3.28184232562505
19 56 3 7078.1363 1e-05 0.959931088596881 6.17534889268136 0 3.47819186647441
19 56 4 7078.1363 1e-05 0.959931088596881 6.17534889268136 0 3.67454140732378
19 56 5 7078.1363 1e-05 0.959931088596881 6.17534889268136 0 3.87089094817314
19 56 6 7078.1363 1e-05 0.959931088596881 6.17534889268136 0 4.0672404890225
19 56 7 7078.1363 1e-05 0.959931088596881 6.17534889268136 0 4.26359002987186
19 56 8 7078.1363 1e-05 0.959931088596881 6.17534889268136 0 4.45993957072122
19 56 9 7078.1363 1e-05 0.959931088596881 6.17534889268136 0 4.65628911157059
19 56 10 7078.1363 1e-05 0.959931088596881 6.17534889268136 0 4.85263865241995
19 56 11 7078.1363 1e-05 0.959931088596881 6.17534889268136 0 5.04898819326931
19 56 12 7078.1363 1e-05 0.959931088596881 6.17534889268136 0 5.24533773411867
19 56 13 7078.1363 1e-05 0.959931088596881 6.17534889268136 0 5.44168727496803
19 56 14 7078.1363 1e-05 0.959931088596881 6.17534889268136 0 5.6380368158174
19 56 15 7078.1363 1e-05 0.959931088596881 6.17534889268136 0 5.83438635666676
19 56 16 7078.1363 1e-05 0.959931088596881 6.17534889268136 0 6.03073589751612
19 56 17 7078.1363 1e-05 0.959931088596881 6.17534889268136 0 6.22708543836548
19 56 18 7078.1363 1e-05 0.959931088596881 6.17534889268136 0 6.42343497921484
19 56 19 7078.1363 1e-05 0.959931088596881 6.17534889268136 0 6.61978452006421
19 56 20 7078.1363 1e-05 0.959931088596881 6.17534889268136 0 6.81613406091357
19 56 21 7078.1363 1e-05 0.959931088596881 6.17534889268136 0 7.01248360176293
19 56 22 7078.1363 1e-05 0.959931088596881 6.17534889268136 0 7.20883314261229
19 56 23 7078.1363 1e-05 0.959931088596881 6.17534889268136 0 7.40518268346166
19 56 24 7078.1363 1e-05 0.959931088596881 6.17534889268136 0 7.60153222431102
19 56 25 7078.1363 1e-05 0.959931088596881 6.17534889268136 0 7.79788176516038
19 56 26 7078.1363 1e-05 0.959931088596881 6.17534889268136 0 7.99423130600974
19 56 27 7078.1363 1e-05 0.959931088596881 6.17534889268136 0 8.1905808468591
19 56 28 7078.1363 1e-05 0.959931088596881 6.17534889268136 0 8.38693038770847
19 56 29 7078.1363 1e-05 0.959931088596881 6.17534889268136 0 8.58327992855783
19 56 30 7078.1363 1e-05 0.959931088596881 6.17534889268136 0 8.77962946940719
19 56 31 7078.1363 1e-05 0.959931088596881 6.17534889268136 0 8.97597901025655
19 56 32 7078.1363 1e-05 0.959931088596881 6.17534889268136 0 9.17232855110591
